station,dE,dN,predE,predN,baseE,baseN
N1C,-2.457237,-3.507657,2.487780559543691,-1.7711900977256512,0.8449838579990215,-0.2598084037426614
N1C,-2.10036,-3.762242,2.468627883865427,-1.731552722357835,0.8449838579990215,-0.2598084037426614
N1C,-3.03103,3.757771,2.500454771081618,-1.7660353144506866,0.8449838579990215,-0.2598084037426614
N1C,-1.175116,-2.910447,2.355590911621327,-1.401733421532886,0.8449838579990215,-0.2598084037426614
N1C,-3.716647,-0.087831,2.4458576233731706,-1.74709548080228,0.8449838579990215,-0.2598084037426614
N1C,-0.784798,0.851397,2.4386979591970346,-1.7261159047189467,0.8449838579990215,-0.2598084037426614
N1C,-4.800767,4.14807,2.463259679529501,-1.7261159047189467,0.8449838579990215,-0.2598084037426614
N1C,-6.920434,6.723585,3.152899872993456,-1.7401834188944785,0.8449838579990215,-0.2598084037426614
N1C,-3.619354,3.15481,2.465664989532955,-1.4064734517412691,0.8449838579990215,-0.2598084037426614
N1C,-11.533426,8.502495,2.5022462309218283,-1.7660353144506866,0.8449838579990215,-0.2598084037426614
N1C,-5.491234,-0.925078,2.467075316420085,-1.4070866096301582,0.8449838579990215,-0.2598084037426614
N1C,-1.935765,0.86068,3.3373204178968936,-1.4157173061668011,0.8449838579990215,-0.2598084037426614
N1C,-4.00176,1.24541,2.437248997921062,-1.7676951053620151,0.8449838579990215,-0.2598084037426614
N1C,-6.167477,1.769722,2.3929353093719716,-1.7840910497537168,0.8449838579990215,-0.2598084037426614
N1C,-4.448441,0.768382,2.7238644603128512,-3.3887984205714203,0.8449838579990215,-0.2598084037426614
N1C,-1.812911,0.083554,2.367814144167434,-1.802177697454866,0.8449838579990215,-0.2598084037426614
N1C,-3.643053,-0.594283,2.6041939738746125,-1.7490262121700964,0.8449838579990215,-0.2598084037426614
N1C,-7.646689,-9.353272,2.604092158176598,-2.306937946946082,0.8449838579990215,-0.2598084037426614
N1C,-4.86019,6.807987,2.689048418737804,-3.523915109876225,0.8449838579990215,-0.2598084037426614
N1C,-6.094325,-5.880386,2.797793347555238,-3.4097577963501093,0.8449838579990215,-0.2598084037426614
N1C,-8.037985,2.947058,2.684155683822645,-3.5535476566069937,0.8449838579990215,-0.2598084037426614
N1C,-9.075849,-5.890362,2.7679161038811206,-3.3835052323932717,0.8449838579990215,-0.2598084037426614
N1C,-10.332655,-2.9953,2.84634170774863,-3.595588710642096,0.8449838579990215,-0.2598084037426614
N1C,-9.864678,0.427293,3.493098850267559,-3.3975727465688035,0.8449838579990215,-0.2598084037426614
N1C,-6.044712,1.561863,2.678743559431231,-3.328416487407198,0.8449838579990215,-0.2598084037426614
N1C,-6.480517,2.133448,2.7246019406943325,-3.4597532023808086,0.8449838579990215,-0.2598084037426614
N1C,-11.969434,6.406372,2.838556520268149,-3.523915109876225,0.8449838579990215,-0.2598084037426614
N1C,-3.84918,0.042447,2.798889399480822,-3.574629334863407,0.8449838579990215,-0.2598084037426614
N1C,-1.667045,-10.562084,2.8808564138521695,-3.523915109876225,0.8449838579990215,-0.2598084037426614
N1C,-0.74243,-5.725418,2.674705674041678,-3.574629334863407,0.8449838579990215,-0.2598084037426614
N1C,-2.913296,-12.523086,2.5077351352306727,-1.7949549318185025,0.8449838579990215,-0.2598084037426614
N1C,-3.218694,-14.593109,2.4004817708431023,-1.8171188173740578,0.8449838579990215,-0.2598084037426614
N1C,-8.408604,-3.606401,2.7253980768642094,-3.5390814338976178,0.8449838579990215,-0.2598084037426614
N1C,-5.252561,-7.836693,2.758506668875857,-3.435081358071844,0.8449838579990215,-0.2598084037426614
N1C,-7.536233,-15.487458,2.580898855724495,-2.3709648890602164,0.8449838579990215,-0.2598084037426614
N1C,-6.40194,-5.896475,2.555590831274446,-3.3844821020258857,0.8449838579990215,-0.2598084037426614
N1C,-3.481482,-6.776007,2.484619582223822,-1.781578072895131,0.8449838579990215,-0.2598084037426614
N1C,-6.714554,-10.187328,2.468627883865427,-1.731552722357835,0.8449838579990215,-0.2598084037426614
N1C,-7.768371,-11.980623,2.7323405144999184,-3.4400406585954557,0.8449838579990215,-0.2598084037426614
N1C,-8.309959,-4.906772,3.1734281778947424,-1.7401834188944785,0.8449838579990215,-0.2598084037426614
N1C,-7.736013,-9.124981,2.470419343705637,-1.731552722357835,0.8449838579990215,-0.2598084037426614
N1C,-4.297085,-6.640585,2.543305539499338,-3.4307376107568794,0.8449838579990215,-0.2598084037426614
N1C,-6.703862,-6.002182,2.4467458240134135,-1.4226293680746025,0.8449838579990215,-0.2598084037426614
N1C,-7.096006,-6.180921,2.449367385766962,-1.74709548080228,0.8449838579990215,-0.2598084037426614
N1C,-6.04731,-5.905369,2.6754356284013956,-2.3511285476639774,0.8449838579990215,-0.2598084037426614
N1C,-6.724544,-0.944626,3.2056988235391892,-1.4157173061668011,0.8449838579990215,-0.2598084037426614
N1C,-11.521777,0.811218,2.5112828398038953,-1.4208577374079359,0.8449838579990215,-0.2598084037426614
N1C,-6.853656,-4.464517,3.170062931517792,-1.7401834188944785,0.8449838579990215,-0.2598084037426614
N1C,-6.406412,0.399147,2.543305539499338,-3.4307376107568794,0.8449838579990215,-0.2598084037426614
N1C,-8.197629,-1.017586,3.311921921081514,-1.7401834188944785,0.8449838579990215,-0.2598084037426614
N1C,-9.537821,-1.499894,3.274221540768665,-1.7746660109873298,0.8449838579990215,-0.2598084037426614
N1C,-14.284594,0.387036,2.761790937394986,-3.362545856614583,0.8449838579990215,-0.2598084037426614
N1C,-6.535467,-1.502257,2.6517556605612747,-3.3999798246317274,0.8449838579990215,-0.2598084037426614
N1C,-7.504107,2.682463,2.495086566745692,-1.7605984968117976,0.8449838579990215,-0.2598084037426614
N1C,-8.757882,2.396184,2.596932494000462,-2.301501129307193,0.8449838579990215,-0.2598084037426614
N1C,-5.052702,-2.780447,2.5801255278490887,-2.3575864356203247,0.8449838579990215,-0.2598084037426614
N1C,-6.938848,-2.450538,3.5231935104817853,-3.376613370790115,0.8449838579990215,-0.2598084037426614
N1C,-6.595704,4.283066,2.3439822177470764,-1.802177697454866,0.8449838579990215,-0.2598084037426614
N1C,-4.085331,1.004572,3.175113880542319,-1.7746660109873298,0.8449838579990215,-0.2598084037426614
N1C,-5.512183,1.844283,2.4705152768145653,-1.8171188173740578,0.8449838579990215,-0.2598084037426614
N1C,-5.699397,-1.370948,2.5508520009704685,-3.4221437101872825,0.8449838579990215,-0.2598084037426614
N1C,-5.356997,2.114557,2.4681891565933345,-1.7990321696729081,0.8449838579990215,-0.2598084037426614
N1C,-3.665528,1.862629,2.6358609531526658,-2.2806853829892444,0.8449838579990215,-0.2598084037426614
N1C,-6.857204,3.940671,2.7457785601102787,-3.362545856614583,0.8449838579990215,-0.2598084037426614
N1C,-4.017847,-4.747675,2.5824180116930653,-2.3064142919773394,0.8449838579990215,-0.2598084037426614
N1C,-2.247277,3.534855,2.724199744644144,-3.4087048563487095,0.8449838579990215,-0.2598084037426614
N1C,-5.481891,3.807082,2.7524470022427607,-3.553590688702236,0.8449838579990215,-0.2598084037426614
N1C,-3.670591,-0.034625,2.494112408838345,-3.4566341947261927,0.8449838579990215,-0.2598084037426614
N1C,-3.277698,3.392214,2.775261624557638,-3.553590688702236,0.8449838579990215,-0.2598084037426614
N1C,-6.403194,11.873502,2.6179367358183896,-3.5226074811875825,0.8449838579990215,-0.2598084037426614
N1C,-3.872347,6.86374,2.5848432056554045,-2.3064142919773394,0.8449838579990215,-0.2598084037426614
N1C,-5.771271,12.105653,2.5426201368702848,-3.435548921745161,0.8449838579990215,-0.2598084037426614
N1C,-0.913046,-0.179416,2.7522217053621807,-3.4141219822931546,0.8449838579990215,-0.2598084037426614
N1C,-3.76522,1.812457,2.59768269037316,-2.3064142919773394,0.8449838579990215,-0.2598084037426614
N1C,-2.498798,-6.050243,2.887409101156378,-3.376613370790115,0.8449838579990215,-0.2598084037426614
N1C,-4.216301,-6.73445,2.4929512111640193,-2.443116981760524,0.8449838579990215,-0.2598084037426614
N1C,-4.477838,3.102903,3.401602918740961,-2.294752897164776,0.8449838579990215,-0.2598084037426614
N1C,-5.04452,-4.633802,3.192701565667721,-1.4157173061668011,0.8449838579990215,-0.2598084037426614
N1C,-5.817521,1.392747,3.2056988235391892,-1.4157173061668011,0.8449838579990215,-0.2598084037426614
N1C,-5.718609,2.380571,2.5086576495189,-1.781578072895131,0.8449838579990215,-0.2598084037426614
N1C,-2.469313,-0.962037,2.3832402831293558,-1.3454853968989982,0.8449838579990215,-0.2598084037426614
N1C,-6.449926,4.196688,2.2282466169694004,-1.283701072266242,0.8449838579990215,-0.2598084037426614
N1C,-2.065662,2.274439,2.467075316420085,-1.4070866096301582,0.8449838579990215,-0.2598084037426614
N1C,-3.77499,3.732874,2.2860260122424876,-1.3703608014975304,0.8449838579990215,-0.2598084037426614
N1C,-3.867041,3.246952,2.390190235743728,-1.2939903962828179,0.8449838579990215,-0.2598084037426614
N1C,-3.080739,-1.117212,2.7386255420002703,-1.2484646493096108,0.8449838579990215,-0.2598084037426614
N1C,-5.702994,-0.578242,2.80216891585618,-1.292211297393929,0.8449838579990215,-0.2598084037426614
N1C,-3.78131,-0.184632,2.784966466582985,-1.287455795594987,0.8449838579990215,-0.2598084037426614
N1C,-4.621243,-3.809428,2.903397932007465,-1.3289446249360353,0.8449838579990215,-0.2598084037426614
N1C,-8.833659,0.770818,3.0038155527607775,-1.3670675378935642,0.8449838579990215,-0.2598084037426614
N1C,-5.455362,-6.284868,3.2380212227852496,-1.4060885961116396,0.8449838579990215,-0.2598084037426614
N1C,-7.530854,-3.689527,2.8833941387234567,-1.3385733349911968,0.8449838579990215,-0.2598084037426614
N1C,-5.419674,-6.510126,2.9161082748398903,-1.3670675378935642,0.8449838579990215,-0.2598084037426614
N1C,-6.203188,-3.809259,2.889050925406285,-1.3385733349911968,0.8449838579990215,-0.2598084037426614
N1C,-5.165399,-2.394566,3.3772310716436724,-1.730554708839317,0.8449838579990215,-0.2598084037426614
N1C,-6.987753,-0.460936,3.3861397488718605,-1.7746660109873298,0.8449838579990215,-0.2598084037426614
N1C,-4.102348,-3.102082,2.387412773617565,-1.2939903962828179,0.8449838579990215,-0.2598084037426614
N1C,-2.275802,-1.631539,2.361480380964707,-1.308752069356892,0.8449838579990215,-0.2598084037426614
N1C,-1.786991,-2.217284,2.7720186582176223,-1.3385733349911968,0.8449838579990215,-0.2598084037426614
N1C,-4.608926,-5.875095,2.3868596153626975,-1.308752069356892,0.8449838579990215,-0.2598084037426614
N1C,1.564567,-3.846732,2.46032419964404,-1.4226293680746025,0.8449838579990215,-0.2598084037426614
N1C,-3.095212,-1.37312,2.788206712184394,-1.3018400074490903,0.8449838579990215,-0.2598084037426614
N1C,-6.145147,-3.734407,2.779797913504889,-1.3385733349911968,0.8449838579990215,-0.2598084037426614
N1C,-3.600803,-0.41808,2.466677365081082,-1.4016497919912694,0.8449838579990215,-0.2598084037426614
N1C,-3.230022,-0.807395,2.59768269037316,-2.3064142919773394,0.8449838579990215,-0.2598084037426614
N1C,-2.137966,-1.382609,2.4800961210388612,-1.3530000237180322,0.8449838579990215,-0.2598084037426614
N1C,-2.369022,1.287015,2.629660604702363,-3.302713408787662,0.8449838579990215,-0.2598084037426614
N1C,-3.066086,-3.997837,2.501603520130747,-1.4016497919912694,0.8449838579990215,-0.2598084037426614
N1C,-3.955881,-3.556845,3.2231174958547237,-1.4157173061668011,0.8449838579990215,-0.2598084037426614
N1C,-7.722173,-6.882201,2.6564393955830843,-2.3692151953651264,0.8449838579990215,-0.2598084037426614
N1C,-6.607802,-0.973552,2.46083977138575,-1.4226293680746025,0.8449838579990215,-0.2598084037426614
N1C,-8.142841,7.562894,3.226944620648342,-1.4157173061668011,0.8449838579990215,-0.2598084037426614
N1C,-9.484268,8.866576,3.35454808942588,-1.7401834188944785,0.8449838579990215,-0.2598084037426614
N1C,-7.177132,1.994252,2.4395861598372774,-1.4016497919912694,0.8449838579990215,-0.2598084037426614
N1C,-7.260558,4.800632,3.0401846868595648,-1.4157173061668011,0.8449838579990215,-0.2598084037426614
N1C,-4.710927,-3.302066,2.4979882229489725,-1.7605984968117976,0.8449838579990215,-0.2598084037426614
N1C,-10.875475,1.868544,2.4395861598372774,-1.4016497919912694,0.8449838579990215,-0.2598084037426614
N1C,-4.570752,-3.868094,2.461882401414911,-1.4226293680746025,0.8449838579990215,-0.2598084037426614
N1C,-2.817502,2.205339,2.4660196382399127,-1.7309395644689467,0.8449838579990215,-0.2598084037426614
N1C,-3.483221,-3.762168,2.468807270731147,-1.7490262121700964,0.8449838579990215,-0.2598084037426614
N1C,-5.264609,-5.48083,3.1249558734924423,-1.4157173061668011,0.8449838579990215,-0.2598084037426614
N1C,-3.708434,-4.12894,2.463259679529501,-1.7261159047189467,0.8449838579990215,-0.2598084037426614
N1C,-6.36014,-4.871935,3.3248800367915083,-2.308131350604669,0.8449838579990215,-0.2598084037426614
N1C,-7.747564,-0.004972,2.658818503008042,-3.5600408096763076,0.8449838579990215,-0.2598084037426614
N1C,-7.634998,6.362164,2.500454771081618,-1.7660353144506866,0.8449838579990215,-0.2598084037426614
N1C,-9.168658,-1.632391,3.4176886223727463,-2.308131350604669,0.8449838579990215,-0.2598084037426614
N1C,-5.03165,9.675156,3.366154469506765,-1.7401834188944785,0.8449838579990215,-0.2598084037426614
N1C,-4.258496,0.70183,2.34813709137732,-1.7531034500245024,0.8449838579990215,-0.2598084037426614
N1C,-8.582839,6.728303,2.395082042727483,-1.8023883852840192,0.8449838579990215,-0.2598084037426614
N1C,-6.076023,0.056764,2.3868353139127585,-1.3703608014975304,0.8449838579990215,-0.2598084037426614
N1C,-3.690758,1.797084,2.397667758144477,-1.3764637075689587,0.8449838579990215,-0.2598084037426614
N1C,-5.297244,-0.634675,2.330099782636217,-1.3223242252201135,0.8449838579990215,-0.2598084037426614
N1C,-4.41353,-2.515221,2.461420889144908,-1.4226293680746025,0.8449838579990215,-0.2598084037426614
N1C,-5.090127,-3.537347,2.679388882970638,-1.4157173061668011,0.8449838579990215,-0.2598084037426614
N1C,-5.794292,-3.81006,2.6213397428519016,-2.294063836429137,0.8449838579990215,-0.2598084037426614
N1C,-10.553234,1.191762,2.46083977138575,-1.4226293680746025,0.8449838579990215,-0.2598084037426614
N1C,-2.912368,-2.421527,2.470335889948846,-1.8023883852840192,0.8449838579990215,-0.2598084037426614
N1C,-7.082196,-3.748386,3.5353445735251383,-3.376613370790115,0.8449838579990215,-0.2598084037426614
N1C,-7.908645,-4.851333,3.1932403771243774,-1.4157173061668011,0.8449838579990215,-0.2598084037426614
N1C,-5.015188,-0.594817,2.4458576233731706,-1.74709548080228,0.8449838579990215,-0.2598084037426614
N1C,-7.006721,-0.225462,2.3831154867500577,-1.324505820815665,0.8449838579990215,-0.2598084037426614
N1C,-7.730578,2.293439,2.7952426212945536,-1.3018400074490903,0.8449838579990215,-0.2598084037426614
N1C,-8.84138,-4.21816,2.4717823727439168,-1.7453238501356134,0.8449838579990215,-0.2598084037426614
N1C,-5.12285,-2.117922,2.3270633903650797,-1.2551544436925737,0.8449838579990215,-0.2598084037426614
N1C,-6.688559,0.928555,2.7523943891632863,-1.3018400074490903,0.8449838579990215,-0.2598084037426614
N1C,-8.660582,-0.35517,2.8085461575833603,-1.3385733349911968,0.8449838579990215,-0.2598084037426614
N1C,-2.790682,-1.792174,3.1802431192529097,-1.4157173061668011,0.8449838579990215,-0.2598084037426614
N1C,-9.756116,0.253723,2.4313186433684946,-1.3561716162197526,0.8449838579990215,-0.2598084037426614
N1C,-4.860423,0.334039,2.670481384473571,-2.320316400385974,0.8449838579990215,-0.2598084037426614
N1C,-10.986878,0.088924,2.628222786343011,-3.3333099583829005,0.8449838579990215,-0.2598084037426614
N1C,-8.338554,0.296338,2.4599114375912747,-1.4064734517412691,0.8449838579990215,-0.2598084037426614
N1C,-6.253834,1.194182,2.6282394479606483,-3.281733832704329,0.8449838579990215,-0.2598084037426614
N1C,-5.903427,-0.031131,2.7042565230711526,-3.362545856614583,0.8449838579990215,-0.2598084037426614
N1C,-5.891082,-0.288555,2.778150850433833,-3.4301878870961406,0.8449838579990215,-0.2598084037426614
N1C,-3.528561,3.618479,2.7623045158130553,-3.446307921717149,0.8449838579990215,-0.2598084037426614
N1C,-2.693897,-1.317682,2.7323405144999184,-3.4400406585954557,0.8449838579990215,-0.2598084037426614
N1C,-3.278206,0.624066,2.6944081101168895,-1.3018400074490903,0.8449838579990215,-0.2598084037426614
N1C,-2.216772,0.173367,2.766737223196762,-1.251903911675767,0.8449838579990215,-0.2598084037426614
N1C,-2.442286,1.704153,2.7367314348378926,-1.2484646493096108,0.8449838579990215,-0.2598084037426614
N1C,-4.258821,-5.202851,3.2335856155693032,-1.4157173061668011,0.8449838579990215,-0.2598084037426614
N1C,-1.42463,-1.233197,2.7891606345353286,-1.3018400074490903,0.8449838579990215,-0.2598084037426614
N1C,-2.961659,-3.959095,3.220588357697835,-1.4157173061668011,0.8449838579990215,-0.2598084037426614
N1C,-3.09587,-3.192489,3.008166749548983,-1.3670675378935642,0.8449838579990215,-0.2598084037426614
N1C,-5.6735,-9.476026,3.1734281778947424,-1.7401834188944785,0.8449838579990215,-0.2598084037426614
N1C,-5.632004,-4.55593,2.464147880169744,-1.4016497919912694,0.8449838579990215,-0.2598084037426614
N1C,-4.89476,-1.985715,2.447612062452484,-1.7518448137070417,0.8449838579990215,-0.2598084037426614
N1C,-1.700933,-1.742185,2.7136521036240064,-3.4225487259605347,0.8449838579990215,-0.2598084037426614
N1C,-4.568628,0.641235,2.6663916250991693,-1.4157173061668011,0.8449838579990215,-0.2598084037426614
N1C,-0.80979,-4.728191,2.4955436366267745,-1.7798064422284643,0.8449838579990215,-0.2598084037426614
N1C,-8.616487,-9.756069,2.712730945020496,-3.3835052323932717,0.8449838579990215,-0.2598084037426614
N1C,-10.158684,-1.821967,2.7139553164107606,-3.302549579022278,0.8449838579990215,-0.2598084037426614
N1C,-3.578117,-8.199279,2.6065006497728316,-1.4157173061668011,0.8449838579990215,-0.2598084037426614
N1C,-3.976802,5.016755,3.1734281778947424,-1.7401834188944785,0.8449838579990215,-0.2598084037426614
N1C,-3.933768,-1.73869,2.742898751485204,-3.362545856614583,0.8449838579990215,-0.2598084037426614
N1C,-5.259428,-2.3446,2.664030301964298,-1.7401834188944785,0.8449838579990215,-0.2598084037426614
N1C,-3.897629,-6.808282,2.4502555864072044,-1.4226293680746025,0.8449838579990215,-0.2598084037426614
N1C,-4.67725,1.194316,3.3699473564859117,-2.294752897164776,0.8449838579990215,-0.2598084037426614
N1C,-1.656316,-2.570697,2.6640416793398782,-2.320316400385974,0.8449838579990215,-0.2598084037426614
N1C,-4.266759,-10.861537,2.475071953642202,-2.410335097420632,0.8449838579990215,-0.2598084037426614
N1C,-0.251674,-8.655294,2.25164622655302,-1.3473234357588442,0.8449838579990215,-0.2598084037426614
N1C,-5.248608,-4.912472,2.5648999840824134,-2.2806853829892444,0.8449838579990215,-0.2598084037426614
N1C,-5.970273,-4.257749,2.4724798566937354,-2.4284217451217813,0.8449838579990215,-0.2598084037426614
N1C,-7.151206,-2.304585,2.24385710754409,-1.3479695046665916,0.8449838579990215,-0.2598084037426614
N1C,-4.990974,-4.067568,2.2049985736973134,-1.3112361771244851,0.8449838579990215,-0.2598084037426614
N1C,-8.167809,-4.010689,2.488129344617613,-1.781578072895131,0.8449838579990215,-0.2598084037426614
N1C,-4.385063,-2.963311,2.819181185855095,-1.3385733349911968,0.8449838579990215,-0.2598084037426614
N1C,-7.847881,-2.064269,2.6505944628869496,-2.3835106132060355,0.8449838579990215,-0.2598084037426614
N1C,-10.184981,-7.044296,2.513429573159406,-1.4016497919912694,0.8449838579990215,-0.2598084037426614
N1C,-9.373935,-6.308823,2.4458576233731706,-1.74709548080228,0.8449838579990215,-0.2598084037426614
N1C,-5.415991,-3.876102,2.9038006735270185,-1.3385733349911968,0.8449838579990215,-0.2598084037426614
N1C,-5.130611,-0.923149,2.7775244699444315,-1.287455795594987,0.8449838579990215,-0.2598084037426614
N1C,-2.915244,-4.18496,2.7593466633246373,-1.287455795594987,0.8449838579990215,-0.2598084037426614
N1C,-1.140806,-0.400937,2.7187552373157975,-1.2484646493096108,0.8449838579990215,-0.2598084037426614
N1C,-6.286396,-6.327165,2.8894357283356786,-1.3385733349911968,0.8449838579990215,-0.2598084037426614
N1C,-4.784606,-8.220342,2.4625942104650633,-1.4273787009793644,0.8449838579990215,-0.2598084037426614
N1C,-6.029487,-0.928124,2.2780856400491176,-1.2884411024746252,0.8449838579990215,-0.2598084037426614
N1C,-6.416118,-2.055945,2.48695535013785,-1.3385733349911968,0.8449838579990215,-0.2598084037426614
N1C,-8.33595,1.769575,2.7698440711106693,-1.3018400074490903,0.8449838579990215,-0.2598084037426614
N1C,-8.45143,-0.177245,3.0138235362318113,-1.3670675378935642,0.8449838579990215,-0.2598084037426614
N1C,-2.766861,-0.800103,2.3414634982326494,-1.2584385123635977,0.8449838579990215,-0.2598084037426614
N1C,0.972143,1.566859,2.409856048033778,-1.3437137662323315,0.8449838579990215,-0.2598084037426614
N1C,-7.921452,2.248424,2.6741425098497644,-1.2584385123635977,0.8449838579990215,-0.2598084037426614
N1C,-4.260897,5.892296,2.7535504180969896,-1.251903911675767,0.8449838579990215,-0.2598084037426614
N1C,-3.476543,3.872263,2.345115102167544,-1.2551544436925737,0.8449838579990215,-0.2598084037426614
N1C,-1.006655,-0.788032,2.344973260626441,-1.2551544436925737,0.8449838579990215,-0.2598084037426614
N1C,-1.382231,-2.005773,2.27637817586132,-1.2528892185554055,0.8449838579990215,-0.2598084037426614
N1C,-4.342842,-4.595351,2.208831765116108,-1.2884411024746252,0.8449838579990215,-0.2598084037426614
N1C,-2.755176,3.117099,2.7233659895960964,-1.2939903962828179,0.8449838579990215,-0.2598084037426614
N1C,-5.068736,0.836948,3.170062931517792,-1.7401834188944785,0.8449838579990215,-0.2598084037426614
N1C,-2.294021,1.852036,2.3779006676045498,-1.3270642554284964,0.8449838579990215,-0.2598084037426614
N1C,-2.849565,3.446135,2.3835931500546894,-1.308752069356892,0.8449838579990215,-0.2598084037426614
N1C,-6.558888,10.833079,2.552861633350142,-3.369769261779365,0.8449838579990215,-0.2598084037426614
N1C,-4.781381,5.252012,2.418779009091088,-1.3299426384545538,0.8449838579990215,-0.2598084037426614
N1C,-6.240832,2.756127,2.321265958211312,-1.421275794907936,0.8449838579990215,-0.2598084037426614
N1C,-2.52382,4.543913,2.4632528442786734,-1.4226293680746025,0.8449838579990215,-0.2598084037426614
N1C,-4.163505,-3.422321,3.0138235362318113,-1.3670675378935642,0.8449838579990215,-0.2598084037426614
N1C,-4.844693,2.610198,2.483610031878006,-1.4070866096301582,0.8449838579990215,-0.2598084037426614
N1C,-4.859609,-4.789366,3.334135928630377,-1.7746660109873298,0.8449838579990215,-0.2598084037426614
N1C,-11.286577,-2.070717,2.8421875503597667,-3.4043209787112207,0.8449838579990215,-0.2598084037426614
N1C,-4.679131,-8.829055,3.4384938219264907,-3.376613370790115,0.8449838579990215,-0.2598084037426614
N1C,-3.844802,-5.683908,3.5192268025719704,-3.376613370790115,0.8449838579990215,-0.2598084037426614
N1C,-3.06222,-6.498345,3.3384586782631995,-1.4157173061668011,0.8449838579990215,-0.2598084037426614
N1C,-2.397728,-0.742846,3.4290327631237636,-3.295801346879861,0.8449838579990215,-0.2598084037426614
N1C,-2.507728,-1.450993,3.2891959241647015,-1.4157173061668011,0.8449838579990215,-0.2598084037426614
N1C,-1.800026,-3.589473,2.7895858346117253,-1.3018400074490903,0.8449838579990215,-0.2598084037426614
N1C,-2.919679,-4.073089,2.408451611996722,-1.2877724932735586,0.8449838579990215,-0.2598084037426614
N1C,-1.748367,-1.05862,2.430934384779001,-1.324505820815665,0.8449838579990215,-0.2598084037426614
N1C,-1.836193,-0.328123,2.793796409462628,-1.3385733349911968,0.8449838579990215,-0.2598084037426614
N1C,-1.586859,-4.862835,2.5026996580246936,-1.3385733349911968,0.8449838579990215,-0.2598084037426614
N1C,-2.811779,1.925965,2.42330007982702,-1.3764637075689587,0.8449838579990215,-0.2598084037426614
N1C,-3.0455,-2.492131,2.5117420791928686,-1.4016497919912694,0.8449838579990215,-0.2598084037426614
N1C,-2.683919,-0.570392,2.401718493446248,-1.324505820815665,0.8449838579990215,-0.2598084037426614
N1C,-3.423415,3.099081,2.4321198344994728,-1.7679057931911688,0.8449838579990215,-0.2598084037426614
N1C,-4.218373,0.3647,2.4583449438284575,-1.4273787009793644,0.8449838579990215,-0.2598084037426614
N1C,-4.728698,-0.666829,2.3185014265230337,-1.3112361771244851,0.8449838579990215,-0.2598084037426614
N1C,-4.403612,-1.38842,2.3076926609052917,-1.4029784593776329,0.8449838579990215,-0.2598084037426614
N1C,-4.424796,-3.095008,2.4638186662717354,-1.4016497919912694,0.8449838579990215,-0.2598084037426614
N1C,-5.763761,-1.367308,2.3603297419253044,-1.421275794907936,0.8449838579990215,-0.2598084037426614
N1C,-5.433758,-5.236861,2.5316571900288407,-2.3575864356203247,0.8449838579990215,-0.2598084037426614
N1C,-7.571331,-7.069324,2.6815019572666734,-3.553943283434328,0.8449838579990215,-0.2598084037426614
N1C,-2.799132,-6.223011,2.3386947526893325,-1.7740086992625974,0.8449838579990215,-0.2598084037426614
N1C,-2.130834,-6.584505,2.534764458370513,-1.7496084576608661,0.8449838579990215,-0.2598084037426614
N1C,-0.825642,-6.245326,2.5175558819885993,-1.3982384291692498,0.8449838579990215,-0.2598084037426614
N1C,0.114701,-9.122495,2.3858776609750745,-1.7676951053620151,0.8449838579990215,-0.2598084037426614
N1C,-1.066704,-0.13724,2.337800673669233,-1.421275794907936,0.8449838579990215,-0.2598084037426614
N1C,0.208103,-5.18759,2.468166371595424,-1.731552722357835,0.8449838579990215,-0.2598084037426614
N1C,-1.084503,-1.308243,2.3242273763632126,-1.4029784593776329,0.8449838579990215,-0.2598084037426614
N1C,-4.795543,-8.889444,2.7998002703073173,-3.4301878870961406,0.8449838579990215,-0.2598084037426614
N1C,-6.824855,-8.997918,2.7745532215552737,-3.4400406585954557,0.8449838579990215,-0.2598084037426614
N1C,-3.467249,-7.000052,2.449367385766962,-1.74709548080228,0.8449838579990215,-0.2598084037426614
N1C,-3.244584,-4.490033,2.6616931146204124,-3.3079863966611667,0.8449838579990215,-0.2598084037426614
N1C,1.982608,2.212917,2.4681891565933345,-1.7990321696729081,0.8449838579990215,-0.2598084037426614
N1C,-2.297856,-1.831208,2.500470929840927,-1.3385733349911968,0.8449838579990215,-0.2598084037426614
N1C,0.133373,-3.464415,3.5432794386567275,-3.366984660734953,0.8449838579990215,-0.2598084037426614
N1C,-2.149921,-1.59401,3.4872200797929453,-3.376613370790115,0.8449838579990215,-0.2598084037426614
N1C,1.200232,-0.298933,2.8583304725168377,-1.3385733349911968,0.8449838579990215,-0.2598084037426614
N1C,-4.291186,-0.0665,3.006044280944545,-1.3670675378935642,0.8449838579990215,-0.2598084037426614
N1C,-4.75372,1.935333,2.983946417501465,-1.3670675378935642,0.8449838579990215,-0.2598084037426614
N1C,0.519195,-5.205184,3.0042003556901706,-1.3670675378935642,0.8449838579990215,-0.2598084037426614
N1C,0.547573,-3.086009,3.215338240567457,-1.4157173061668011,0.8449838579990215,-0.2598084037426614
N1C,-1.335486,-0.322955,3.2428595727175975,-1.7746660109873298,0.8449838579990215,-0.2598084037426614
N1C,-4.940424,-4.505745,2.629660604702363,-3.302713408787662,0.8449838579990215,-0.2598084037426614
N1C,-6.670946,5.236092,3.5076361397205655,-3.295801346879861,0.8449838579990215,-0.2598084037426614
N1C,-8.065816,-0.589722,3.4976834522186393,-2.294752897164776,0.8449838579990215,-0.2598084037426614
N1C,-5.292394,2.590869,3.4981648392338327,-2.294752897164776,0.8449838579990215,-0.2598084037426614
N1C,-5.245802,5.222466,2.653372252769951,-2.3148795827470856,0.8449838579990215,-0.2598084037426614
N1C,-4.690766,2.858219,3.4981648392338327,-2.294752897164776,0.8449838579990215,-0.2598084037426614
N1C,-4.594277,-0.763727,3.5181042594351446,-3.295801346879861,0.8449838579990215,-0.2598084037426614
N1C,-6.606186,0.767629,2.6392827809951163,-2.31504341251247,0.8449838579990215,-0.2598084037426614
N1C,-8.276727,-5.556047,3.018162559361958,-1.3574388278384026,0.8449838579990215,-0.2598084037426614
N1C,-6.73517,-9.50528,3.2258063602820366,-1.4157173061668011,0.8449838579990215,-0.2598084037426614
N1C,-4.500727,-1.773598,3.018162559361958,-1.3574388278384026,0.8449838579990215,-0.2598084037426614
N1C,-5.245522,-4.477329,3.366154469506765,-1.7401834188944785,0.8449838579990215,-0.2598084037426614
N1C,-3.651471,-7.212874,2.660269027784727,-2.3511285476639774,0.8449838579990215,-0.2598084037426614
N1C,-5.136186,0.405445,2.809935093367288,-3.4043209787112207,0.8449838579990215,-0.2598084037426614
N1C,-1.929982,0.201795,2.3285561942697357,-1.7740086992625974,0.8449838579990215,-0.2598084037426614
N1C,-3.686293,1.495457,2.4079402016832705,-1.3530000237180322,0.8449838579990215,-0.2598084037426614
N1C,-2.371601,5.618018,2.3490844991710222,-1.7740086992625974,0.8449838579990215,-0.2598084037426614
N1C,-5.15713,-0.821191,3.1878629301563386,-1.7746660109873298,0.8449838579990215,-0.2598084037426614
N1C,-6.134218,2.928689,2.380289483898848,-1.8084912913554478,0.8449838579990215,-0.2598084037426614
N1C,-6.826338,2.298111,2.4950494094848685,-2.4086532553395994,0.8449838579990215,-0.2598084037426614
N1C,-4.082216,3.247959,2.5404734035147736,-3.4372307638261934,0.8449838579990215,-0.2598084037426614
N1C,-4.970392,-0.563864,2.604187594387096,-3.516360945655414,0.8449838579990215,-0.2598084037426614
N1C,-8.956629,-1.68903,2.897722335614328,-3.376613370790115,0.8449838579990215,-0.2598084037426614
N1C,-7.817534,1.517017,2.881670593721957,-3.376613370790115,0.8449838579990215,-0.2598084037426614
N1C,-5.151855,-2.250226,2.7346666347211492,-3.4664964307010715,0.8449838579990215,-0.2598084037426614
N1C,-9.781142,2.855885,2.7552873938029667,-3.554022553816811,0.8449838579990215,-0.2598084037426614
N1C,-6.892707,1.029397,2.5592585859827945,-3.574629334863407,0.8449838579990215,-0.2598084037426614
N1C,-5.700803,-4.440419,2.733236340476493,-3.4225487259605347,0.8449838579990215,-0.2598084037426614
N1C,-6.893424,-0.410461,2.4679665123359573,-1.401733421532886,0.8449838579990215,-0.2598084037426614
N3O,-2.334609,-5.198824,-2.489080636836231,-1.8222246117104024,0.7321884809785931,-0.2589289378593273
N3O,-0.505557,-5.213074,-1.8612559145935712,-1.742953494339502,0.7321884809785931,-0.2589289378593273
N3O,-2.539078,-5.388166,-1.3139843517317618,-1.5175096728185757,0.7321884809785931,-0.2589289378593273
N3O,-1.665881,-2.702899,-1.7465029648838493,-1.657501606407341,0.7321884809785931,-0.2589289378593273
N3O,0.745801,-3.453341,-2.4462332620265377,-1.6388791179795037,0.7321884809785931,-0.2589289378593273
N3O,-2.174078,-4.359597,-2.513628378243942,-1.7342752184673556,0.7321884809785931,-0.2589289378593273
N3O,-0.596753,-2.450887,-2.590546728898284,-1.843240440330427,0.7321884809785931,-0.2589289378593273
N3O,-2.006727,-2.4492,-2.0852551743531427,-1.8856351227908932,0.7321884809785931,-0.2589289378593273
N3O,-2.45174,-1.94404,-2.0852551743531427,-1.8856351227908932,0.7321884809785931,-0.2589289378593273
N3O,-1.038899,-2.180291,-1.9877600032164313,-1.739338337052462,0.7321884809785931,-0.2589289378593273
N3O,-1.930489,-1.292664,-2.489080636836231,-1.7441130351127192,0.7321884809785931,-0.2589289378593273
N3O,-2.528736,-1.973167,-2.0852551743531427,-1.8856351227908932,0.7321884809785931,-0.2589289378593273
N3O,-0.890229,-2.501245,-2.489080636836231,-1.7594443158605695,0.7321884809785931,-0.2589289378593273
N3O,-0.819922,-1.924799,-2.166033502030403,-1.4429914227282312,0.7321884809785931,-0.2589289378593273
N3O,-3.529599,-3.110845,-1.8612559145935712,-1.6633382376908397,0.7321884809785931,-0.2589289378593273
N3O,-1.469622,-2.468445,-1.8612559145935712,-1.6480069569429898,0.7321884809785931,-0.2589289378593273
N3O,-2.285368,-2.522722,-1.3946248870003224,-1.3988602663588732,0.7321884809785931,-0.2589289378593273
N3O,-2.519963,-4.19491,-2.714926916796866,-0.7593574203825822,0.7321884809785931,-0.2589289378593273
N3O,-2.485861,-1.596085,-1.7465029648838493,-1.6728328871551907,0.7321884809785931,-0.2589289378593273
N3O,-2.589054,-4.369591,-2.7429573762378308,-0.932487809608334,0.7321884809785931,-0.2589289378593273
N3O,-1.879776,-3.248892,-2.6876834250495545,-1.011517133015419,0.7321884809785931,-0.2589289378593273
N3O,-2.854357,-2.401215,-2.9980939083252385,-0.873935203291548,0.7321884809785931,-0.2589289378593273
N3O,-2.998769,-0.674085,-2.9980939083252385,-0.8918134962774931,0.7321884809785931,-0.2589289378593273
N3O,-1.398381,-1.780431,-2.489080636836231,-1.8222246117104024,0.7321884809785931,-0.2589289378593273
N3O,-3.702268,0.113598,-1.8612559145935712,-1.6633382376908397,0.7321884809785931,-0.2589289378593273
N3O,-1.534779,-1.147635,-1.9877600032164313,-1.8312673950308545,0.7321884809785931,-0.2589289378593273
N3O,-2.865149,0.925684,-2.5478551925346697,-1.8444998254584062,0.7321884809785931,-0.2589289378593273
N3O,-1.276205,0.567843,-2.624539428731928,-1.9609256352448718,0.7321884809785931,-0.2589289378593273
N3O,-2.117451,-0.031931,-2.876913843721309,-0.7986823954960897,0.7321884809785931,-0.2589289378593273
N3O,-1.242542,-1.309286,-2.876913843721309,-0.7328178874241265,0.7321884809785931,-0.2589289378593273
N3O,-0.41574,-1.34493,-2.6933251399285987,-0.8928163655668421,0.7321884809785931,-0.2589289378593273
N3O,-2.370377,-1.457516,-2.9980939083252385,-0.8918134962774931,0.7321884809785931,-0.2589289378593273
N3O,-2.495592,-2.053177,-2.876913843721309,-0.7986823954960897,0.7321884809785931,-0.2589289378593273
N3O,-3.351756,0.88626,-2.6376625727834506,-0.8669359277008237,0.7321884809785931,-0.2589289378593273
N3O,-1.699562,2.12101,-2.881340713091159,-0.9781405617379285,0.7321884809785931,-0.2589289378593273
N3O,-3.993767,2.094619,-2.8876845296583356,-0.828589194073955,0.7321884809785931,-0.2589289378593273
N3O,-0.674958,2.632269,-2.639630400392012,-0.9052040218461097,0.7321884809785931,-0.2589289378593273
N3O,-1.254681,-0.00264,-2.647347027833205,-1.0805970708931583,0.7321884809785931,-0.2589289378593273
N3O,-4.763643,-1.712702,-1.4044009378203506,-1.4540449744569313,0.7321884809785931,-0.2589289378593273
N3O,-1.374291,0.071104,-2.26831999000425,-0.9184396478471717,0.7321884809785931,-0.2589289378593273
N3O,-1.908597,-2.331973,-2.47801276410867,-1.7529478059958068,0.7321884809785931,-0.2589289378593273
N3O,-2.037044,0.532781,-2.8890433825912543,-1.1146305111231458,0.7321884809785931,-0.2589289378593273
N3O,-2.147338,-0.845068,-2.683048346100496,-1.211228880419506,0.7321884809785931,-0.2589289378593273
N3O,-1.22421,-1.555888,-2.8890433825912543,-1.1146305111231458,0.7321884809785931,-0.2589289378593273
N3O,-2.599215,-1.031566,-2.327767761449865,-0.5660869877872815,0.7321884809785931,-0.2589289378593273
N3O,-1.26161,-0.12503,-2.876913843721309,-0.7149395944381816,0.7321884809785931,-0.2589289378593273
N3O,-1.811051,0.15164,-2.876913843721309,-0.7149395944381816,0.7321884809785931,-0.2589289378593273
N3O,-2.368832,1.611958,-2.876913843721309,-0.7149395944381816,0.7321884809785931,-0.2589289378593273
N3O,-3.47749,2.087716,-2.9980939083252385,-0.873935203291548,0.7321884809785931,-0.2589289378593273
N3O,-3.477577,2.84674,-2.4462332620265377,-1.6388791179795037,0.7321884809785931,-0.2589289378593273
N3O,-2.841714,0.198825,-2.762766226279086,-0.721353548792825,0.7321884809785931,-0.2589289378593273
N3O,-2.429107,-1.163978,-2.2956359227136054,-0.9244443208609469,0.7321884809785931,-0.2589289378593273
N3O,-1.349314,-0.343306,-2.246382219924305,-0.6887929232192622,0.7321884809785931,-0.2589289378593273
N3O,-2.169949,-1.814886,-2.3077019759656165,-0.5590078843846871,0.7321884809785931,-0.2589289378593273
N3O,-2.012436,0.587198,-2.3048511191363485,-0.6390564672258939,0.7321884809785931,-0.2589289378593273
N3O,-2.96391,-1.959693,-2.615089737461301,-0.8384825916484133,0.7321884809785931,-0.2589289378593273
N3O,-1.786053,-0.452526,-2.33037065430063,-0.40466679268123223,0.7321884809785931,-0.2589289378593273
N3O,-1.959658,-0.096674,-2.694726902315897,-0.615299680171086,0.7321884809785931,-0.2589289378593273
N3O,-2.938454,-1.034685,-2.779830710680215,-1.1262301315142071,0.7321884809785931,-0.2589289378593273
N3O,0.391076,-3.254667,-2.7543180703752577,-0.9115923246776773,0.7321884809785931,-0.2589289378593273
N3O,-1.366997,-3.032356,-3.069426278963338,-1.2569474380710701,0.7321884809785931,-0.2589289378593273
N3O,0.289001,0.836419,-2.779830710680215,-1.1934915592379691,0.7321884809785931,-0.2589289378593273
N3O,-2.673996,-1.116628,-2.2608287983908695,-1.3087066146602309,0.7321884809785931,-0.2589289378593273
N3O,-2.212843,0.754812,-2.6052318968212207,-0.8227324364543324,0.7321884809785931,-0.2589289378593273
N3O,-1.584193,-2.30569,-2.6052318968212207,-0.8227324364543324,0.7321884809785931,-0.2589289378593273
N3O,-2.852683,-0.470276,-2.9980939083252385,-0.8918134962774931,0.7321884809785931,-0.2589289378593273
N3O,-3.150613,-2.976031,-2.9980939083252385,-0.8918134962774931,0.7321884809785931,-0.2589289378593273
N3O,-1.49655,1.238877,-2.9980939083252385,-0.873935203291548,0.7321884809785931,-0.2589289378593273
N3O,-2.538835,-1.961433,-2.9980939083252385,-0.873935203291548,0.7321884809785931,-0.2589289378593273
N3O,-1.237961,-2.749448,-2.577169834081929,-0.8378462792714452,0.7321884809785931,-0.2589289378593273
N3O,-0.851892,-1.063512,-2.6017104970126392,-0.8888092731558317,0.7321884809785931,-0.2589289378593273
N3O,-0.930233,-0.355868,-2.6017104970126392,-0.8888092731558317,0.7321884809785931,-0.2589289378593273
N3O,-2.047709,-0.035879,-2.6017104970126392,-0.8888092731558317,0.7321884809785931,-0.2589289378593273
N3O,-2.020516,-0.506224,-2.631608890439727,-0.8324748041224879,0.7321884809785931,-0.2589289378593273
N3O,-2.676494,-1.35089,-2.489080636836231,-1.7594443158605695,0.7321884809785931,-0.2589289378593273
N3O,-3.006742,-2.716287,-2.876913843721309,-0.7328178874241265,0.7321884809785931,-0.2589289378593273
N3O,-2.988519,-2.01411,-2.489080636836231,-1.8222246117104024,0.7321884809785931,-0.2589289378593273
N3O,-1.619727,-3.40872,-2.6052318968212207,-0.773349301716515,0.7321884809785931,-0.2589289378593273
N3O,-0.71039,-2.176565,-2.489080636836231,-1.7594443158605695,0.7321884809785931,-0.2589289378593273
N3O,-2.866497,-1.094569,-2.489080636836231,-1.7441130351127192,0.7321884809785931,-0.2589289378593273
N3O,-2.715501,0.336787,-2.489080636836231,-1.7594443158605695,0.7321884809785931,-0.2589289378593273
N3O,-1.659342,-1.921926,-2.0852551743531427,-1.9775641807692863,0.7321884809785931,-0.2589289378593273
N3O,-1.400335,-1.244542,-2.9949808722252067,-1.1788364848902988,0.7321884809785931,-0.2589289378593273
N3O,-2.215147,-1.187253,-2.5612245737366375,-1.9765763299634072,0.7321884809785931,-0.2589289378593273
N3O,-2.49722,-1.606604,-2.9949808722252067,-1.163505204142449,0.7321884809785931,-0.2589289378593273
N3O,-2.45213,-1.285457,-3.3149557607123934,-1.316743360195815,0.7321884809785931,-0.2589289378593273
N3O,-2.267971,-2.880892,-3.124827914053096,-1.2059012088053436,0.7321884809785931,-0.2589289378593273
N3O,-2.706209,-3.682074,-2.9163525324595243,-1.2977007724009046,0.7321884809785931,-0.2589289378593273
N3O,-4.212768,-3.485166,-3.131980408496024,-1.209284960150047,0.7321884809785931,-0.2589289378593273
N3O,-5.114676,-3.44527,-2.7473967302775497,-0.7736962656036096,0.7321884809785931,-0.2589289378593273
N3O,-4.59853,-2.313637,-2.8413829088916662,-1.03050712787625,0.7321884809785931,-0.2589289378593273
N3O,-2.152856,-2.273497,-2.7543180703752577,-0.9060077856336803,0.7321884809785931,-0.2589289378593273
N3O,-2.520916,-1.359697,-2.8413829088916662,-1.03050712787625,0.7321884809785931,-0.2589289378593273
N3O,-3.82833,-1.352655,-3.2177830092472712,-1.3076623856862724,0.7321884809785931,-0.2589289378593273
N3O,-2.76057,-0.174116,-3.4007583614636414,-1.4670402924198602,0.7321884809785931,-0.2589289378593273
N3O,-3.192138,1.424163,-3.6675375637014396,-1.4097937432430743,0.7321884809785931,-0.2589289378593273
N3O,-1.714701,2.043732,-3.181069260541608,-0.9811112335940892,0.7321884809785931,-0.2589289378593273
N3O,-1.457368,0.790178,-2.779830710680215,-1.1262301315142071,0.7321884809785931,-0.2589289378593273
N3O,-1.880381,-0.69275,-2.779830710680215,-1.144108424500152,0.7321884809785931,-0.2589289378593273
N3O,-2.648343,0.857601,-2.3098197237612057,-0.5125276811786118,0.7321884809785931,-0.2589289378593273
N3O,-0.619948,-1.054319,-2.689126149150995,-0.9692306264766533,0.7321884809785931,-0.2589289378593273
N3O,-1.604367,0.285046,-2.72757819698083,-1.0428705602187973,0.7321884809785931,-0.2589289378593273
N3O,-1.291537,2.198369,-2.2437793270735398,-0.8760617235998622,0.7321884809785931,-0.2589289378593273
N3O,-3.226934,-0.61652,-2.6052318968212207,-0.7554710087305699,0.7321884809785931,-0.2589289378593273
N3O,-0.812033,0.876427,-2.6052318968212207,-0.7554710087305699,0.7321884809785931,-0.2589289378593273
N3O,-1.229421,-0.126852,-2.9980939083252385,-0.873935203291548,0.7321884809785931,-0.2589289378593273
N3O,-0.833385,-0.071138,-2.513628378243942,-1.7342752184673556,0.7321884809785931,-0.2589289378593273
N3O,-1.469597,0.098823,-2.9980939083252385,-0.873935203291548,0.7321884809785931,-0.2589289378593273
N3O,-1.369621,0.628942,-2.9980939083252385,-0.873935203291548,0.7321884809785931,-0.2589289378593273
N3O,-0.779326,-0.922514,-2.489080636836231,-1.7441130351127192,0.7321884809785931,-0.2589289378593273
N3O,-1.163437,-0.387314,-2.966261782425149,-1.0077418095583877,0.7321884809785931,-0.2589289378593273
N3O,-3.615325,-1.297741,-2.611230160888761,-1.8390543104230195,0.7321884809785931,-0.2589289378593273
N3O,-2.415705,0.308653,-2.9949808722252067,-1.1788364848902988,0.7321884809785931,-0.2589289378593273
N3O,-2.517201,-0.723671,-3.010710505615148,-1.2369210416669887,0.7321884809785931,-0.2589289378593273
N3O,-1.943044,-1.894703,-2.513628378243942,-1.7342752184673556,0.7321884809785931,-0.2589289378593273
N3O,-1.545724,0.750532,-2.513628378243942,-1.7342752184673556,0.7321884809785931,-0.2589289378593273
N3O,-2.732769,-0.443579,-2.5612245737366375,-1.9765763299634072,0.7321884809785931,-0.2589289378593273
N3O,-1.338781,-1.393134,-2.590546728898284,-1.843240440330427,0.7321884809785931,-0.2589289378593273
N3O,-1.835595,-0.472045,-2.5612245737366375,-1.9765763299634072,0.7321884809785931,-0.2589289378593273
N3O,-1.232485,-0.941508,-2.590546728898284,-1.843240440330427,0.7321884809785931,-0.2589289378593273
N3O,-1.092826,0.289573,-2.489080636836231,-1.7441130351127192,0.7321884809785931,-0.2589289378593273
N3O,-1.779948,1.366542,-2.9949808722252067,-1.163505204142449,0.7321884809785931,-0.2589289378593273
N3O,-2.472133,-0.212769,-2.9949808722252067,-1.163505204142449,0.7321884809785931,-0.2589289378593273
N3O,-0.410808,-0.30714,-2.7102030272712816,-0.4228599251568606,0.7321884809785931,-0.2589289378593273
N3O,-1.861639,-1.787691,-2.796905291430824,-0.739415900107654,0.7321884809785931,-0.2589289378593273
N3O,-2.802204,2.417834,-2.775342099856435,-0.9483540601955253,0.7321884809785931,-0.2589289378593273
N3O,-2.169709,-1.145177,-2.7199790780913093,-0.5111672414754292,0.7321884809785931,-0.2589289378593273
N3O,-3.432708,-3.205627,-2.7259857955843283,-1.162830038454045,0.7321884809785931,-0.2589289378593273
N3O,-2.047819,-1.844124,-1.0902571868436821,-1.5853298175971433,0.7321884809785931,-0.2589289378593273
N3O,-1.459258,0.756799,-2.270498479120557,-0.754657614028972,0.7321884809785931,-0.2589289378593273
N3O,-2.202967,-5.630434,-2.253307413915065,-0.8473649648072642,0.7321884809785931,-0.2589289378593273
N3O,-1.634107,-4.613407,-2.202111935200323,-1.1250777565582366,0.7321884809785931,-0.2589289378593273
N3O,-2.700235,-3.481496,-2.202111935200323,-1.273124243176751,0.7321884809785931,-0.2589289378593273
N3O,-3.193141,-3.632184,-2.331139969739972,-0.5854965592496976,0.7321884809785931,-0.2589289378593273
N3O,-1.923367,-2.878077,-2.2780960408242783,-0.967714401300876,0.7321884809785931,-0.2589289378593273
N3O,-1.325053,-0.009818,-2.2869024060567784,-0.8194910568188789,0.7321884809785931,-0.2589289378593273
N3O,-2.521261,1.676397,-2.2471515353636473,-0.7679773275800054,0.7321884809785931,-0.2589289378593273
N3O,-3.325564,-1.883409,-3.543465839770289,-0.8419986909605284,0.7321884809785931,-0.2589289378593273
N3O,-1.715248,-1.483442,-2.3084712914049588,-0.6662365574210841,0.7321884809785931,-0.2589289378593273
N3O,-2.001534,-0.931457,-2.337543812269893,-0.6488097650618534,0.7321884809785931,-0.2589289378593273
N3O,-2.603234,-1.768033,-2.9980939083252385,-0.873935203291548,0.7321884809785931,-0.2589289378593273
N3O,-1.124911,-3.414409,-2.876913843721309,-0.7328178874241265,0.7321884809785931,-0.2589289378593273
N3O,-0.563412,-1.481677,-2.8890433825912543,-1.100801434065231,0.7321884809785931,-0.2589289378593273
N3O,-2.556257,-4.170531,-2.689126149150995,-0.983059703534568,0.7321884809785931,-0.2589289378593273
N3O,-0.950248,-7.554252,-2.6989021999710237,-1.0309277409312834,0.7321884809785931,-0.2589289378593273
N3O,-0.847855,-3.273825,-2.7856147931933055,-0.8439062517171234,0.7321884809785931,-0.2589289378593273
N3O,-2.838349,-1.643102,-2.707301633286251,-0.8025045109513458,0.7321884809785931,-0.2589289378593273
N3O,-2.896623,-2.577415,-2.6008862250300875,-0.6955392753756683,0.7321884809785931,-0.2589289378593273
N3O,-1.459869,-2.201108,-2.792842643709026,-0.7833049243876683,0.7321884809785931,-0.2589289378593273
N3O,-0.832695,-3.386303,-1.3312804728346461,-1.3531296750604065,0.7321884809785931,-0.2589289378593273
N3O,-1.162224,-2.742574,-1.321504422014618,-1.2884158052617252,0.7321884809785931,-0.2589289378593273
N3O,-0.722182,-1.148989,-1.321504422014618,-1.2884158052617252,0.7321884809785931,-0.2589289378593273
N3O,-1.694115,-1.395342,-1.321504422014618,-1.2884158052617252,0.7321884809785931,-0.2589289378593273
N3O,-1.22017,-1.009177,-1.3946248870003224,-1.3988602663588732,0.7321884809785931,-0.2589289378593273
N3O,-1.760424,-1.045565,-2.68354908910857,-0.840648412812835,0.7321884809785931,-0.2589289378593273
N3O,0.317671,1.247791,-2.68354908910857,-0.840648412812835,0.7321884809785931,-0.2589289378593273
N3O,0.646352,-0.266529,-2.6278865219634224,-0.8134833512601111,0.7321884809785931,-0.2589289378593273
N3O,-1.384262,-1.055698,-2.3148751339348794,-0.8076491070086107,0.7321884809785931,-0.2589289378593273
N3O,-0.863924,-0.705646,-2.6298543495719833,-0.8392668384168409,0.7321884809785931,-0.2589289378593273
N3O,-1.059034,-2.726091,-2.8890433825912543,-1.100801434065231,0.7321884809785931,-0.2589289378593273
N3O,-2.606537,-3.252397,-2.248343767340715,-1.5556133516518598,0.7321884809785931,-0.2589289378593273
N3O,-0.944073,-3.547429,-2.7814470403564253,-0.9103661238919968,0.7321884809785931,-0.2589289378593273
N3O,-2.031249,-3.262641,-2.248343767340715,-1.5734916446378047,0.7321884809785931,-0.2589289378593273
N3O,-3.887517,-2.588291,-2.9949808722252067,-1.1788364848902988,0.7321884809785931,-0.2589289378593273
N3O,-4.520273,0.494767,-2.9949808722252067,-1.2386000253960818,0.7321884809785931,-0.2589289378593273
N3O,-0.861512,0.28764,-2.9980939083252385,-0.8918134962774931,0.7321884809785931,-0.2589289378593273
N3O,-0.550163,-1.437779,-2.7283369592969646,-1.1537712500940664,0.7321884809785931,-0.2589289378593273
N3O,-1.651479,-1.687968,-2.7429573762378308,-0.932487809608334,0.7321884809785931,-0.2589289378593273
N3O,-2.438881,-1.241559,-2.7814470403564253,-0.9103661238919968,0.7321884809785931,-0.2589289378593273
N3O,-0.575444,-1.12381,-2.771670989536397,-0.8636827162820064,0.7321884809785931,-0.2589289378593273
N3O,-1.328292,-2.06345,-2.6053136866412734,-0.7808405097176394,0.7321884809785931,-0.2589289378593273
N3O,-0.517477,-3.046963,-2.615089737461301,-0.8384825916484133,0.7321884809785931,-0.2589289378593273
N3O,1.892667,-1.352832,-2.733181325417802,-0.8859043958983237,0.7321884809785931,-0.2589289378593273
N3O,-0.188462,0.863449,-2.7856147931933055,-0.8439062517171234,0.7321884809785931,-0.2589289378593273
N3O,0.278502,-4.007313,-2.6052318968212207,-0.773349301716515,0.7321884809785931,-0.2589289378593273
N3O,-1.997798,-0.485186,-2.6008862250300875,-0.6817101983177536,0.7321884809785931,-0.2589289378593273
N3O,1.36453,-2.506109,-2.166033502030403,-1.4429914227282312,0.7321884809785931,-0.2589289378593273
N3O,-0.108407,-1.049792,-2.631608890439727,-0.8324748041224879,0.7321884809785931,-0.2589289378593273
N3O,-1.314108,-1.907984,-2.166033502030403,-1.4429914227282312,0.7321884809785931,-0.2589289378593273
N3O,-0.529921,-1.840758,-1.9877600032164313,-1.739338337052462,0.7321884809785931,-0.2589289378593273
N3O,-0.711084,-1.618423,-2.489080636836231,-1.7441130351127192,0.7321884809785931,-0.2589289378593273
N3O,-2.516181,-1.371127,-2.6933251399285987,-0.8928163655668421,0.7321884809785931,-0.2589289378593273
N3O,-2.065235,1.460826,-1.3607876010968856,-1.3975122514302407,0.7321884809785931,-0.2589289378593273
N3O,-0.819965,-1.545287,-2.6008862250300875,-0.6955392753756683,0.7321884809785931,-0.2589289378593273
N3O,-0.466392,-2.714994,-2.7095709838023536,-1.139602204505408,0.7321884809785931,-0.2589289378593273
N3O,-1.185938,0.451112,-2.707301633286251,-0.8025045109513458,0.7321884809785931,-0.2589289378593273
N3O,-0.755695,-0.600152,-2.9980939083252385,-0.9491841756939278,0.7321884809785931,-0.2589289378593273
N3O,-0.880605,-1.095373,-2.489080636836231,-1.7441130351127192,0.7321884809785931,-0.2589289378593273
N3O,-0.221131,-0.474146,-2.513628378243942,-1.7342752184673556,0.7321884809785931,-0.2589289378593273
N3O,-0.329557,-1.62886,-2.513628378243942,-1.7342752184673556,0.7321884809785931,-0.2589289378593273
N3O,-1.126732,-1.260032,-2.513628378243942,-1.7342752184673556,0.7321884809785931,-0.2589289378593273
N3O,-2.875922,1.305804,-2.9949808722252067,-1.163505204142449,0.7321884809785931,-0.2589289378593273
N3O,-2.100619,-0.970495,-3.010710505615148,-1.2522523224148387,0.7321884809785931,-0.2589289378593273
N3O,-0.299777,0.133056,-2.707301633286251,-0.8025045109513458,0.7321884809785931,-0.2589289378593273
N3O,-0.548119,0.024333,-2.6997949329823254,-1.0917341671086929,0.7321884809785931,-0.2589289378593273
N3O,-0.866572,0.388384,-2.9980939083252385,-0.8918134962774931,0.7321884809785931,-0.2589289378593273
N3O,-1.133267,0.71602,-2.615089737461301,-0.8384825916484133,0.7321884809785931,-0.2589289378593273
N3O,-1.452089,1.548898,-2.904405249148392,-1.0505974213959033,0.7321884809785931,-0.2589289378593273
N3O,-2.014328,-2.203205,-2.737531924384659,-0.8456203649671775,0.7321884809785931,-0.2589289378593273
N3O,-2.627581,-1.342497,-2.337543812269893,-0.6488097650618534,0.7321884809785931,-0.2589289378593273
N3O,-1.685926,-1.250699,-2.9505955808027053,-1.0773268574490562,0.7321884809785931,-0.2589289378593273
N3O,0.48367,-1.619089,-3.2649594697247557,-1.3101130741852112,0.7321884809785931,-0.2589289378593273
N3O,-0.581859,-5.800343,-3.3981721698592304,-1.3845565506878137,0.7321884809785931,-0.2589289378593273
N3O,-2.981068,-0.931814,-2.827051896466805,-0.9772604652975008,0.7321884809785931,-0.2589289378593273
N3O,1.319834,-0.728814,-3.1030463411092253,-1.2404134337609058,0.7321884809785931,-0.2589289378593273
N3O,0.940912,-1.432895,-2.7543180703752577,-0.9115923246776773,0.7321884809785931,-0.2589289378593273
N3O,-3.415242,1.380983,-2.9505955808027053,-1.0773268574490562,0.7321884809785931,-0.2589289378593273
N3O,-2.586356,-0.329085,-2.340546216289743,-0.8529036526831969,0.7321884809785931,-0.2589289378593273
N3O,-1.651283,-0.638748,-2.3372958482913897,-0.5654807142255823,0.7321884809785931,-0.2589289378593273
N3O,1.884329,-0.169184,-2.6648285088888097,-0.6897224977368716,0.7321884809785931,-0.2589289378593273
N3O,-0.142112,1.206848,-2.319595774581234,-0.6644672390172007,0.7321884809785931,-0.2589289378593273
N3O,-0.474752,-1.34159,-2.738556186660426,-0.8955657958382994,0.7321884809785931,-0.2589289378593273
N3O,-2.264167,-0.246866,-2.7481097624710142,-1.0596399877958405,0.7321884809785931,-0.2589289378593273
N3O,-0.610024,-2.305029,-2.72757819698083,-1.0484550992627946,0.7321884809785931,-0.2589289378593273
N3O,-1.576222,-3.020512,-2.796905291430824,-0.7450004391516509,0.7321884809785931,-0.2589289378593273
N3O,-2.207742,-2.482469,-3.2177830092472712,-1.289784092700327,0.7321884809785931,-0.2589289378593273
N3O,-0.17802,-2.184379,-2.8413829088916662,-1.092284010455995,0.7321884809785931,-0.2589289378593273
N3O,-1.879079,-1.050009,-2.7383337116509856,-1.0116719564991448,0.7321884809785931,-0.2589289378593273
N3O,-0.393304,-1.61409,-2.72757819698083,-1.0484550992627946,0.7321884809785931,-0.2589289378593273
N3O,-1.854688,-1.855057,-2.72757819698083,-1.0484550992627946,0.7321884809785931,-0.2589289378593273
N3O,-1.781908,-3.611618,-3.2649594697247557,-1.234864101782831,0.7321884809785931,-0.2589289378593273
N3O,-1.902971,-1.852324,-2.9505955808027053,-1.034943365196358,0.7321884809785931,-0.2589289378593273
N3O,-2.578561,-2.282883,-3.2649594697247557,-1.234864101782831,0.7321884809785931,-0.2589289378593273
N3O,-2.342011,-1.146585,-3.2649594697247557,-1.234864101782831,0.7321884809785931,-0.2589289378593273
N3O,-1.491969,-0.201285,-3.131980408496024,-1.1255421590921388,0.7321884809785931,-0.2589289378593273
N3O,-0.912489,-0.993109,-3.131980408496024,-1.1255421590921388,0.7321884809785931,-0.2589289378593273
N3O,-2.015695,-1.276678,-2.9385443143001293,-1.070137984425669,0.7321884809785931,-0.2589289378593273
N3O,-3.26677,-2.746215,-2.6053136866412734,-0.7808405097176394,0.7321884809785931,-0.2589289378593273
N3O,-1.324949,-3.715621,-2.2118502702901126,-1.243665055415613,0.7321884809785931,-0.2589289378593273
N3O,-2.106137,-2.398924,-2.6894379659172976,-1.0279490313006614,0.7321884809785931,-0.2589289378593273
N3O,-3.532964,-1.268918,-2.6168442783290446,-0.8491834410712219,0.7321884809785931,-0.2589289378593273
N3O,-2.513576,-2.085646,-2.569171668681237,-0.861733656205609,0.7321884809785931,-0.2589289378593273
N3O,-2.505799,-1.092664,-2.286100369576648,-1.153059099248365,0.7321884809785931,-0.2589289378593273
N3O,-3.34305,-3.523239,-2.6337334990508134,-1.2687110330346874,0.7321884809785931,-0.2589289378593273
N3O,-1.91053,-1.98584,-2.689126149150995,-0.983059703534568,0.7321884809785931,-0.2589289378593273
N3O,-1.495597,-1.596335,-2.7724615617751196,-1.170281035233902,0.7321884809785931,-0.2589289378593273
N3O,-2.739786,-2.563969,-1.4998357617693219,-1.1434784509781306,0.7321884809785931,-0.2589289378593273
N3O,-0.703984,-3.014081,-2.258814902926112,-1.0974625029687566,0.7321884809785931,-0.2589289378593273
N3O,-2.401285,-1.623197,-1.5027102440947187,-0.8645216530810456,0.7321884809785931,-0.2589289378593273
N3O,-2.717851,-3.98279,-2.340546216289743,-0.865120656266317,0.7321884809785931,-0.2589289378593273
N3O,-3.038279,-2.893094,-2.258814902926112,-1.0407598805823135,0.7321884809785931,-0.2589289378593273
N3O,-1.151713,-3.602646,-2.3225981786010834,-0.8494129397874705,0.7321884809785931,-0.2589289378593273
N3O,-1.211244,-1.802187,-2.737531924384659,-0.8400358259231805,0.7321884809785931,-0.2589289378593273
N3O,-1.59542,-0.69772,-2.771670989536397,-0.8692672553260036,0.7321884809785931,-0.2589289378593273
N3O,-1.733382,-0.187618,-2.3050990831148512,-0.7071855364529562,0.7321884809785931,-0.2589289378593273
N3O,-1.413888,-1.388882,-2.6070682275090165,-0.7684639363792892,0.7321884809785931,-0.2589289378593273
N3O,-1.454308,-1.152191,-2.3048511191363485,-0.6390564672258939,0.7321884809785931,-0.2589289378593273
N3O,-1.920497,-0.355618,-2.577169834081929,-0.8378462792714452,0.7321884809785931,-0.2589289378593273
N3O,-1.591769,0.507573,-2.4832200939802536,-0.9096178581667012,0.7321884809785931,-0.2589289378593273
N3O,-1.480197,-1.039105,-2.256557781913418,-1.1205542590034272,0.7321884809785931,-0.2589289378593273
N3O,-1.840048,-0.170418,-2.256557781913418,-1.1205542590034272,0.7321884809785931,-0.2589289378593273
N3O,-1.510844,-0.724833,-2.253555377893568,-0.9567812282917946,0.7321884809785931,-0.2589289378593273
N3O,-2.778206,-0.485655,-2.253555377893568,-0.9567812282917946,0.7321884809785931,-0.2589289378593273
N3O,0.403396,-0.565312,-2.2437793270735398,-0.8816462626438593,0.7321884809785931,-0.2589289378593273
N3O,0.543029,-1.9015,-2.6278865219634224,-0.8134833512601111,0.7321884809785931,-0.2589289378593273
N3O,-0.6057,-1.468121,-1.4148308823427589,-1.4912585953484176,0.7321884809785931,-0.2589289378593273
N3O,0.303312,-0.146651,-2.248343767340715,-1.5556133516518598,0.7321884809785931,-0.2589289378593273
N3O,-0.875587,-0.816606,-2.876913843721309,-0.7149395944381816,0.7321884809785931,-0.2589289378593273
N3O,-0.811643,0.217844,-2.689126149150995,-0.9692306264766533,0.7321884809785931,-0.2589289378593273
N3O,0.617292,-0.019319,-2.9980939083252385,-0.873935203291548,0.7321884809785931,-0.2589289378593273
N3O,-1.192476,-0.32986,-2.0852551743531427,-1.8856351227908932,0.7321884809785931,-0.2589289378593273
N3O,-1.567616,1.789841,-2.513628378243942,-1.7342752184673556,0.7321884809785931,-0.2589289378593273
N3O,-1.510429,1.183853,-2.0852551743531427,-1.8856351227908932,0.7321884809785931,-0.2589289378593273
N3O,-2.027967,-1.588521,-2.513628378243942,-1.7342752184673556,0.7321884809785931,-0.2589289378593273
N3O,0.254918,-1.952162,-2.8810825678299317,-1.1414302303162565,0.7321884809785931,-0.2589289378593273
N3O,-1.889894,-0.290378,-2.7283369592969646,-1.1537712500940664,0.7321884809785931,-0.2589289378593273
N3O,-1.594074,-1.434491,-2.876913843721309,-0.7149395944381816,0.7321884809785931,-0.2589289378593273
N3O,-1.927749,2.36833,-2.966261782425149,-1.0077418095583877,0.7321884809785931,-0.2589289378593273
N3O,0.4277,-0.611336,-2.489080636836231,-1.7441130351127192,0.7321884809785931,-0.2589289378593273
N3O,-1.932142,-3.413358,-2.513628378243942,-1.7496064992152052,0.7321884809785931,-0.2589289378593273
N3O,-0.398952,-1.903983,-2.513628378243942,-1.7342752184673556,0.7321884809785931,-0.2589289378593273
N3O,-0.822463,-1.779549,-2.513628378243942,-1.7496064992152052,0.7321884809785931,-0.2589289378593273
N3O,-3.147354,-1.112155,-2.513628378243942,-1.7496064992152052,0.7321884809785931,-0.2589289378593273
N3O,-2.7637,-3.176528,-2.876913843721309,-0.7986823954960897,0.7321884809785931,-0.2589289378593273
N3O,-2.081028,-1.194845,-2.610662275850116,-0.7434073127723839,0.7321884809785931,-0.2589289378593273
N3O,-1.454658,-3.630144,-2.707301633286251,-0.8025045109513458,0.7321884809785931,-0.2589289378593273
N3O,-1.461237,-1.274581,-2.8876845296583356,-0.828589194073955,0.7321884809785931,-0.2589289378593273
N3O,-3.472412,-3.716833,-1.2680573351379656,-0.906626501608892,0.7321884809785931,-0.2589289378593273
N3O,-4.647206,-7.166369,-2.674916407666903,-1.2080147432317274,0.7321884809785931,-0.2589289378593273
N3O,-4.140595,-5.442608,-1.4803348201366893,-0.9412612116367223,0.7321884809785931,-0.2589289378593273
N3O,-5.066199,-7.91283,-1.3346136662989347,-0.9257966872319353,0.7321884809785931,-0.2589289378593273
N3O,-4.844985,-7.903029,-3.6622295178245183,-1.232936497236932,0.7321884809785931,-0.2589289378593273
N3O,-2.443161,-2.457979,-3.069426278963338,-1.2569474380710701,0.7321884809785931,-0.2589289378593273
N3O,-2.521829,-1.661021,-0.8230305948466524,-1.8943921822113463,0.7321884809785931,-0.2589289378593273
N3O,-0.271804,-1.654454,-1.7465029648838493,-1.657501606407341,0.7321884809785931,-0.2589289378593273
N3O,-2.337233,-1.537526,-0.7690637654637994,-1.748095396472915,0.7321884809785931,-0.2589289378593273
N3O,-2.561554,-1.982471,-1.8612559145935712,-1.6480069569429898,0.7321884809785931,-0.2589289378593273
N3O,-1.992977,-1.25564,-1.8612559145935712,-1.6480069569429898,0.7321884809785931,-0.2589289378593273
N3O,-1.54086,-0.399434,-1.8612559145935712,-1.6633382376908397,0.7321884809785931,-0.2589289378593273
N3O,-2.761657,-1.714416,-1.8612559145935712,-1.742953494339502,0.7321884809785931,-0.2589289378593273
N3O,-3.563416,-2.662449,-1.8612559145935712,-1.6633382376908397,0.7321884809785931,-0.2589289378593273
W3C,-1.194094,0.789956,-4.607797316943398,-2.691037672734636,0.7234634615949119,-0.3267625727739725
W3C,-1.708765,1.678649,-3.152902685353812,-3.1474298384165196,0.7234634615949119,-0.3267625727739725
W3C,-2.451007,0.738502,-3.3414292535352605,-3.3555207307374073,0.7234634615949119,-0.3267625727739725
W3C,-3.91082,1.189696,-3.3414292535352605,-3.4230661667954383,0.7234634615949119,-0.3267625727739725
W3C,-3.344381,0.833849,-4.590999059698122,-2.3385871386008596,0.7234634615949119,-0.3267625727739725
W3C,-3.858745,1.44347,-4.546738165308211,-3.10150576103682,0.7234634615949119,-0.3267625727739725
W3C,-0.382125,1.156877,-4.607797316943398,-3.0641591279464837,0.7234634615949119,-0.3267625727739725
W3C,-2.914563,1.389889,-4.546738165308211,-3.10150576103682,0.7234634615949119,-0.3267625727739725
W3C,-1.119682,-1.692265,-3.658219211785497,-2.8734020939283056,0.7234634615949119,-0.3267625727739725
W3C,-1.869079,1.509153,-3.5491101323160152,-2.9616781736033406,0.7234634615949119,-0.3267625727739725
W3C,-0.867509,-0.378279,-3.658219211785497,-3.2458536304557453,0.7234634615949119,-0.3267625727739725
W3C,-2.577622,-2.156473,-3.76013593889035,-2.93169783766795,0.7234634615949119,-0.3267625727739725
W3C,0.958146,3.056518,-4.512547012627591,-4.219933295344506,0.7234634615949119,-0.3267625727739725
W3C,-0.875243,5.83948,-3.7472245612948285,-3.0624045912857123,0.7234634615949119,-0.3267625727739725
W3C,-0.539818,4.827013,-3.3335965793764113,-3.193336962158501,0.7234634615949119,-0.3267625727739725
W3C,-3.257989,-2.195998,-3.9451054799636838,-3.164968059703651,0.7234634615949119,-0.3267625727739725
W3C,-2.033761,3.349092,-4.546738165308211,-2.40146384773448,0.7234634615949119,-0.3267625727739725
W3C,-0.56291,2.618216,-4.4959518094175355,-3.2929259636493544,0.7234634615949119,-0.3267625727739725
W3C,1.377646,7.318978,-4.2758456140494445,-3.3016696966392134,0.7234634615949119,-0.3267625727739725
W3C,-0.023741,9.653262,-3.970672760346398,-3.1994585051747726,0.7234634615949119,-0.3267625727739725
W3C,-2.946299,6.995091,-3.685994410156782,-3.345088433188557,0.7234634615949119,-0.3267625727739725
W3C,-2.494431,5.853233,-4.754933722195545,-3.566638035363526,0.7234634615949119,-0.3267625727739725
W3C,1.598162,4.661033,-4.199009719679506,-3.556832590830279,0.7234634615949119,-0.3267625727739725
W3C,-4.824854,8.318372,-6.549811428998311,-4.526645074088296,0.7234634615949119,-0.3267625727739725
W3C,-0.038203,-0.749045,-4.073046499376736,-3.600922913391881,0.7234634615949119,-0.3267625727739725
W3C,-1.833458,-0.044408,-4.851843535963291,-3.547261705349265,0.7234634615949119,-0.3267625727739725
W3C,-0.613442,0.969085,-3.9432924221861563,-3.7627652741953543,0.7234634615949119,-0.3267625727739725
W3C,-1.387498,2.408282,-5.058808083347857,-5.3326297615937985,0.7234634615949119,-0.3267625727739725
W3C,-0.562558,4.046952,-3.658219211785497,-3.1409883675146815,0.7234634615949119,-0.3267625727739725
W3C,-2.473668,3.184299,-3.7472245612948285,-2.997675221409767,0.7234634615949119,-0.3267625727739725
W3C,-0.453157,4.4e-05,-3.712845044923565,-2.3957891623334784,0.7234634615949119,-0.3267625727739725
W3C,-1.899153,-2.340084,-3.5694373277069023,-2.903485141947464,0.7234634615949119,-0.3267625727739725
W3C,-5.011231,0.292198,-3.569419969121267,-3.056435377390299,0.7234634615949119,-0.3267625727739725
W3C,-6.559699,1.552097,-3.569419969121267,-3.056435377390299,0.7234634615949119,-0.3267625727739725
W3C,-2.524555,-0.083324,-3.3064600143114755,-3.3589362547857333,0.7234634615949119,-0.3267625727739725
W3C,-2.760951,-1.498664,-3.533617164321325,-3.8785269105041644,0.7234634615949119,-0.3267625727739725
W3C,-1.627117,-1.719279,-3.533617164321325,-3.3460134610187704,0.7234634615949119,-0.3267625727739725
W3C,-1.579106,0.075103,-3.533617164321325,-3.847129711350966,0.7234634615949119,-0.3267625727739725
W3C,-2.13829,0.274269,-3.533617164321325,-3.7232207006914133,0.7234634615949119,-0.3267625727739725
W3C,-3.015247,0.6589,-3.3414292535352605,-3.4317489190823487,0.7234634615949119,-0.3267625727739725
W3C,-2.55107,-0.360873,-3.533617164321325,-3.847129711350966,0.7234634615949119,-0.3267625727739725
W3C,-2.662797,-1.001938,-3.533617164321325,-3.8000221986898683,0.7234634615949119,-0.3267625727739725
W3C,-1.250584,0.648054,-3.533617164321325,-3.675387465748015,0.7234634615949119,-0.3267625727739725
W3C,-1.186213,0.454644,-3.533617164321325,-3.7232207006914133,0.7234634615949119,-0.3267625727739725
W3C,-1.401707,2.063062,-3.3911080003852225,-3.5777708556944345,0.7234634615949119,-0.3267625727739725
W3C,-2.470881,1.05217,-4.4959518094175355,-2.5532315143014945,0.7234634615949119,-0.3267625727739725
W3C,-3.031977,0.458931,-4.8088997290819036,-4.017525757819795,0.7234634615949119,-0.3267625727739725
W3C,-2.149,1.033903,-4.590999059698122,-3.206032093666146,0.7234634615949119,-0.3267625727739725
W3C,-1.822406,0.245181,-4.109999102755291,-3.368174381741402,0.7234634615949119,-0.3267625727739725
W3C,-3.935717,2.552892,-3.533617164321325,-3.3306905327330494,0.7234634615949119,-0.3267625727739725
W3C,-4.307801,1.401981,-4.531577005514529,-4.1024145058395165,0.7234634615949119,-0.3267625727739725
W3C,-2.372441,0.321043,-3.358912008542509,-3.853554703577275,0.7234634615949119,-0.3267625727739725
W3C,-1.494852,-0.052462,-3.3414292535352605,-3.3848391957858417,0.7234634615949119,-0.3267625727739725
W3C,-2.734049,1.725672,-3.3414292535352605,-3.3309733913409407,0.7234634615949119,-0.3267625727739725
W3C,-1.934077,1.881192,-3.3414292535352605,-3.3309733913409407,0.7234634615949119,-0.3267625727739725
W3C,-2.490436,1.466279,-4.109999102755291,-3.356387916469237,0.7234634615949119,-0.3267625727739725
W3C,-2.606859,2.354696,-3.533617164321325,-3.8785269105041644,0.7234634615949119,-0.3267625727739725
W3C,-3.132283,2.295217,-4.590999059698122,-2.3385871386008596,0.7234634615949119,-0.3267625727739725
W3C,-2.488472,4.346004,-3.9137101609453944,-2.427549474280743,0.7234634615949119,-0.3267625727739725
W3C,-2.034439,1.440402,-4.590999059698122,-3.03640516528139,0.7234634615949119,-0.3267625727739725
W3C,-0.681222,3.663011,-4.0806540756547305,-3.1481760209785095,0.7234634615949119,-0.3267625727739725
W3C,-0.988789,-4.412097,-3.145989722659755,-2.3172367931350606,0.7234634615949119,-0.3267625727739725
W3C,-1.007935,-0.292175,-3.9451054799636838,-3.181374993858642,0.7234634615949119,-0.3267625727739725
W3C,-2.397314,2.633021,-4.0806540756547305,-3.127931569765712,0.7234634615949119,-0.3267625727739725
W3C,-0.43234,-0.391813,-3.533617164321325,-3.529831849117284,0.7234634615949119,-0.3267625727739725
W3C,0.115806,-0.311299,-4.184279990829698,-4.562854213816806,0.7234634615949119,-0.3267625727739725
W3C,-1.590415,2.151906,-4.184279990829698,-4.881972511696419,0.7234634615949119,-0.3267625727739725
W3C,-2.437439,0.693083,-3.533617164321325,-3.685138058930036,0.7234634615949119,-0.3267625727739725
W3C,-1.127216,-0.117974,-3.533617164321325,-3.3577999262909346,0.7234634615949119,-0.3267625727739725
W3C,-0.096014,-3.190276,-3.3064600143114755,-3.2910550956249733,0.7234634615949119,-0.3267625727739725
W3C,-3.005822,-1.071768,-3.533617164321325,-3.1828650606305358,0.7234634615949119,-0.3267625727739725
W3C,-4.721021,-4.457025,-4.911226999343773,-5.672669713200056,0.7234634615949119,-0.3267625727739725
W3C,-2.141447,0.218637,-3.180039250418748,-3.0667566792811805,0.7234634615949119,-0.3267625727739725
W3C,-1.831203,1.797219,-3.533617164321325,-3.4530799556661766,0.7234634615949119,-0.3267625727739725
W3C,-2.145287,-1.935441,-3.180039250418748,-3.0820643918506345,0.7234634615949119,-0.3267625727739725
W3C,-1.255674,-0.959008,-4.0806540756547305,-3.098529097346516,0.7234634615949119,-0.3267625727739725
W3C,-2.851426,2.312765,-3.533617164321325,-3.7232207006914133,0.7234634615949119,-0.3267625727739725
W3C,0.785406,-1.789217,-3.533617164321325,-3.7255437918444447,0.7234634615949119,-0.3267625727739725
W3C,-3.069539,0.081549,-3.533617164321325,-3.801348122125411,0.7234634615949119,-0.3267625727739725
W3C,-1.930326,0.429899,-3.533617164321325,-3.611369600739214,0.7234634615949119,-0.3267625727739725
W3C,-0.292545,-0.489044,-3.533617164321325,-3.7255437918444447,0.7234634615949119,-0.3267625727739725
W3C,-1.846357,1.530188,-3.533617164321325,-3.8785269105041644,0.7234634615949119,-0.3267625727739725
W3C,-3.243997,2.223421,-3.533617164321325,-4.202588742979363,0.7234634615949119,-0.3267625727739725
W3C,-3.733767,1.938675,-3.533617164321325,-3.8785269105041644,0.7234634615949119,-0.3267625727739725
W3C,-2.489145,2.62707,-3.533617164321325,-3.7509488041626264,0.7234634615949119,-0.3267625727739725
W3C,-1.114873,1.332406,-3.533617164321325,-3.4618365126839095,0.7234634615949119,-0.3267625727739725
W3C,-1.349095,-1.467165,-3.3414292535352605,-3.4317489190823487,0.7234634615949119,-0.3267625727739725
W3C,-3.064773,1.398413,-4.0806540756547305,-3.0229885940892967,0.7234634615949119,-0.3267625727739725
W3C,-2.972597,2.643343,-3.533617164321325,-3.8307209102722988,0.7234634615949119,-0.3267625727739725
W3C,-2.308696,0.306264,-3.533617164321325,-3.685138058930036,0.7234634615949119,-0.3267625727739725
W3C,-2.607186,1.874742,-3.8361291411347467,-2.4479981448904624,0.7234634615949119,-0.3267625727739725
W3C,-2.640324,1.765001,-3.7329521103644296,-2.4784174312406737,0.7234634615949119,-0.3267625727739725
W3C,-1.231267,3.359361,-3.9451054799636838,-3.164968059703651,0.7234634615949119,-0.3267625727739725
W3C,-2.180529,2.185394,-4.0806540756547305,-3.098529097346516,0.7234634615949119,-0.3267625727739725
W3C,-0.080788,-0.076899,-3.7472245612948285,-2.291027403985715,0.7234634615949119,-0.3267625727739725
W3C,-1.121244,-1.055934,-4.0806540756547305,-3.127931569765712,0.7234634615949119,-0.3267625727739725
W3C,-0.986799,-0.583591,-3.3064600143114755,-3.255924426587368,0.7234634615949119,-0.3267625727739725
W3C,-1.743404,4.672073,-3.5279469391318554,-4.042105544242439,0.7234634615949119,-0.3267625727739725
W3C,-1.436088,2.690093,-3.3414292535352605,-3.603644524696289,0.7234634615949119,-0.3267625727739725
W3C,-3.517913,2.138506,-3.533617164321325,-4.362212595000278,0.7234634615949119,-0.3267625727739725
W3C,-3.233263,2.412569,-3.533617164321325,-3.776740034385921,0.7234634615949119,-0.3267625727739725
W3C,-0.197191,1.570544,-3.3414292535352605,-3.3309733913409407,0.7234634615949119,-0.3267625727739725
W3C,-1.914255,-0.519796,-3.9451054799636838,-3.1550996708865853,0.7234634615949119,-0.3267625727739725
W3C,-1.681633,1.398056,-4.607797316943398,-2.8090567598847653,0.7234634615949119,-0.3267625727739725
W3C,-4.424874,1.520246,-3.9451054799636838,-3.1984929528061032,0.7234634615949119,-0.3267625727739725
W3C,-2.500286,-1.26789,-3.9451054799636838,-3.1213019401879203,0.7234634615949119,-0.3267625727739725
W3C,-2.757153,-1.052394,-4.49297230784124,-3.146860131491497,0.7234634615949119,-0.3267625727739725
W3C,-3.21922,-4.07344,-4.007894422908989,-3.563949492183782,0.7234634615949119,-0.3267625727739725
W3C,-1.781378,0.399122,-3.7890092800998834,-3.8090486771707925,0.7234634615949119,-0.3267625727739725
W3C,-0.398358,-4.345144,-3.875574492991312,-3.1564620028253287,0.7234634615949119,-0.3267625727739725
W3C,-0.738482,-1.992952,-3.1214226990251843,-2.2255747507199275,0.7234634615949119,-0.3267625727739725
W3C,1.13778,-6.296401,-4.110557233768177,-3.421015780169455,0.7234634615949119,-0.3267625727739725
W3C,1.583737,-4.033467,-3.970672760346398,-3.055957093124651,0.7234634615949119,-0.3267625727739725
W3C,0.181642,-4.936167,-4.186209928959573,-2.9964516972447455,0.7234634615949119,-0.3267625727739725
W3C,-2.785876,-1.274007,-4.183862407260149,-3.1275599872481497,0.7234634615949119,-0.3267625727739725
W3C,-1.540979,-2.192978,-3.970672760346398,-2.85790845619559,0.7234634615949119,-0.3267625727739725
W3C,-1.160073,-1.645324,-4.474399952636481,-3.110515869270896,0.7234634615949119,-0.3267625727739725
W3C,-0.257233,-1.763533,-3.284862273365082,-3.4127417312430848,0.7234634615949119,-0.3267625727739725
W3C,-1.202046,-1.721077,-4.183862407260149,-3.2863088895101735,0.7234634615949119,-0.3267625727739725
W3C,-0.691719,0.348447,-3.3730313970039694,-3.4177715384907157,0.7234634615949119,-0.3267625727739725
W3C,-1.157799,0.955329,-4.55150965195514,-3.257754861585115,0.7234634615949119,-0.3267625727739725
W3C,-0.621057,-0.682482,-4.812030152314247,-4.514708158032609,0.7234634615949119,-0.3267625727739725
W3C,-2.236729,1.005395,-4.9575357832156355,-3.9719707774058453,0.7234634615949119,-0.3267625727739725
W3C,1.105758,0.157142,-3.7094783693219044,-4.095744190123181,0.7234634615949119,-0.3267625727739725
W3C,-0.938209,-0.865402,-3.658219211785497,-3.1409883675146815,0.7234634615949119,-0.3267625727739725
W3C,1.451353,1.979285,-3.7046315769777403,-3.6607427408411044,0.7234634615949119,-0.3267625727739725
W3C,0.004487,2.753449,-4.3113884150289365,-3.1105525463313466,0.7234634615949119,-0.3267625727739725
W3C,-5.10754,-2.25847,-5.369704314121614,-5.439258953507633,0.7234634615949119,-0.3267625727739725
W3C,-1.337986,1.0995,-4.8172941419942,-3.3349133833539724,0.7234634615949119,-0.3267625727739725
W3C,-0.956786,0.798813,-4.8172941419942,-3.3349133833539724,0.7234634615949119,-0.3267625727739725
W3C,-1.575636,0.04142,-3.8429965368711265,-3.203446220813521,0.7234634615949119,-0.3267625727739725
W3C,-1.589532,-0.393116,-4.09411803720595,-3.4876555975484447,0.7234634615949119,-0.3267625727739725
W3C,-0.753275,-0.451735,-3.3414292535352605,-3.7515833251974975,0.7234634615949119,-0.3267625727739725
W3C,-0.380269,-0.327795,-3.777462189111993,-3.3953736155983787,0.7234634615949119,-0.3267625727739725
W3C,-2.475623,0.684088,-3.1878719245775975,-3.36229267371929,0.7234634615949119,-0.3267625727739725
W3C,-2.64125,2.602215,-4.410852828422822,-3.2624427248445294,0.7234634615949119,-0.3267625727739725
W3C,-1.646877,3.148542,-4.410852828422822,-3.2782678109751284,0.7234634615949119,-0.3267625727739725
W3C,-1.349674,0.609029,-3.763457207012787,-3.2480464792945996,0.7234634615949119,-0.3267625727739725
W3C,-0.754153,2.283043,-4.379213941104653,-3.285949244413779,0.7234634615949119,-0.3267625727739725
W3C,-2.278707,0.739886,-5.079940419098368,-5.176225489126862,0.7234634615949119,-0.3267625727739725
W3C,-1.833406,2.042912,-3.5426566366244505,-2.342337471091703,0.7234634615949119,-0.3267625727739725
W3C,-5.231455,2.101802,-3.929551565988931,-3.4662434622564016,0.7234634615949119,-0.3267625727739725
W3C,-3.60343,2.243819,-4.410852828422822,-3.2803644502139977,0.7234634615949119,-0.3267625727739725
W3C,-1.669286,3.038192,-3.152902685353812,-3.1782640144682017,0.7234634615949119,-0.3267625727739725
W3C,-2.849574,0.638336,-3.180039250418748,-3.0820643918506345,0.7234634615949119,-0.3267625727739725
W3C,-3.005425,2.254531,-4.830168803845887,-3.533416349411597,0.7234634615949119,-0.3267625727739725
W3C,-2.708119,3.889658,-3.9451054799636838,-3.091301225955777,0.7234634615949119,-0.3267625727739725
W3C,-2.386318,0.645533,-4.0806540756547305,-3.1481760209785095,0.7234634615949119,-0.3267625727739725
W3C,-0.783825,1.949862,-3.3064600143114755,-3.3589362547857333,0.7234634615949119,-0.3267625727739725
W3C,-1.177354,1.369438,-3.533617164321325,-3.5859645884210325,0.7234634615949119,-0.3267625727739725
W3C,-2.077005,2.871573,-3.533617164321325,-3.801348122125411,0.7234634615949119,-0.3267625727739725
W3C,-2.511282,0.719598,-3.533617164321325,-3.7255437918444447,0.7234634615949119,-0.3267625727739725
W3C,-1.978893,1.660493,-3.533617164321325,-3.7895616568532446,0.7234634615949119,-0.3267625727739725
W3C,-2.716697,1.557254,-3.533617164321325,-3.6499824534298324,0.7234634615949119,-0.3267625727739725
W3C,-0.908523,0.037048,-3.3414292535352605,-3.669552284533968,0.7234634615949119,-0.3267625727739725
W3C,-2.485071,1.465975,-3.3414292535352605,-3.603644524696289,0.7234634615949119,-0.3267625727739725
W3C,-3.05439,0.158825,-3.3414292535352605,-3.913986811040889,0.7234634615949119,-0.3267625727739725
W3C,0.70257,4.432805,-3.1878719245775975,-3.3853592345879635,0.7234634615949119,-0.3267625727739725
W3C,-1.522844,3.721935,-3.577444189669383,-3.0493988667944247,0.7234634615949119,-0.3267625727739725
W3C,-3.608707,5.849494,-3.864084754455817,-3.1001761008856117,0.7234634615949119,-0.3267625727739725
W3C,-2.484753,1.566416,-4.0381406717376045,-3.1559550139529025,0.7234634615949119,-0.3267625727739725
W3C,-1.675885,4.154782,-3.864084754455817,-3.2051586082865513,0.7234634615949119,-0.3267625727739725
W3C,0.421896,-0.79748,-4.55150965195514,-3.257754861585115,0.7234634615949119,-0.3267625727739725
W3C,-3.456049,2.659617,-3.9451054799636838,-3.1213019401879203,0.7234634615949119,-0.3267625727739725
W3C,-2.92749,1.825946,-3.3414292535352605,-3.603644524696289,0.7234634615949119,-0.3267625727739725
W3C,-1.386287,0.343215,-3.3414292535352605,-3.7934057041856604,0.7234634615949119,-0.3267625727739725
W3C,-2.721753,1.278488,-4.590999059698122,-2.3863457047630527,0.7234634615949119,-0.3267625727739725
W3C,0.063388,-1.614296,-3.9034837286217376,-4.141081176127994,0.7234634615949119,-0.3267625727739725
W3C,2.842046,1.16366,-4.799528739602616,-4.593388357835754,0.7234634615949119,-0.3267625727739725
W3C,1.394369,-5.094287,-5.425456048699311,-5.301736713892816,0.7234634615949119,-0.3267625727739725
W3C,0.494682,-5.110202,-4.86736065522052,-4.84571076548189,0.7234634615949119,-0.3267625727739725
W3C,-0.618223,-0.917048,-4.546738165308211,-3.1759821344133226,0.7234634615949119,-0.3267625727739725
W3C,-3.667248,-0.777504,-4.550269898967442,-3.260319245595851,0.7234634615949119,-0.3267625727739725
W3C,-0.70628,-1.42551,-4.590999059698122,-3.1108815386578925,0.7234634615949119,-0.3267625727739725
W3C,-2.809421,3.716812,-3.5694373277069023,-2.296746114292883,0.7234634615949119,-0.3267625727739725
W3C,-1.533986,-0.173025,-4.109999102755291,-3.2014446168388355,0.7234634615949119,-0.3267625727739725
W3C,-0.515706,-2.619513,-3.3064600143114755,-3.332572947379786,0.7234634615949119,-0.3267625727739725
W3C,-1.523361,-4.348274,-3.3064600143114755,-3.255924426587368,0.7234634615949119,-0.3267625727739725
W3C,-4.103482,-5.619447,-5.095373174325526,-5.250139021120778,0.7234634615949119,-0.3267625727739725
W3C,-3.313212,-2.125891,-3.533617164321325,-3.7430578876848184,0.7234634615949119,-0.3267625727739725
W3C,-0.716667,-0.375678,-3.533617164321325,-3.6918235015382135,0.7234634615949119,-0.3267625727739725
W3C,-0.927484,-1.055767,-3.180039250418748,-3.0820643918506345,0.7234634615949119,-0.3267625727739725
W3C,0.012263,-1.756503,-3.533617164321325,-4.362212595000278,0.7234634615949119,-0.3267625727739725
W3C,-2.885929,-1.993869,-3.533617164321325,-3.6918235015382135,0.7234634615949119,-0.3267625727739725
W3C,-3.299616,-1.032772,-3.3414292535352605,-3.5918580594241236,0.7234634615949119,-0.3267625727739725
W3C,1.764991,0.488082,-3.538197114461788,-3.8692316740833834,0.7234634615949119,-0.3267625727739725
W3C,-0.869061,0.637565,-4.743159283559832,-3.5652899167753973,0.7234634615949119,-0.3267625727739725
W3C,-2.945562,-1.622134,-4.546738165308211,-3.1759821344133226,0.7234634615949119,-0.3267625727739725
W3C,-4.291093,0.653168,-4.0806540756547305,-3.1481760209785095,0.7234634615949119,-0.3267625727739725
W3C,-0.819839,0.36688,-4.546738165308211,-3.1759821344133226,0.7234634615949119,-0.3267625727739725
W3C,-2.634702,-0.601694,-4.410852828422822,-3.2782678109751284,0.7234634615949119,-0.3267625727739725
W3C,-3.321393,-1.131995,-4.410852828422822,-3.2624427248445294,0.7234634615949119,-0.3267625727739725
W3C,-1.089051,-0.868004,-3.152902685353812,-3.116245857519435,0.7234634615949119,-0.3267625727739725
W3C,-0.827792,-2.144154,-4.410852828422822,-3.2782678109751284,0.7234634615949119,-0.3267625727739725
W3C,-2.517675,-2.617523,-4.739411094529478,-3.239322832487868,0.7234634615949119,-0.3267625727739725
W3C,-2.242127,-0.322595,-3.9451054799636838,-3.181374993858642,0.7234634615949119,-0.3267625727739725
W3C,1.627061,-0.519847,-3.9451054799636838,-3.091301225955777,0.7234634615949119,-0.3267625727739725
W3C,-1.693046,-0.699782,-4.5581429147261066,-3.174587645342794,0.7234634615949119,-0.3267625727739725
W3C,-2.374625,1.325761,-3.4495809779035587,-3.36255864593599,0.7234634615949119,-0.3267625727739725
W3C,-0.505598,-2.251736,-3.4495809779035587,-3.36255864593599,0.7234634615949119,-0.3267625727739725
W3C,-0.565488,0.486391,-3.8361291411347467,-2.447925191796112,0.7234634615949119,-0.3267625727739725
W3C,0.376115,-1.699016,-4.590999059698122,-2.3385871386008596,0.7234634615949119,-0.3267625727739725
W3C,-0.592031,-0.929696,-3.712845044923565,-2.216249016661584,0.7234634615949119,-0.3267625727739725
W3C,-1.866927,-0.82386,-3.7472245612948285,-2.4176260237551674,0.7234634615949119,-0.3267625727739725
W3C,-1.120033,-3.121001,-3.339077820717576,-4.680975312016984,0.7234634615949119,-0.3267625727739725
W3C,1.948692,2.018034,-4.110557233768177,-3.421015780169455,0.7234634615949119,-0.3267625727739725
W3C,-1.140215,-2.528261,-4.799528739602616,-4.593388357835754,0.7234634615949119,-0.3267625727739725
W3C,-1.109569,-1.134731,-4.68583682515066,-3.5132192106962594,0.7234634615949119,-0.3267625727739725
W3C,-1.387283,-1.665917,-4.384803366494713,-5.341197608874531,0.7234634615949119,-0.3267625727739725
W3C,-1.245229,0.268237,-3.3414292535352605,-3.2853701050805038,0.7234634615949119,-0.3267625727739725
W3C,-1.836648,-1.428334,-4.410852828422822,-3.2782678109751284,0.7234634615949119,-0.3267625727739725
W3C,-1.235801,-1.272676,-4.9346662086045,-5.176134017660279,0.7234634615949119,-0.3267625727739725
W3C,-2.471315,-3.79218,-4.984849266677025,-4.242152808814414,0.7234634615949119,-0.3267625727739725
W3C,-2.505641,-0.888072,-4.4959518094175355,-3.2929259636493544,0.7234634615949119,-0.3267625727739725
W3C,0.551303,0.155121,-5.215594960532835,-5.526560658641725,0.7234634615949119,-0.3267625727739725
W3C,-0.993019,3.100273,-4.6185510461429775,-4.327905112797692,0.7234634615949119,-0.3267625727739725
W3C,-1.174183,1.994339,-3.658219211785497,-3.1409883675146815,0.7234634615949119,-0.3267625727739725
W3C,-1.309259,1.51087,-3.929551565988931,-3.4662434622564016,0.7234634615949119,-0.3267625727739725
W3C,-2.654547,0.850512,-4.9942879296270615,-5.418976368042166,0.7234634615949119,-0.3267625727739725
W3C,-3.470589,1.644686,-3.7869269607441756,-3.468102936012026,0.7234634615949119,-0.3267625727739725
W3C,-3.941395,2.642511,-3.803372013682027,-3.9076859011014746,0.7234634615949119,-0.3267625727739725
W3C,-0.122418,0.896571,-3.4495809779035587,-3.276531540643494,0.7234634615949119,-0.3267625727739725
W3C,-3.324753,3.455841,-3.9718868913559464,-2.8280331569935107,0.7234634615949119,-0.3267625727739725
W3C,-1.044263,-1.785842,-3.5694373277069023,-2.296746114292883,0.7234634615949119,-0.3267625727739725
W3C,0.597397,0.967343,-4.183862407260149,-2.8988677007857966,0.7234634615949119,-0.3267625727739725
W3C,0.977647,0.555088,-4.546738165308211,-3.1759821344133226,0.7234634615949119,-0.3267625727739725
W3C,2.064453,-0.020048,-4.4959518094175355,-3.1809588139419502,0.7234634615949119,-0.3267625727739725
W3C,-0.762969,3.076056,-4.5581429147261066,-2.8381750271063555,0.7234634615949119,-0.3267625727739725
W3C,-0.551558,2.249221,-4.183862407260149,-2.696184897658274,0.7234634615949119,-0.3267625727739725
W3C,-2.615395,1.7301,-3.7820798224110557,-3.181288055738278,0.7234634615949119,-0.3267625727739725
W3C,-2.346525,1.915761,-3.5037169700162516,-3.732454152497066,0.7234634615949119,-0.3267625727739725
W3C,-0.975382,1.704003,-3.8872616130162694,-3.0655843513544356,0.7234634615949119,-0.3267625727739725
W3C,1.428323,2.237322,-6.457850658849639,-4.773547072219913,0.7234634615949119,-0.3267625727739725
W3C,-1.235687,3.281477,-4.739411094529478,-3.239322832487868,0.7234634615949119,-0.3267625727739725
W3C,-0.437362,0.657714,-4.48636188679927,-3.2186644507058753,0.7234634615949119,-0.3267625727739725
W3C,0.162569,2.0301,-3.7820798224110557,-3.181288055738278,0.7234634615949119,-0.3267625727739725
W3C,-2.671333,-1.626534,-6.474875330973822,-4.218510979487804,0.7234634615949119,-0.3267625727739725
W3C,-2.755821,1.816204,-6.558366869765852,-4.48441645075647,0.7234634615949119,-0.3267625727739725
W3C,-0.535797,1.578597,-3.6230650616895725,-3.102401276675141,0.7234634615949119,-0.3267625727739725
W3C,-1.129685,2.114597,-3.6230650616895725,-2.9031668748313035,0.7234634615949119,-0.3267625727739725
W3C,0.799066,1.770735,-3.284862273365082,-2.9827124665599403,0.7234634615949119,-0.3267625727739725
W3C,-2.561186,-1.108163,-3.4820858514157793,-3.346448095590138,0.7234634615949119,-0.3267625727739725
W3C,0.790482,-0.751424,-3.970672760346398,-3.0889250600957485,0.7234634615949119,-0.3267625727739725
W3C,-2.36021,-2.78273,-4.888620551623895,-3.5322779407743634,0.7234634615949119,-0.3267625727739725
W3C,-0.042271,0.601807,-4.345879197809437,-4.318836548225908,0.7234634615949119,-0.3267625727739725
W3C,-0.435516,-1.20647,-3.152902685353812,-3.1807599198478234,0.7234634615949119,-0.3267625727739725
W3C,0.534525,-1.942412,-3.3064600143114755,-3.3589362547857333,0.7234634615949119,-0.3267625727739725
W3C,-0.572172,-1.812633,-3.533617164321325,-3.6499824534298324,0.7234634615949119,-0.3267625727739725
W3C,-0.008184,0.823115,-3.3414292535352605,-3.5243126233660935,0.7234634615949119,-0.3267625727739725
W3C,0.62864,1.043705,-3.3414292535352605,-3.603644524696289,0.7234634615949119,-0.3267625727739725
W3C,-1.256913,-0.032478,-3.152902685353812,-3.1807599198478234,0.7234634615949119,-0.3267625727739725
W3C,1.222156,-1.680057,-3.1878719245775975,-3.1927802540076526,0.7234634615949119,-0.3267625727739725
W3C,-3.168947,-0.057917,-3.180039250418748,-3.174929486299865,0.7234634615949119,-0.3267625727739725
W3C,0.206089,0.900252,-4.091563521539246,-2.355752270261574,0.7234634615949119,-0.3267625727739725
W3C,0.232628,2.126583,-4.546738165308211,-2.427721763598454,0.7234634615949119,-0.3267625727739725
W3C,-0.747222,1.836163,-4.607797316943398,-3.128704221928568,0.7234634615949119,-0.3267625727739725
W3C,-0.879762,1.776712,-3.180039250418748,-3.0667566792811805,0.7234634615949119,-0.3267625727739725
W3C,-3.730988,-0.572968,-3.152902685353812,-3.279900263645745,0.7234634615949119,-0.3267625727739725
W3C,-0.058977,1.350619,-4.410852828422822,-3.2624427248445294,0.7234634615949119,-0.3267625727739725
W3C,-2.177718,1.002047,-3.3414292535352605,-3.6080402125330973,0.7234634615949119,-0.3267625727739725
W3C,-2.272154,-2.274268,-3.3414292535352605,-3.5055434920978596,0.7234634615949119,-0.3267625727739725
W3C,-0.844498,-1.395341,-3.9451054799636838,-3.1550996708865853,0.7234634615949119,-0.3267625727739725
W3C,-1.605242,2.364828,-3.3414292535352605,-3.5918580594241236,0.7234634615949119,-0.3267625727739725
W3C,-2.820547,0.391122,-4.49297230784124,-3.0757889383124697,0.7234634615949119,-0.3267625727739725
W3C,-1.18496,0.097384,-3.180039250418748,-3.0820643918506345,0.7234634615949119,-0.3267625727739725
W3C,-0.34182,-2.305679,-4.0806540756547305,-3.098529097346516,0.7234634615949119,-0.3267625727739725
W3C,-1.560856,-2.069066,-4.110557233768177,-3.421015780169455,0.7234634615949119,-0.3267625727739725
W3C,0.942215,-2.914331,-3.7472245612948285,-3.1556725926248292,0.7234634615949119,-0.3267625727739725
W3C,-3.39901,-0.602969,-3.3911080003852225,-3.5777708556944345,0.7234634615949119,-0.3267625727739725
W3C,1.919523,-3.237686,-3.3064600143114755,-3.3552145225941308,0.7234634615949119,-0.3267625727739725
W3C,-1.446252,0.04524,-3.9451054799636838,-3.181374993858642,0.7234634615949119,-0.3267625727739725
W3C,1.730115,-5.816557,-3.9451054799636838,-3.1213019401879203,0.7234634615949119,-0.3267625727739725
W3C,-0.146484,-2.372575,-3.9451054799636838,-3.091301225955777,0.7234634615949119,-0.3267625727739725
W3C,0.762781,1.984876,-4.546738165308211,-2.429474149832086,0.7234634615949119,-0.3267625727739725
W3C,-2.336815,-1.042761,-3.8237565750515214,-3.1554287996842487,0.7234634615949119,-0.3267625727739725
W3C,-1.190666,-0.951535,-4.474399952636481,-2.780221139626948,0.7234634615949119,-0.3267625727739725
W3C,1.570571,-0.661749,-4.55150965195514,-3.2713634602909045,0.7234634615949119,-0.3267625727739725
W3C,-1.921107,3.152942,-4.953011112839141,-4.499687932863757,0.7234634615949119,-0.3267625727739725
W3C,-2.088371,2.671299,-4.924730633238831,-4.0446165194126715,0.7234634615949119,-0.3267625727739725
W3C,-1.480928,1.520612,-3.763196723753469,-3.1597753426946236,0.7234634615949119,-0.3267625727739725
W3C,-2.269741,6.019076,-4.629682619702259,-3.6188478322115687,0.7234634615949119,-0.3267625727739725
W3C,-2.201642,3.425592,-3.7169232432789596,-3.152101668117304,0.7234634615949119,-0.3267625727739725
W3C,-2.77728,1.817422,-4.186209928959573,-2.6475119302058454,0.7234634615949119,-0.3267625727739725
W3C,-1.76526,1.346991,-3.7169232432789596,-2.9034790126432037,0.7234634615949119,-0.3267625727739725
W3C,-3.649532,1.052084,-4.2758456140494445,-3.3016696966392134,0.7234634615949119,-0.3267625727739725
W3C,-2.273412,-2.106764,-4.054070883640659,-2.7803762625366106,0.7234634615949119,-0.3267625727739725
W3C,1.228929,4.034582,-4.550269898967442,-2.714235919284801,0.7234634615949119,-0.3267625727739725
W3C,-3.841937,4.869298,-3.3730313970039694,-3.3450462349438603,0.7234634615949119,-0.3267625727739725
W3C,-2.586976,2.420541,-4.4959518094175355,-2.56486989939362,0.7234634615949119,-0.3267625727739725
W3C,-0.165003,1.568717,-3.180039250418748,-3.0820643918506345,0.7234634615949119,-0.3267625727739725
W1O,0.276262,1.751263,-1.354803986371793,-5.791959193759167,0.6044504796966732,-0.26364452079256356
W1O,-0.039958,-2.762628,-1.2822946792924248,-4.280777739254845,0.6044504796966732,-0.26364452079256356
W1O,2.929505,-1.469442,-1.3071902180992832,-6.002029864237968,0.6044504796966732,-0.26364452079256356
W1O,0.451442,-2.734796,-1.4331432374869855,-5.590725322832968,0.6044504796966732,-0.26364452079256356
W1O,-1.07813,-3.507203,-1.3496701123468196,-6.026227261825121,0.6044504796966732,-0.26364452079256356
W1O,0.495781,1.069026,-1.1608276668056248,-4.0193829935041485,0.6044504796966732,-0.26364452079256356
W1O,0.384363,-0.509678,-1.271543106982868,-4.060531959265637,0.6044504796966732,-0.26364452079256356
W1O,-0.888667,-3.015687,-1.271543106982868,-4.060531959265637,0.6044504796966732,-0.26364452079256356
W1O,-0.032849,-3.488583,-1.3572101097548974,-4.363545670300018,0.6044504796966732,-0.26364452079256356
W1O,1.860643,-1.051389,-1.1831084578830418,-3.8256578746377015,0.6044504796966732,-0.26364452079256356
W1O,-1.386855,-3.824494,-1.2102373366874266,-3.9836730806007297,0.6044504796966732,-0.26364452079256356
W1O,1.375858,-2.664645,-1.2209638801062956,-4.10568864674964,0.6044504796966732,-0.26364452079256356
W1O,3.137899,-4.048638,-1.2400587069802762,-3.7591429857877974,0.6044504796966732,-0.26364452079256356
W1O,2.280648,1.692948,-1.3026226253124948,-3.6616734800659896,0.6044504796966732,-0.26364452079256356
W1O,2.556453,0.014061,-1.1760207112434249,-4.137570061948356,0.6044504796966732,-0.26364452079256356
W1O,1.953275,-0.275302,-1.3003193294359912,-4.651190324788527,0.6044504796966732,-0.26364452079256356
W1O,1.666644,-0.582688,-1.231654860216289,-3.8922966538166284,0.6044504796966732,-0.26364452079256356
W1O,0.884054,1.459924,-1.4973099798808995,-6.39919959591645,0.6044504796966732,-0.26364452079256356
W1O,4.401547,-1.140253,-1.3283846239273027,-6.465298003426762,0.6044504796966732,-0.26364452079256356
W1O,0.825295,1.184212,-1.279137735829212,-4.571674889303917,0.6044504796966732,-0.26364452079256356
W1O,-1.044069,0.966942,-1.4198262092551093,-4.076755068081823,0.6044504796966732,-0.26364452079256356
W1O,2.791574,-1.528562,-1.2767789846011561,-4.605093908308793,0.6044504796966732,-0.26364452079256356
W1O,1.032732,3.125804,-1.22266869616924,-3.2437130850218225,0.6044504796966732,-0.26364452079256356
W1O,0.843869,-0.569328,-1.2137225615837617,-3.340661410190877,0.6044504796966732,-0.26364452079256356
W1O,0.305841,1.325411,-1.1053510352072415,-3.476954707646828,0.6044504796966732,-0.26364452079256356
W1O,-1.083291,2.074244,-1.2170292774252394,-3.7702260414729767,0.6044504796966732,-0.26364452079256356
W1O,2.343034,-0.330981,-1.1586619608876134,-4.487828383505677,0.6044504796966732,-0.26364452079256356
W1O,1.957116,-0.018787,-1.1254551860455817,-4.531371135598782,0.6044504796966732,-0.26364452079256356
W1O,-0.539123,-0.658018,-1.1657459912379822,-4.516746367450182,0.6044504796966732,-0.26364452079256356
W1O,4.313033,-3.356513,-1.3501091868746031,-4.665991185135449,0.6044504796966732,-0.26364452079256356
W1O,4.272267,-0.574777,-1.2712414762472781,-4.459340632227564,0.6044504796966732,-0.26364452079256356
W1O,-0.239423,-1.255522,-1.1482592745014362,-4.504364546664923,0.6044504796966732,-0.26364452079256356
W1O,0.499628,-1.699445,-1.1239290981160501,-4.497981150210642,0.6044504796966732,-0.26364452079256356
W1O,2.943402,-1.414422,-1.33023815596866,-5.700616422573955,0.6044504796966732,-0.26364452079256356
W1O,-0.176667,0.035732,-1.1182806675056784,-3.8568476617520884,0.6044504796966732,-0.26364452079256356
W1O,0.135069,-0.350373,-1.32593224055818,-4.725959941677586,0.6044504796966732,-0.26364452079256356
W1O,0.394718,-0.800487,-1.3283846239273027,-6.465298003426762,0.6044504796966732,-0.26364452079256356
W1O,2.353013,-0.911989,-1.3481111814515645,-6.481216926585231,0.6044504796966732,-0.26364452079256356
W1O,0.892469,0.945978,-1.2498038246189311,-3.759396907320807,0.6044504796966732,-0.26364452079256356
W1O,0.910073,-0.919129,-1.2604714125735925,-4.25844857926502,0.6044504796966732,-0.26364452079256356
W1O,-0.921264,1.138547,-1.2822946792924248,-4.280777739254845,0.6044504796966732,-0.26364452079256356
W1O,1.414423,-2.365459,-1.2796129929144155,-3.8875567616706856,0.6044504796966732,-0.26364452079256356
W1O,1.602362,-1.617123,-1.2181199301553365,-3.9060841393622105,0.6044504796966732,-0.26364452079256356
W1O,1.026229,-2.376842,-1.231654860216289,-3.8922966538166284,0.6044504796966732,-0.26364452079256356
W1O,4.202404,-4.165062,-1.2546693721907503,-3.90161583952639,0.6044504796966732,-0.26364452079256356
W1O,3.76287,-0.635071,-1.245335614580701,-4.089946191752693,0.6044504796966732,-0.26364452079256356
W1O,2.377781,-1.705923,-1.3654651680460983,-3.8942160235322647,0.6044504796966732,-0.26364452079256356
W1O,-0.19051,1.77784,-1.3660741279149151,-3.608768815090074,0.6044504796966732,-0.26364452079256356
W1O,7.227142,-1.144869,-1.3459747755710973,-6.391485719837229,0.6044504796966732,-0.26364452079256356
W1O,2.77425,-1.360141,-1.2430105514546828,-4.547477491716763,0.6044504796966732,-0.26364452079256356
W1O,2.066163,-0.750546,-1.3738584556814897,-4.711590519308559,0.6044504796966732,-0.26364452079256356
W1O,-0.541148,1.764318,-1.4794520220488019,-4.929388504459773,0.6044504796966732,-0.26364452079256356
W1O,0.963075,-2.540681,-1.5341133063168357,-7.044355988720164,0.6044504796966732,-0.26364452079256356
W1O,1.367264,-1.492114,-1.305924496264103,-6.3933808249735415,0.6044504796966732,-0.26364452079256356
W1O,1.439388,-2.210608,-1.3205062654123987,-3.5743726571033427,0.6044504796966732,-0.26364452079256356
W1O,2.939523,-1.860693,-1.3852192355444497,-3.9561782814961384,0.6044504796966732,-0.26364452079256356
W1O,3.443414,-0.951751,-1.4320308358445244,-5.290660338855601,0.6044504796966732,-0.26364452079256356
W1O,0.70503,-1.967873,-1.3530046855442706,-4.823669169919793,0.6044504796966732,-0.26364452079256356
W1O,0.825794,-0.981304,-1.2717840156622071,-3.468262099835868,0.6044504796966732,-0.26364452079256356
W1O,2.473896,0.643851,-1.4501965910682564,-4.448261755456964,0.6044504796966732,-0.26364452079256356
W1O,3.136091,0.929853,-1.1993948981149392,-3.591788967426274,0.6044504796966732,-0.26364452079256356
W1O,1.132361,-0.41832,-1.257155434683745,-3.7867679586466085,0.6044504796966732,-0.26364452079256356
W1O,3.300651,0.038661,-1.1679549498376942,-3.794382545924675,0.6044504796966732,-0.26364452079256356
W1O,1.873352,-0.639107,-1.2211489104657955,-4.231066240135235,0.6044504796966732,-0.26364452079256356
W1O,0.993046,-1.068963,-1.2628301638016486,-4.255263637722388,0.6044504796966732,-0.26364452079256356
W1O,1.589687,1.185338,-1.2211489104657955,-4.231066240135235,0.6044504796966732,-0.26364452079256356
W1O,1.579573,-0.410296,-1.285904729679766,-6.441100605839607,0.6044504796966732,-0.26364452079256356
W1O,0.708769,-0.673259,-1.3173828911263814,-5.5883681790278965,0.6044504796966732,-0.26364452079256356
W1O,-1.15293,-1.98487,-1.2599879609638918,-6.311379062792186,0.6044504796966732,-0.26364452079256356
W1O,0.900946,-0.795824,-1.3771035296052667,-5.608032196391066,0.6044504796966732,-0.26364452079256356
W1O,2.681281,-2.23667,-1.464388401199258,-5.638455357028273,0.6044504796966732,-0.26364452079256356
W1O,2.120488,-0.552718,-1.4589868248445046,-5.737951904577406,0.6044504796966732,-0.26364452079256356
W1O,3.703123,-2.629722,-1.284399474933978,-5.641458236149132,0.6044504796966732,-0.26364452079256356
W1O,3.340348,-1.816542,-1.2575016126416763,-4.234276207346138,0.6044504796966732,-0.26364452079256356
W1O,3.042592,-4.020887,-1.3024678552114284,-6.335576460379341,0.6044504796966732,-0.26364452079256356
W1O,4.517462,-0.711524,-1.1679549498376942,-3.794382545924675,0.6044504796966732,-0.26364452079256356
W1O,-0.35864,-3.916525,-1.2393729375203235,-3.5620866952978485,0.6044504796966732,-0.26364452079256356
W1O,2.808167,-3.694995,-1.2344063703872339,-3.666617983953225,0.6044504796966732,-0.26364452079256356
W1O,-0.258961,-2.638535,-1.271197075884171,-3.6567925960116017,0.6044504796966732,-0.26364452079256356
W1O,-1.168048,-4.897371,-1.2753685236058998,-3.585433854711558,0.6044504796966732,-0.26364452079256356
W1O,-1.489114,-2.31176,-1.2753685236058998,-3.585433854711558,0.6044504796966732,-0.26364452079256356
W1O,0.378471,-4.583584,-1.2716831436283782,-5.5872849928007815,0.6044504796966732,-0.26364452079256356
W1O,0.108866,-4.970076,-1.2822946792924248,-4.280777739254845,0.6044504796966732,-0.26364452079256356
W1O,0.021969,-2.431285,-1.2575016126416763,-4.234276207346138,0.6044504796966732,-0.26364452079256356
W1O,-1.266326,-3.976466,-1.3675433147300315,-4.445054480239443,0.6044504796966732,-0.26364452079256356
W1O,1.478334,-4.646208,-1.200499917006969,-3.562407063885069,0.6044504796966732,-0.26364452079256356
W1O,1.19144,-1.649537,-1.2439938127628913,-4.5995139491941925,0.6044504796966732,-0.26364452079256356
W1O,1.786819,-2.442474,-1.3003193294359912,-4.651190324788527,0.6044504796966732,-0.26364452079256356
W1O,0.87153,-2.635929,-1.2813211895647412,-4.499099744799165,0.6044504796966732,-0.26364452079256356
W1O,1.473895,-1.699106,-1.2191320886362125,-4.169101043403443,0.6044504796966732,-0.26364452079256356
W1O,0.751578,-4.269959,-1.3032001443075922,-4.484910045266466,0.6044504796966732,-0.26364452079256356
W1O,2.517756,-5.486753,-1.2874198323461763,-3.9803734239676882,0.6044504796966732,-0.26364452079256356
W1O,0.783859,0.740079,-1.3635022991282213,-6.388573553563757,0.6044504796966732,-0.26364452079256356
W1O,3.225166,-3.272246,-1.352934577628869,-4.863786526834332,0.6044504796966732,-0.26364452079256356
W1O,4.589071,-0.871873,-1.2718984905121402,-3.9816069575402784,0.6044504796966732,-0.26364452079256356
W1O,2.901888,-2.238069,-1.33023815596866,-5.700616422573955,0.6044504796966732,-0.26364452079256356
W1O,4.162568,-1.461515,-1.2916359344028727,-5.609614152790607,0.6044504796966732,-0.26364452079256356
W1O,3.386416,-0.345741,-1.33023815596866,-5.700616422573955,0.6044504796966732,-0.26364452079256356
W1O,6.059649,-1.513722,-1.4577857162159655,-5.885516526383227,0.6044504796966732,-0.26364452079256356
W1O,6.641148,-0.754309,-1.4674799527303752,-5.6323579627543605,0.6044504796966732,-0.26364452079256356
W1O,3.039439,0.555838,-1.2925212828451202,-6.197816074455583,0.6044504796966732,-0.26364452079256356
W1O,4.839332,2.105375,-1.37086717220651,-5.618851686220031,0.6044504796966732,-0.26364452079256356
W1O,3.600268,2.086628,-1.1651975688192708,-6.289253548116596,0.6044504796966732,-0.26364452079256356
W1O,5.958818,0.780292,-1.2628301638016486,-4.255263637722388,0.6044504796966732,-0.26364452079256356
W1O,2.675833,0.409107,-1.1380824614793403,-6.282870151662316,0.6044504796966732,-0.26364452079256356
W1O,5.029372,0.810889,-1.141462624658548,-4.212125667002277,0.6044504796966732,-0.26364452079256356
W1O,4.172071,-1.294622,-1.14826493942348,-3.4629810293574255,0.6044504796966732,-0.26364452079256356
W1O,1.876284,-1.722018,-1.14826493942348,-3.4629810293574255,0.6044504796966732,-0.26364452079256356
W1O,4.593327,-0.135403,-1.2848111180762525,-4.368479695555895,0.6044504796966732,-0.26364452079256356
W1O,4.417979,-1.040728,-1.2779563633817248,-4.316834464176557,0.6044504796966732,-0.26364452079256356
W1O,0.350013,-0.262151,-1.1460283868700984,-4.294913043689186,0.6044504796966732,-0.26364452079256356
W1O,-1.000272,-0.910819,-1.1460283868700984,-4.294913043689186,0.6044504796966732,-0.26364452079256356
W1O,1.042975,-0.759262,-1.2603738855866835,-4.571423984168232,0.6044504796966732,-0.26364452079256356
W1O,0.067895,-0.11214,-1.156827133019951,-3.7122112721476257,0.6044504796966732,-0.26364452079256356
W1O,1.191356,0.995934,-1.1163126478546272,-3.778946743317083,0.6044504796966732,-0.26364452079256356
W1O,3.951304,0.972734,-1.2076883131099916,-3.804286261903353,0.6044504796966732,-0.26364452079256356
W1O,4.854081,1.702692,-1.1998057196420815,-3.872472041208248,0.6044504796966732,-0.26364452079256356
W1O,4.931652,-1.661579,-1.2206844188494002,-3.5739041197176107,0.6044504796966732,-0.26364452079256356
W1O,1.548666,1.22116,-1.2823736826039798,-4.661699467574051,0.6044504796966732,-0.26364452079256356
W1O,3.846931,-0.104067,-1.2094212685414711,-3.983191395486681,0.6044504796966732,-0.26364452079256356
W1O,0.377887,0.227403,-1.3555055755494967,-4.659845779497491,0.6044504796966732,-0.26364452079256356
W1O,2.937006,-0.297827,-1.1811873708450569,-3.9064917430368027,0.6044504796966732,-0.26364452079256356
W1O,3.137043,-0.56595,-1.118992494105575,-3.6987998766812544,0.6044504796966732,-0.26364452079256356
W1O,4.251797,-1.879601,-1.2957216613444456,-3.7073366174132714,0.6044504796966732,-0.26364452079256356
W1O,2.046009,-0.537315,-1.2639461942622183,-3.8595228038602083,0.6044504796966732,-0.26364452079256356
W1O,2.394921,1.809227,-1.25014303816751,-3.964984564648847,0.6044504796966732,-0.26364452079256356
W1O,3.043297,2.419723,-1.4535816869479252,-5.654812643110655,0.6044504796966732,-0.26364452079256356
W1O,1.373756,-0.621823,-1.3856109166909845,-6.111788747005802,0.6044504796966732,-0.26364452079256356
W1O,2.743444,-0.766785,-1.3235697708965992,-6.162817587114132,0.6044504796966732,-0.26364452079256356
W1O,2.428715,1.930088,-1.3028622123467535,-3.6831237041134264,0.6044504796966732,-0.26364452079256356
W1O,2.354717,-1.827395,-1.413776375565731,-6.3716325202459805,0.6044504796966732,-0.26364452079256356
W1O,1.893715,4.728802,-1.3689308064882433,-3.4661274333810366,0.6044504796966732,-0.26364452079256356
W1O,0.281572,-0.04617,-1.33023815596866,-5.700616422573955,0.6044504796966732,-0.26364452079256356
W1O,4.851114,-0.429139,-1.37086717220651,-5.618851686220031,0.6044504796966732,-0.26364452079256356
W1O,3.704823,-0.520143,-1.4589868248445046,-5.737951904577406,0.6044504796966732,-0.26364452079256356
W1O,2.834792,-1.620322,-1.403078758762293,-5.702114764618193,0.6044504796966732,-0.26364452079256356
W1O,1.58759,0.203174,-1.271543106982868,-4.060531959265637,0.6044504796966732,-0.26364452079256356
W1O,2.865537,-0.985821,-1.219615732990176,-4.234251181677867,0.6044504796966732,-0.26364452079256356
W1O,1.526358,-1.3449,-1.2924920086656597,-4.081624828925362,0.6044504796966732,-0.26364452079256356
W1O,1.714061,-1.735106,-1.1189080651349723,-3.772257031249084,0.6044504796966732,-0.26364452079256356
W1O,2.08907,-1.388102,-1.2221321717740037,-4.317038558364776,0.6044504796966732,-0.26364452079256356
W1O,0.649079,-0.870781,-1.252791287714847,-3.3633953105032828,0.6044504796966732,-0.26364452079256356
W1O,4.194165,-1.284718,-1.111121733184062,-4.115444547272765,0.6044504796966732,-0.26364452079256356
W1O,3.503559,-0.084515,-1.3798578248416642,-4.773967270891576,0.6044504796966732,-0.26364452079256356
W1O,4.288126,-1.714235,-1.3951232052030875,-5.740506179256491,0.6044504796966732,-0.26364452079256356
W1O,1.215256,-0.947668,-1.2459618048366345,-3.5824548880610525,0.6044504796966732,-0.26364452079256356
W1O,4.864833,0.284467,-1.3046531652509512,-4.617771305783653,0.6044504796966732,-0.26364452079256356
W1O,0.500519,-1.967391,-1.2137225615837617,-3.340661410190877,0.6044504796966732,-0.26364452079256356
W1O,1.114421,1.346346,-1.2105482419212958,-3.557394767563462,0.6044504796966732,-0.26364452079256356
W1O,0.809721,-2.398002,-1.2745833390434245,-4.127289702110114,0.6044504796966732,-0.26364452079256356
W1O,2.118688,-1.624197,-1.3604423918497375,-4.6769867542483246,0.6044504796966732,-0.26364452079256356
W1O,2.553836,2.615027,-1.2973495295040747,-4.596783875407403,0.6044504796966732,-0.26364452079256356
W1O,4.453416,-0.607416,-1.3059854537956215,-3.6232824109695305,0.6044504796966732,-0.26364452079256356
W1O,0.678759,-2.334733,-1.4851882941028,-6.436589249635941,0.6044504796966732,-0.26364452079256356
W1O,0.736464,0.474882,-1.2717840156622071,-3.468262099835868,0.6044504796966732,-0.26364452079256356
W1O,0.439063,-0.021651,-1.4246407313623148,-4.738620974166656,0.6044504796966732,-0.26364452079256356
W1O,2.345787,-0.755305,-1.191297132066689,-4.249201852696578,0.6044504796966732,-0.26364452079256356
W1O,0.813259,0.972813,-1.2443360405714072,-3.8232746611634436,0.6044504796966732,-0.26364452079256356
W1O,0.159792,1.690921,-1.3133724379009437,-3.8145259559412352,0.6044504796966732,-0.26364452079256356
W1O,4.088186,0.540773,-1.2338182887974918,-3.8022754850262324,0.6044504796966732,-0.26364452079256356
W1O,2.387974,0.269225,-1.2975190669898158,-3.793526779804024,0.6044504796966732,-0.26364452079256356
W1O,1.949676,-2.41826,-1.2338182887974918,-3.8022754850262324,0.6044504796966732,-0.26364452079256356
W1O,3.006772,1.305573,-1.356345604237408,-3.943598434358333,0.6044504796966732,-0.26364452079256356
W1O,5.990018,2.084505,-1.3215984047432203,-4.76473094712377,0.6044504796966732,-0.26364452079256356
W1O,3.850471,3.266748,-1.3186286048113036,-4.718335718045676,0.6044504796966732,-0.26364452079256356
W1O,4.77109,0.245156,-1.267618423506294,-4.2494651637544845,0.6044504796966732,-0.26364452079256356
W1O,2.44499,1.270586,-1.3003193294359912,-4.651190324788527,0.6044504796966732,-0.26364452079256356
W1O,-1.500189,0.613394,-1.2628301638016486,-4.255263637722388,0.6044504796966732,-0.26364452079256356
W1O,1.216938,-0.44546,-1.1957285429494307,-6.175690559779992,0.6044504796966732,-0.26364452079256356
W1O,3.192871,0.792672,-1.2925212828451202,-6.197816074455583,0.6044504796966732,-0.26364452079256356
W1O,3.658197,1.402429,-1.2997956444125363,-4.076450882424106,0.6044504796966732,-0.26364452079256356
W1O,2.894779,-1.512114,-1.3542403098229807,-4.3411176442723995,0.6044504796966732,-0.26364452079256356
W1O,3.549412,-1.16987,-1.2163427575113417,-4.160303962260761,0.6044504796966732,-0.26364452079256356
W1O,3.068742,-1.198313,-1.4065023827986356,-4.3151430061508655,0.6044504796966732,-0.26364452079256356
W1O,4.199391,-0.43668,-1.3481111814515645,-6.481216926585231,0.6044504796966732,-0.26364452079256356
W1O,4.826446,-0.673305,-1.285904729679766,-6.441100605839607,0.6044504796966732,-0.26364452079256356
W1O,4.840817,1.658798,-1.1186649153166395,-5.540962080538035,0.6044504796966732,-0.26364452079256356
W1O,3.952986,1.474942,-1.2925212828451202,-6.197816074455583,0.6044504796966732,-0.26364452079256356
W1O,4.368622,-0.111447,-1.3283846239273027,-6.465298003426762,0.6044504796966732,-0.26364452079256356
W1O,3.091946,-1.925184,-1.3283846239273027,-6.465298003426762,0.6044504796966732,-0.26364452079256356
W1O,3.383506,-0.680444,-1.3793366272129557,-4.118812657568031,0.6044504796966732,-0.26364452079256356
W1O,2.679556,0.09635,-1.3771035296052667,-5.608032196391066,0.6044504796966732,-0.26364452079256356
W1O,2.384335,-2.06349,-1.3283846239273027,-6.465298003426762,0.6044504796966732,-0.26364452079256356
W1O,4.334748,-0.611822,-1.2575016126416763,-4.234276207346138,0.6044504796966732,-0.26364452079256356
W1O,2.457525,-0.683531,-1.284399474933978,-5.641458236149132,0.6044504796966732,-0.26364452079256356
W1O,4.135445,-1.370673,-1.3055633676197604,-5.657377159307599,0.6044504796966732,-0.26364452079256356
W1O,-0.687174,0.712213,-1.2393729375203235,-3.5620866952978485,0.6044504796966732,-0.26364452079256356
W1O,-0.689747,0.477951,-1.3215984047432203,-4.76473094712377,0.6044504796966732,-0.26364452079256356
W1O,0.634335,-3.493084,-1.3251566887634831,-4.176110357296494,0.6044504796966732,-0.26364452079256356
W1O,1.388506,-1.024506,-1.3421938350743812,-4.758630682153858,0.6044504796966732,-0.26364452079256356
W1O,0.375303,-4.639215,-1.3283846239273027,-6.465298003426762,0.6044504796966732,-0.26364452079256356
W1O,4.554385,-0.724788,-1.3909911647975515,-6.271507246035637,0.6044504796966732,-0.26364452079256356
W1O,2.607392,0.625087,-1.2166459330582595,-4.2100788097589845,0.6044504796966732,-0.26364452079256356
W1O,0.759332,-0.352431,-1.3319316097183544,-4.774755405288232,0.6044504796966732,-0.26364452079256356
W1O,4.753217,-5.268006,-1.3542403098229807,-4.3411176442723995,0.6044504796966732,-0.26364452079256356
W1O,1.555747,4.937805,-1.4024976805477911,-4.310193912935622,0.6044504796966732,-0.26364452079256356
W1O,3.709415,0.316769,-1.2383572740322901,-3.7937604351302685,0.6044504796966732,-0.26364452079256356
W1O,2.407263,-4.11866,-1.2757900921226744,-3.871353845496404,0.6044504796966732,-0.26364452079256356
W1O,3.04067,-2.636652,-1.1332743365755553,-3.7489010201422728,0.6044504796966732,-0.26364452079256356
W1O,-0.306895,-0.927973,-1.1474607200161349,-3.499080222322419,0.6044504796966732,-0.26364452079256356
W1O,2.75881,-2.765713,-1.180102440500537,-3.4031054796475,0.6044504796966732,-0.26364452079256356
W1O,3.678731,-1.545589,-1.1995400380860286,-4.232721685536686,0.6044504796966732,-0.26364452079256356
W1O,0.423915,1.508448,-0.9646060642439179,-4.348486020935605,0.6044504796966732,-0.26364452079256356
W1O,-0.040788,-3.722539,-1.0503650760138767,-3.8722354966021424,0.6044504796966732,-0.26364452079256356
W1O,0.42553,-4.418828,-1.326643515540639,-4.776438211361384,0.6044504796966732,-0.26364452079256356
W1O,-1.517426,-1.863656,-1.150643581933076,-4.4442742959342425,0.6044504796966732,-0.26364452079256356
W1O,0.908318,-4.825836,-1.447068672640693,-4.9016083036454114,0.6044504796966732,-0.26364452079256356
W1O,2.68146,-2.895256,-1.4374719118580972,-5.647164361229259,0.6044504796966732,-0.26364452079256356
W1O,3.37945,-3.493114,-1.329490524578443,-4.11537871620202,0.6044504796966732,-0.26364452079256356
W1O,-2.427209,-2.905761,-1.3635022991282213,-6.388573553563757,0.6044504796966732,-0.26364452079256356
W1O,0.844502,-0.558202,-1.4973099798808995,-6.39919959591645,0.6044504796966732,-0.26364452079256356
W1O,0.372567,-2.607519,-1.252791287714847,-3.3633953105032828,0.6044504796966732,-0.26364452079256356
W1O,-0.327957,-2.054167,-1.2628301638016486,-4.255263637722388,0.6044504796966732,-0.26364452079256356
W1O,1.901529,-3.263853,-1.3060217387540254,-3.912622265259866,0.6044504796966732,-0.26364452079256356
W1O,-2.135534,-1.09175,-1.3067343304786456,-3.798251822548025,0.6044504796966732,-0.26364452079256356
W1O,-1.201608,-3.879691,-1.3059854537956215,-3.6232824109695305,0.6044504796966732,-0.26364452079256356
W1O,1.673762,-7.358613,-1.3763344089006588,-5.088694944787957,0.6044504796966732,-0.26364452079256356
W1O,-0.201642,-4.751475,-1.2546693721907503,-3.90161583952639,0.6044504796966732,-0.26364452079256356
W1O,2.801517,-5.324313,-1.2957216613444456,-3.7073366174132714,0.6044504796966732,-0.26364452079256356
W1O,-3.257844,-2.746844,-1.3665410464143648,-4.278343287453785,0.6044504796966732,-0.26364452079256356
W1O,2.079808,-3.441439,-1.250777770580216,-3.967874693606162,0.6044504796966732,-0.26364452079256356
W1O,3.620547,-3.607303,-1.2253588762394791,-4.0415085081797395,0.6044504796966732,-0.26364452079256356
W1O,-1.602652,-3.455013,-1.2475104378691333,-4.094446416446221,0.6044504796966732,-0.26364452079256356
W1O,-0.416491,-2.852812,-1.2479413004481863,-3.6508098855240445,0.6044504796966732,-0.26364452079256356
W1O,0.406446,-5.132129,-1.2609345099233429,-3.9793004871062205,0.6044504796966732,-0.26364452079256356
W1O,0.851796,-4.967728,-1.2609345099233429,-3.9793004871062205,0.6044504796966732,-0.26364452079256356
W1O,0.154103,-4.459186,-1.2400587069802762,-3.7591429857877974,0.6044504796966732,-0.26364452079256356
W1O,-0.407812,-6.670815,-1.441183059448669,-4.336049064876002,0.6044504796966732,-0.26364452079256356
W1O,1.524362,-3.365164,-1.2498038246189311,-3.759396907320807,0.6044504796966732,-0.26364452079256356
W1O,-0.970631,-2.564527,-1.2629878513574204,-4.3397724586771815,0.6044504796966732,-0.26364452079256356
W1O,0.176988,-3.679127,-1.226523776919324,-3.7749510842169784,0.6044504796966732,-0.26364452079256356
W1O,-0.000367,-0.554746,-1.2701456352578913,-3.885191303576873,0.6044504796966732,-0.26364452079256356
W1O,2.163151,-0.27609,-1.21511123086285,-3.578360489389251,0.6044504796966732,-0.26364452079256356
W1O,1.944227,0.227517,-1.2671832867001513,-4.107900393615769,0.6044504796966732,-0.26364452079256356
W1O,3.591997,-1.272755,-1.2498038246189311,-3.759396907320807,0.6044504796966732,-0.26364452079256356
W1O,4.439063,-1.332149,-1.2766910083964775,-3.5685529273038052,0.6044504796966732,-0.26364452079256356
W1O,2.123419,-1.635629,-1.2405455223320032,-4.172627620126488,0.6044504796966732,-0.26364452079256356
W1O,4.906489,-2.765214,-1.3566960943278998,-3.6191024209170752,0.6044504796966732,-0.26364452079256356
W1O,1.923846,-6.747764,-1.3041006517160405,-3.9400653319445866,0.6044504796966732,-0.26364452079256356
W1O,3.641535,-5.885609,-1.3675890649705222,-6.039817196392223,0.6044504796966732,-0.26364452079256356
W1O,3.544031,-5.801921,-1.3221944127356902,-6.35149538353781,0.6044504796966732,-0.26364452079256356
W1O,0.824034,-1.863026,-1.285904729679766,-6.441100605839607,0.6044504796966732,-0.26364452079256356
W1O,1.424756,-1.238654,-1.285904729679766,-6.441100605839607,0.6044504796966732,-0.26364452079256356
W1O,0.469752,-1.184278,-1.1186649153166395,-5.540962080538035,0.6044504796966732,-0.26364452079256356
W1O,0.704615,-2.447829,-1.2211489104657955,-4.231066240135235,0.6044504796966732,-0.26364452079256356
W1O,2.863956,-2.526129,-1.1847656807864895,-5.583811706127332,0.6044504796966732,-0.26364452079256356
W1O,3.177789,-1.930071,-1.2662145558228957,-4.065705905766894,0.6044504796966732,-0.26364452079256356
W1O,0.273656,-1.697741,-1.2379357055155156,-3.5078404443454225,0.6044504796966732,-0.26364452079256356
W1O,-0.454939,-2.582728,-1.2475104378691333,-4.094446416446221,0.6044504796966732,-0.26364452079256356
W1O,-2.230192,0.554498,-1.2848111180762525,-4.368479695555895,0.6044504796966732,-0.26364452079256356
W1O,-0.757783,-3.458469,-1.2753685236058998,-3.585433854711558,0.6044504796966732,-0.26364452079256356
W1O,1.568332,-2.876526,-1.1171324482731617,-4.205742270547996,0.6044504796966732,-0.26364452079256356
W1O,-3.03314,-2.7708,-1.2848111180762525,-4.368479695555895,0.6044504796966732,-0.26364452079256356
W1O,0.068832,-3.215314,-1.284399474933978,-5.641458236149132,0.6044504796966732,-0.26364452079256356
W1O,1.700696,-0.7409,-1.1203940406173696,-4.208940725459644,0.6044504796966732,-0.26364452079256356
W1O,0.817144,-1.605901,-1.1235763644727739,-4.1879532950833935,0.6044504796966732,-0.26364452079256356
W1O,0.686086,-3.529517,-1.2166459330582595,-4.2100788097589845,0.6044504796966732,-0.26364452079256356
W1O,-0.286561,-1.799791,-1.2628301638016486,-4.255263637722388,0.6044504796966732,-0.26364452079256356
W1O,1.684483,-1.309254,-1.1182806675056784,-3.8568476617520884,0.6044504796966732,-0.26364452079256356
W1O,1.566785,-1.202092,-1.1956398367698158,-6.015972060750155,0.6044504796966732,-0.26364452079256356
W1O,0.951969,-2.830269,-1.2792954233849838,-4.622247849506597,0.6044504796966732,-0.26364452079256356
W1O,2.677222,-2.024355,-1.2866285151073844,-4.277592797712213,0.6044504796966732,-0.26364452079256356
W1O,3.769009,-1.472593,-1.3136177304465475,-4.368595067495559,0.6044504796966732,-0.26364452079256356
W1O,3.63864,-1.587956,-1.3118362513302715,-3.76886991900682,0.6044504796966732,-0.26364452079256356
W1O,1.675014,1.738595,-1.3080284631112664,-3.855719973843357,0.6044504796966732,-0.26364452079256356
W1O,3.833964,-0.237276,-1.3012575688336658,-3.7191374481138695,0.6044504796966732,-0.26364452079256356
W1O,3.310351,1.154339,-1.2906100515458818,-3.953353690087513,0.6044504796966732,-0.26364452079256356
W1O,2.947951,2.257718,-1.326643515540639,-4.776438211361384,0.6044504796966732,-0.26364452079256356
W1O,3.147158,1.029684,-1.4374719118580972,-5.647164361229259,0.6044504796966732,-0.26364452079256356
W1O,1.675872,-1.744094,-1.3630042406215703,-4.252687850092835,0.6044504796966732,-0.26364452079256356
W1O,1.802731,1.240181,-1.4374719118580972,-5.647164361229259,0.6044504796966732,-0.26364452079256356
W1O,2.672906,-1.532968,-1.4690785190129723,-6.3380336584925345,0.6044504796966732,-0.26364452079256356
W1O,1.596879,-2.186088,-1.4581522255557293,-6.5318237108507455,0.6044504796966732,-0.26364452079256356
W1O,4.139519,3.049369,-1.5090148768107678,-6.549169777504096,0.6044504796966732,-0.26364452079256356
W1O,2.062205,-1.576332,-1.354803986371793,-5.791959193759167,0.6044504796966732,-0.26364452079256356
W1O,0.153659,-0.496542,-1.4226121578884632,-4.283866864576177,0.6044504796966732,-0.26364452079256356
W1O,3.463372,-2.113767,-1.3468712540122916,-5.696304993085517,0.6044504796966732,-0.26364452079256356
W1O,1.643113,-6.006229,-1.3627737449879642,-3.669454331508469,0.6044504796966732,-0.26364452079256356
W1O,3.068942,-3.274513,-1.3136177304465475,-4.368595067495559,0.6044504796966732,-0.26364452079256356
W1O,-0.04497,-1.05451,-1.2716831436283782,-5.5872849928007815,0.6044504796966732,-0.26364452079256356
W1O,2.01865,-1.585014,-1.285904729679766,-6.441100605839607,0.6044504796966732,-0.26364452079256356
W1O,0.194782,-1.570465,-1.1320675834963052,-4.029955793753496,0.6044504796966732,-0.26364452079256356
W1O,2.286573,-1.70073,-1.2628301638016486,-4.255263637722388,0.6044504796966732,-0.26364452079256356
W1O,1.458393,-1.876821,-1.2628301638016486,-4.255263637722388,0.6044504796966732,-0.26364452079256356
W1O,0.055326,-1.372765,-1.2221321717740037,-4.317038558364776,0.6044504796966732,-0.26364452079256356
W1O,0.48365,-1.129258,-1.1216982104847124,-4.288529647234905,0.6044504796966732,-0.26364452079256356
W1O,0.845281,-4.420404,-1.11388496445768,-3.8916229371589477,0.6044504796966732,-0.26364452079256356
W1O,-1.522752,-1.673593,-1.1617963976828802,-4.061577481353024,0.6044504796966732,-0.26364452079256356
W1O,-0.458544,-1.7007,-1.2662145558228957,-4.065705905766894,0.6044504796966732,-0.26364452079256356
W1O,-0.937196,-1.126494,-1.2662145558228957,-4.065705905766894,0.6044504796966732,-0.26364452079256356
S2O,2.358547,-0.048312,-0.46593996980374075,0.7146204879181638,0.7271679445939334,-0.3606343281555773
S2O,-1.894259,-4.23951,-0.1128867940893342,0.5146439377901374,0.7271679445939334,-0.3606343281555773
S2O,-1.905251,6.342588,-0.5492783450570208,0.4566292896257375,0.7271679445939334,-0.3606343281555773
S2O,-5.527364,3.310105,-0.19592493988770224,0.499800398745101,0.7271679445939334,-0.3606343281555773
S2O,-3.551451,-5.652818,-0.19592493988770224,0.499800398745101,0.7271679445939334,-0.3606343281555773
S2O,-3.819875,4.374555,-0.41479621316100274,0.8805225999669593,0.7271679445939334,-0.3606343281555773
S2O,-0.272628,-2.120997,-0.40072549783222156,0.5533314365040499,0.7271679445939334,-0.3606343281555773
S2O,-6.117065,2.305337,-0.8895142511311525,0.38373615171226605,0.7271679445939334,-0.3606343281555773
S2O,-2.249563,-0.424409,-0.7612302852084277,0.3130637207546827,0.7271679445939334,-0.3606343281555773
S2O,-0.395311,-1.433196,-0.39343372020369494,0.8461155126745972,0.7271679445939334,-0.3606343281555773
S2O,-0.688792,1.474303,-0.8895142511311525,0.38373615171226605,0.7271679445939334,-0.3606343281555773
S2O,-7.762805,-2.624616,-0.16032061484029153,0.14412317109836636,0.7271679445939334,-0.3606343281555773
S2O,-4.332774,-2.327115,-0.6338132905711686,0.2543249898158401,0.7271679445939334,-0.3606343281555773
S2O,-6.058452,-0.566579,-0.5257039613262159,0.03855304665260551,0.7271679445939334,-0.3606343281555773
S2O,1.938042,-3.205715,-0.42169242506468063,0.7938068051947256,0.7271679445939334,-0.3606343281555773
S2O,4.172965,-5.195917,-0.3677487311825511,0.8258765218277596,0.7271679445939334,-0.3606343281555773
S2O,3.760289,-1.634299,0.019967577596436095,0.40863959331917854,0.7271679445939334,-0.3606343281555773
S2O,-2.848901,0.212166,-0.8101010553846737,0.18509961600869967,0.7271679445939334,-0.3606343281555773
S2O,5.780782,-8.758033,-0.21008802515162286,0.5254268790864707,0.7271679445939334,-0.3606343281555773
S2O,-4.27639,2.391184,-0.84588233118023,0.369924810163664,0.7271679445939334,-0.3606343281555773
S2O,1.307782,-0.446633,-0.34452399237683906,0.32159853144404643,0.7271679445939334,-0.3606343281555773
S2O,-2.656372,2.478325,-0.7269224244512579,0.33836845833770307,0.7271679445939334,-0.3606343281555773
S2O,-1.937053,6.065336,-0.5428537942264146,0.635853371827916,0.7271679445939334,-0.3606343281555773
S2O,-4.129505,0.987656,-0.6196519781779911,0.5832311989317057,0.7271679445939334,-0.3606343281555773
S2O,-7.238664,4.467086,-0.8709003515141088,0.3993933214347964,0.7271679445939334,-0.3606343281555773
S2O,-1.881113,4.767398,-0.9144141057213335,0.293426636165883,0.7271679445939334,-0.3606343281555773
S2O,-2.300128,1.922444,-0.8620401624959851,0.3918672044237449,0.7271679445939334,-0.3606343281555773
S2O,1.460004,1.486944,-0.8256659684791408,0.5551024103000087,0.7271679445939334,-0.3606343281555773
S2O,-0.064451,0.613078,-0.7580256923489023,0.3750369107811553,0.7271679445939334,-0.3606343281555773
S2O,-1.507825,0.984767,-1.1750542758585418,0.4274207399233209,0.7271679445939334,-0.3606343281555773
S2O,-2.658812,4.342499,-0.05448888384417143,0.5401022720789862,0.7271679445939334,-0.3606343281555773
S2O,0.738972,-1.653494,-0.6883857698869068,0.390253586906857,0.7271679445939334,-0.3606343281555773
S2O,-2.282152,0.905697,-0.6883857698869068,0.390253586906857,0.7271679445939334,-0.3606343281555773
S2O,-5.685675,3.843651,-0.6488832406936419,0.030908724052267626,0.7271679445939334,-0.3606343281555773
S2O,-5.345459,5.197359,-0.821918515242848,0.2895398676914374,0.7271679445939334,-0.3606343281555773
S2O,-5.036313,4.856213,0.0011066068929965018,0.45415341728431174,0.7271679445939334,-0.3606343281555773
S2O,-5.213975,5.714546,-0.9208946693744463,0.14297340645865683,0.7271679445939334,-0.3606343281555773
S2O,-1.259809,2.421812,-0.8061391310962165,0.16221346015989804,0.7271679445939334,-0.3606343281555773
S2O,-0.428509,1.984219,-0.7092178257547107,0.1769449140257774,0.7271679445939334,-0.3606343281555773
S2O,-3.195771,2.173917,-0.5263784067747147,0.043617608852170246,0.7271679445939334,-0.3606343281555773
S2O,-2.530762,3.654395,-0.7111800008396988,-0.008374775687850708,0.7271679445939334,-0.3606343281555773
S2O,0.348284,3.346767,-0.05468860230151434,0.41929918831864854,0.7271679445939334,-0.3606343281555773
S2O,-4.984832,2.620928,0.022931461243520856,0.829176979232903,0.7271679445939334,-0.3606343281555773
S2O,-0.098617,-2.376382,-0.6604347271609021,0.26009840093016795,0.7271679445939334,-0.3606343281555773
S2O,-0.333462,0.806854,-0.772455072858157,0.247607258461679,0.7271679445939334,-0.3606343281555773
S2O,0.084046,7.725985,-0.6514209186700571,0.5332395767232533,0.7271679445939334,-0.3606343281555773
S2O,0.644674,0.204704,-0.706082473921915,0.12700201075653564,0.7271679445939334,-0.3606343281555773
S2O,0.066988,2.369238,-0.6883857698869068,0.390253586906857,0.7271679445939334,-0.3606343281555773
S2O,1.979894,-2.75044,-0.7634656500328231,0.47816681035222425,0.7271679445939334,-0.3606343281555773
S2O,-4.179823,-1.81114,-0.3892532663255329,0.4298164982589981,0.7271679445939334,-0.3606343281555773
S2O,-6.849235,-2.653862,-0.12109670377768701,0.1120921070594512,0.7271679445939334,-0.3606343281555773
S2O,-10.32226,-3.808404,-0.08016474273607711,0.3002558366510668,0.7271679445939334,-0.3606343281555773
S2O,-8.111468,5.409306,0.04874819139326816,0.4963401456061917,0.7271679445939334,-0.3606343281555773
S2O,-7.148751,3.580221,-0.48953533510704433,0.4339589366949479,0.7271679445939334,-0.3606343281555773
S2O,-0.774093,0.630814,-0.43230998219914946,0.7369025442683697,0.7271679445939334,-0.3606343281555773
S2O,3.979589,-0.229118,-0.8500493400230323,0.21098934545525874,0.7271679445939334,-0.3606343281555773
S2O,-1.815731,-0.75027,-0.41205536105682,0.4788007025102461,0.7271679445939334,-0.3606343281555773
S2O,-2.017028,-0.024545,-1.0544814498417863,0.2880665016357555,0.7271679445939334,-0.3606343281555773
S2O,-3.471183,1.586722,-0.15003638602717836,0.49344998903671144,0.7271679445939334,-0.3606343281555773
S2O,-6.300234,-0.653387,-0.34452399237683906,0.32159853144404643,0.7271679445939334,-0.3606343281555773
S2O,-9.89009,4.70605,-0.9942748419364178,0.44797217864380295,0.7271679445939334,-0.3606343281555773
S2O,-2.123565,-0.576626,-0.14441284543321561,0.5518783823377095,0.7271679445939334,-0.3606343281555773
S2O,-6.946315,2.207043,-0.3760171855275091,0.646988078741775,0.7271679445939334,-0.3606343281555773
S2O,-6.372818,4.641448,-0.7838890844231997,0.26650091866233233,0.7271679445939334,-0.3606343281555773
S2O,-7.423751,4.812391,-0.20872479250477496,0.09977103692336019,0.7271679445939334,-0.3606343281555773
S2O,-5.857914,4.511925,-0.34264274656027416,0.45188931405505695,0.7271679445939334,-0.3606343281555773
S2O,-3.590909,0.800986,-0.6937441927458228,0.3668587599080252,0.7271679445939334,-0.3606343281555773
S2O,-3.369528,-1.667128,-0.27941479019558235,0.04803346637410369,0.7271679445939334,-0.3606343281555773
S2O,-10.280369,3.991395,-0.676256977678004,0.1956743902836816,0.7271679445939334,-0.3606343281555773
S2O,-1.471494,-3.426233,-0.48953533510704433,0.4339589366949479,0.7271679445939334,-0.3606343281555773
S2O,-5.428429,2.869206,-0.3249246072150243,0.2171607160400984,0.7271679445939334,-0.3606343281555773
S2O,-2.472478,2.970229,-0.19164577381624043,0.05463196096894739,0.7271679445939334,-0.3606343281555773
S2O,-13.228119,-0.351617,-0.18306624024995558,0.7729522295173281,0.7271679445939334,-0.3606343281555773
S2O,-6.528309,-0.115904,-0.35957389486942226,-1.6237551970219741,0.7271679445939334,-0.3606343281555773
S2O,-1.290513,3.785297,-0.7954951878259877,-3.3025967462533146,0.7271679445939334,-0.3606343281555773
S2O,-2.38236,-0.774093,0.10477465289395563,-3.129514052924028,0.7271679445939334,-0.3606343281555773
S2O,-4.271556,-0.098191,-0.1273959021117892,-3.1434539875028413,0.7271679445939334,-0.3606343281555773
S2O,-3.189848,0.27606,-0.1790894271269609,-3.398554894728057,0.7271679445939334,-0.3606343281555773
S2O,0.563354,-2.380265,-0.13445208459388047,-1.7618580461522406,0.7271679445939334,-0.3606343281555773
S2O,-2.373392,-0.138371,-0.5531438520107448,-1.7009618866510325,0.7271679445939334,-0.3606343281555773
S2O,0.198031,-2.080595,-0.3386261250918286,-3.4022825499421403,0.7271679445939334,-0.3606343281555773
S2O,-1.598381,-0.23793,-0.1345923141300943,-3.294897180422449,0.7271679445939334,-0.3606343281555773
S2O,-2.266633,-0.345312,-0.5887767787038682,-3.001491451904142,0.7271679445939334,-0.3606343281555773
S2O,-6.254093,-7.274996,-0.46423781405205594,-3.4007714126572997,0.7271679445939334,-0.3606343281555773
S2O,-2.153221,-3.867711,-0.7611467043067122,-3.3352820567996577,0.7271679445939334,-0.3606343281555773
S2O,2.256712,1.676369,-0.7954951878259877,-3.3025967462533146,0.7271679445939334,-0.3606343281555773
S2O,1.872988,0.124203,-0.14083419379026418,-3.151941338364668,0.7271679445939334,-0.3606343281555773
S2O,-1.02909,-2.837303,-0.45667910017193575,-3.4593314979987744,0.7271679445939334,-0.3606343281555773
S2O,-0.760346,-7.518147,-0.5238206453540595,-1.895351009706154,0.7271679445939334,-0.3606343281555773
S2O,-3.012497,3.703913,-0.1790894271269609,-3.3877594017063046,0.7271679445939334,-0.3606343281555773
S2O,-2.25271,6.005021,-1.0101496147344649,-1.501933498650953,0.7271679445939334,-0.3606343281555773
S2O,-0.820166,0.577605,-0.5238206453540595,-1.267476279995944,0.7271679445939334,-0.3606343281555773
S2O,0.019512,-1.523584,-0.6274468305967508,-3.5646811338084845,0.7271679445939334,-0.3606343281555773
S2O,-0.020954,-0.237682,-0.634062120935495,-1.143237061501901,0.7271679445939334,-0.3606343281555773
S2O,-0.349635,-1.100917,-0.7394477564582845,-1.374220601483999,0.7271679445939334,-0.3606343281555773
S2O,-1.78715,-3.486548,-0.7984945543227462,-1.0949615218619129,0.7271679445939334,-0.3606343281555773
S2O,-0.823011,1.671632,-1.152485288471826,-1.1557647677284844,0.7271679445939334,-0.3606343281555773
S2O,-2.087302,0.637974,-1.152485288471826,-0.3413569085482226,0.7271679445939334,-0.3606343281555773
S2O,-1.831831,-0.749361,-0.7984945543227462,-0.3527222110560022,0.7271679445939334,-0.3606343281555773
S2O,-2.05341,-1.908852,-1.152485288471826,-0.3627293673044988,0.7271679445939334,-0.3606343281555773
S2O,-1.21401,-3.061264,-0.5562023836530846,-0.20887084660726696,0.7271679445939334,-0.3606343281555773
S2O,-3.35773,3.310411,-1.0668236439596015,-1.4420663949116397,0.7271679445939334,-0.3606343281555773
S2O,-2.652381,1.786062,-1.0828268326182247,-0.8882663384974112,0.7271679445939334,-0.3606343281555773
S2O,1.688937,1.250782,-0.14689706251630985,-1.757578973916645,0.7271679445939334,-0.3606343281555773
S2O,-0.553401,4.826391,-1.2827861991992262,-3.2902569881901127,0.7271679445939334,-0.3606343281555773
S2O,-3.866766,1.731833,-1.3532443826358131,-0.7837635640899296,0.7271679445939334,-0.3606343281555773
S2O,3.005658,4.357592,-1.0668236439596015,-3.3557755892426737,0.7271679445939334,-0.3606343281555773
S2O,-1.85724,-1.294859,-1.0579173441601228,-1.7367125167821083,0.7271679445939334,-0.3606343281555773
S2O,-4.631014,6.027657,-0.7984945543227462,-3.3103114994119056,0.7271679445939334,-0.3606343281555773
S2O,-3.136453,2.271026,-1.2022438452958963,-1.5162203905042704,0.7271679445939334,-0.3606343281555773
S2O,-1.102914,3.484498,-0.9985023067362285,-2.9319604623400104,0.7271679445939334,-0.3606343281555773
S2O,-1.840201,1.963452,-1.0828268326182247,-3.5108188155430624,0.7271679445939334,-0.3606343281555773
S2O,-1.084629,-8.303497,-0.16075835482253384,-3.435710186273956,0.7271679445939334,-0.3606343281555773
S2O,-0.660294,-4.219873,0.12126400228326199,-3.1413541628263895,0.7271679445939334,-0.3606343281555773
S2O,0.643751,-0.956081,-1.152485288471826,-0.9320750146104325,0.7271679445939334,-0.3606343281555773
S2O,-6.262549,0.014199,-0.49007805646265334,-1.4754455887824383,0.7271679445939334,-0.3606343281555773
S2O,-2.744329,-2.22703,-1.3900054007661395,-1.3485292086099487,0.7271679445939334,-0.3606343281555773
S2O,0.436044,-2.060545,-1.0101496147344649,-3.5531378326410104,0.7271679445939334,-0.3606343281555773
S2O,-2.032214,0.087931,-1.0579173441601228,-3.539682335885556,0.7271679445939334,-0.3606343281555773
S2O,1.935666,-6.96714,-1.0351154881383755,-3.3269120689001803,0.7271679445939334,-0.3606343281555773
S2O,1.194068,0.87689,-1.2679756348612032,-3.450553023469647,0.7271679445939334,-0.3606343281555773
S2O,-3.450766,-1.2942,-1.2640431763025928,-3.0741782827182718,0.7271679445939334,-0.3606343281555773
S2O,0.421431,-1.747187,-1.1200999779704623,-3.3076613778037673,0.7271679445939334,-0.3606343281555773
S2O,0.592117,-3.587374,-0.706082473921915,-3.498391301732424,0.7271679445939334,-0.3606343281555773
S2O,0.143562,-2.568643,-0.7227125684640716,-3.3513014512302157,0.7271679445939334,-0.3606343281555773
S2O,1.417625,-0.408186,-0.9815934747927916,-1.8933799319483937,0.7271679445939334,-0.3606343281555773
S2O,2.458434,3.819227,-0.6274468305967508,-2.1331746127689355,0.7271679445939334,-0.3606343281555773
S2O,0.048367,1.276423,-1.0959919333418593,-1.8838718228636537,0.7271679445939334,-0.3606343281555773
S2O,3.84752,-1.996404,-0.706082473921915,-3.126005718076764,0.7271679445939334,-0.3606343281555773
S2O,-1.470378,0.312939,-0.6274468305967508,-3.5371688913842423,0.7271679445939334,-0.3606343281555773
S2O,-2.678975,3.126991,-0.12644765440075878,-3.1085710088571017,0.7271679445939334,-0.3606343281555773
S2O,-3.607191,-0.727275,-0.4289194339450586,-1.3647446860509178,0.7271679445939334,-0.3606343281555773
S2O,-4.560063,4.137291,-1.2027219806452993,-3.4583748698769705,0.7271679445939334,-0.3606343281555773
S2O,-6.308294,-2.22676,-1.2465126661316397,-3.450553023469647,0.7271679445939334,-0.3606343281555773
S2O,-0.577026,-0.742062,-0.46423781405205594,-3.4007714126572997,0.7271679445939334,-0.3606343281555773
S2O,-3.571081,3.155026,-1.2022438452958963,-3.57366884059356,0.7271679445939334,-0.3606343281555773
S2O,1.805781,-1.066326,-1.2022438452958963,-3.57366884059356,0.7271679445939334,-0.3606343281555773
S2O,5.213072,-2.888311,-1.077805908581912,-3.543629723556271,0.7271679445939334,-0.3606343281555773
S2O,4.44345,-0.690618,-1.077805908581912,-3.543629723556271,0.7271679445939334,-0.3606343281555773
S2O,-3.127819,4.04528,-0.4954822775555428,-3.293152859788866,0.7271679445939334,-0.3606343281555773
S2O,-1.313077,2.145772,-0.6768695788145791,-3.3465474040272327,0.7271679445939334,-0.3606343281555773
S2O,5.509366,1.883416,-0.6768695788145791,-3.3465474040272327,0.7271679445939334,-0.3606343281555773
S2O,1.778432,5.029613,-0.7954951878259877,-3.3025967462533146,0.7271679445939334,-0.3606343281555773
S2O,1.356635,4.138149,-0.1790894271269609,-3.398554894728057,0.7271679445939334,-0.3606343281555773
S2O,3.561317,9.527669,-0.14083419379026418,-3.151941338364668,0.7271679445939334,-0.3606343281555773
S2O,0.050824,1.510684,-0.34335407724469824,-3.2971056094187174,0.7271679445939334,-0.3606343281555773
S2O,0.41055,0.921121,-0.37587371411156717,-3.426030840001727,0.7271679445939334,-0.3606343281555773
S2O,-0.211103,2.306803,-0.16863377377207517,-3.2912681422520507,0.7271679445939334,-0.3606343281555773
S2O,-2.228678,-1.67572,-0.2007425699555581,-4.284501904352734,0.7271679445939334,-0.3606343281555773
S2O,-0.81926,-0.360045,-0.1790894271269609,-3.398554894728057,0.7271679445939334,-0.3606343281555773
S2O,-2.373184,4.538452,-0.14047150873161318,-3.239682383190755,0.7271679445939334,-0.3606343281555773
S2O,-0.823011,1.671632,-0.14047150873161318,-3.131206611781214,0.7271679445939334,-0.3606343281555773
S2O,-1.687792,-1.058863,-0.5457887191130528,-3.437451273447339,0.7271679445939334,-0.3606343281555773
S2O,-1.357411,-1.691418,-0.3386261250918286,-3.4022825499421403,0.7271679445939334,-0.3606343281555773
S2O,1.006968,-0.530109,-0.12644765440075878,-3.119366501878854,0.7271679445939334,-0.3606343281555773
S2O,-1.530308,2.303139,-0.13445208459388047,-3.2230386562546602,0.7271679445939334,-0.3606343281555773
S2O,2.096325,6.08321,-0.13445208459388047,-3.2230386562546602,0.7271679445939334,-0.3606343281555773
S2O,4.953269,4.716446,-0.16044499565167783,-3.2993949232269473,0.7271679445939334,-0.3606343281555773
S2O,0.871851,8.139151,-0.2007425699555581,-4.13590677485949,0.7271679445939334,-0.3606343281555773
S2O,6.753163,2.840095,-0.2007425699555581,-4.340522592096841,0.7271679445939334,-0.3606343281555773
S2O,5.704822,-0.471616,-0.2007425699555581,-4.006751710319605,0.7271679445939334,-0.3606343281555773
S2O,1.243743,1.566124,-0.34335407724469824,-3.166134077870288,0.7271679445939334,-0.3606343281555773
S2O,-1.532662,0.64015,-0.529537097677877,-3.684175068897818,0.7271679445939334,-0.3606343281555773
S2O,5.637322,9.109103,0.01757598093550685,-3.337510603951848,0.7271679445939334,-0.3606343281555773
S2O,-0.306203,-2.811139,-0.34692129426189394,-3.5119687390239323,0.7271679445939334,-0.3606343281555773
S2O,2.78077,3.711736,0.02690827436651551,-3.2956672680128634,0.7271679445939334,-0.3606343281555773
S2O,2.747526,1.883061,-0.1715893133140599,-3.3168578121290637,0.7271679445939334,-0.3606343281555773
S2O,0.847613,11.143069,-0.2007425699555581,-3.8887781418146687,0.7271679445939334,-0.3606343281555773
S2O,-3.618783,-1.027992,-0.14083419379026418,-3.151941338364668,0.7271679445939334,-0.3606343281555773
S2O,-1.314035,-3.211884,-0.5531438520107448,-3.2468092885985733,0.7271679445939334,-0.3606343281555773
S2O,-9.632802,11.07613,-0.6675635221419339,-3.2867079543839988,0.7271679445939334,-0.3606343281555773
S2O,-1.729705,5.160679,-0.7448936818143314,-3.247930364732181,0.7271679445939334,-0.3606343281555773
S2O,-2.860158,6.307197,-0.21008462502134434,-3.515510182295236,0.7271679445939334,-0.3606343281555773
S2O,-0.403786,9.193408,-1.1200999779704623,-3.4955155121173647,0.7271679445939334,-0.3606343281555773
S2O,5.490502,-0.548812,-0.7954951878259877,-3.3025967462533146,0.7271679445939334,-0.3606343281555773
S2O,-1.492597,6.118379,-0.1790894271269609,-3.398554894728057,0.7271679445939334,-0.3606343281555773
S2O,4.767735,0.094732,-0.4954822775555428,-3.293152859788866,0.7271679445939334,-0.3606343281555773
S2O,-1.608127,1.782923,0.06673216614037561,-3.327005363174239,0.7271679445939334,-0.3606343281555773
S2O,-0.851319,-4.075147,-0.597075105980273,-3.2998719079832126,0.7271679445939334,-0.3606343281555773
S2O,-0.178562,2.215671,0.12305785261248756,-3.153601538548017,0.7271679445939334,-0.3606343281555773
S2O,1.322957,-1.608327,-0.35957389486942226,-3.6182786945614507,0.7271679445939334,-0.3606343281555773
S2O,3.82819,0.426819,-0.45667910017193575,-3.442614748596284,0.7271679445939334,-0.3606343281555773
S2O,-1.466469,-3.337222,0.02690827436651551,-3.2956672680128634,0.7271679445939334,-0.3606343281555773
S2O,-3.159207,5.587393,-0.1345923141300943,-3.294897180422449,0.7271679445939334,-0.3606343281555773
S2O,-6.65345,0.337636,-0.32029505278740145,-3.438974955329289,0.7271679445939334,-0.3606343281555773
S2O,-1.060179,7.388749,-0.14047150873161318,-3.239682383190755,0.7271679445939334,-0.3606343281555773
S2O,0.895092,2.065767,-0.7792421653336067,-3.242757296610081,0.7271679445939334,-0.3606343281555773
S2O,1.609362,2.416112,-0.7792421653336067,-3.242757296610081,0.7271679445939334,-0.3606343281555773
S2O,0.417042,5.709208,-0.2007425699555581,-4.340522592096841,0.7271679445939334,-0.3606343281555773
S2O,-1.711468,1.096719,-0.49007805646265334,-3.2439030327881753,0.7271679445939334,-0.3606343281555773
S2O,1.691967,8.170988,-0.7611467043067122,-3.3077698143754155,0.7271679445939334,-0.3606343281555773
S2O,-1.1401,1.109113,-0.1273959021117892,-3.242333975730564,0.7271679445939334,-0.3606343281555773
S2O,-2.364991,-6.188593,0.12126400228326199,-3.1413541628263895,0.7271679445939334,-0.3606343281555773
S2O,6.329029,2.384077,-0.1345923141300943,-3.1639256488740197,0.7271679445939334,-0.3606343281555773
S2O,1.663194,1.843816,-0.706082473921915,-3.498391301732424,0.7271679445939334,-0.3606343281555773
S2O,1.442915,-0.532395,-0.634062120935495,-3.5454655942557283,0.7271679445939334,-0.3606343281555773
S2O,4.017678,6.64446,-0.4954822775555428,-3.293152859788866,0.7271679445939334,-0.3606343281555773
S2O,2.839489,6.945371,-0.4954822775555428,-3.293152859788866,0.7271679445939334,-0.3606343281555773
S2O,0.731435,-1.787011,-0.2007425699555581,-4.268389798447972,0.7271679445939334,-0.3606343281555773
S2O,4.150179,5.844486,-0.11902646218070355,-3.6858229836844796,0.7271679445939334,-0.3606343281555773
S2O,0.175538,4.673623,0.12934896279331776,-3.203932225348828,0.7271679445939334,-0.3606343281555773
S2O,-5.33008,0.12899,-0.2007425699555581,-4.268389798447972,0.7271679445939334,-0.3606343281555773
S2O,-2.192288,1.257804,-0.6514899413271042,-3.516602073913235,0.7271679445939334,-0.3606343281555773
S2O,-3.241057,0.513351,-0.529537097677877,-3.684175068897818,0.7271679445939334,-0.3606343281555773
S2O,-1.924207,-1.145975,-0.16863377377207517,-3.1602966107036212,0.7271679445939334,-0.3606343281555773
S2O,2.951049,1.101401,0.14896798542850193,-3.3624652439754104,0.7271679445939334,-0.3606343281555773
S2O,3.045294,5.91802,-0.7571811629696222,-3.64340956239748,0.7271679445939334,-0.3606343281555773
S2O,1.041052,-0.498547,-0.1738242885390982,-3.4403982306670406,0.7271679445939334,-0.3606343281555773
S2O,-1.573655,0.486197,-0.45667910017193575,-3.442614748596284,0.7271679445939334,-0.3606343281555773
S2O,0.316427,3.25927,-0.5527347076347169,-3.4867011004480277,0.7271679445939334,-0.3606343281555773
S2O,-3.227613,-3.349424,-0.5202870104637052,-3.4904933953402217,0.7271679445939334,-0.3606343281555773
S2O,-0.618518,0.811784,-0.06740916351588198,-4.152210078415027,0.7271679445939334,-0.3606343281555773
S2O,-2.835935,-6.329437,0.1561371271729337,-3.1515525739081047,0.7271679445939334,-0.3606343281555773
S2O,-0.539092,2.314156,0.09677022270083394,-3.102214675751406,0.7271679445939334,-0.3606343281555773
S2O,0.655001,-0.566049,0.13223582632785338,-3.195444874487001,0.7271679445939334,-0.3606343281555773
S2O,-2.551728,1.947809,-0.5202870104637052,-3.4904933953402217,0.7271679445939334,-0.3606343281555773
S2O,-1.936483,-1.268062,-0.5202870104637052,-3.4904933953402217,0.7271679445939334,-0.3606343281555773
S2O,-1.135887,-0.342171,-0.2007425699555581,-3.775239110201797,0.7271679445939334,-0.3606343281555773
S2O,-4.813046,2.421478,0.10961956093401258,-3.162088889409844,0.7271679445939334,-0.3606343281555773
S2O,-0.978668,-1.467236,-0.1345923141300943,-3.1639256488740197,0.7271679445939334,-0.3606343281555773
S2O,-4.13565,-3.889746,-0.35957389486942226,-3.6867753849111233,0.7271679445939334,-0.3606343281555773
S2O,-4.283314,0.170358,-0.14047150873161318,-3.131206611781214,0.7271679445939334,-0.3606343281555773
S2O,-2.509599,1.454307,-0.14047150873161318,-3.131206611781214,0.7271679445939334,-0.3606343281555773
S2O,-7.48089,-2.685177,-0.2007425699555581,-4.340522592096841,0.7271679445939334,-0.3606343281555773
S2O,-3.786514,-0.661343,-0.2007425699555581,-4.340522592096841,0.7271679445939334,-0.3606343281555773
S2O,-4.87063,-2.508829,-0.2007425699555581,-4.340522592096841,0.7271679445939334,-0.3606343281555773
S2O,-3.51852,0.462042,-0.2007425699555581,-4.340522592096841,0.7271679445939334,-0.3606343281555773
S2O,-10.554405,4.096159,-0.32029505278740145,-3.438974955329289,0.7271679445939334,-0.3606343281555773
S2O,-1.818705,-1.375168,0.02690827436651551,-3.2956672680128634,0.7271679445939334,-0.3606343281555773
S2O,-22.297729,25.910807,-0.8694629100372671,-3.488657524640764,0.7271679445939334,-0.3606343281555773
S2O,-22.262008,14.144158,-0.14151663348637689,-3.092067124706231,0.7271679445939334,-0.3606343281555773
S2O,-4.130292,2.595013,-0.37587371411156717,-3.426030840001727,0.7271679445939334,-0.3606343281555773
S2O,-21.796774,12.276186,-0.1715893133140599,-3.3168578121290637,0.7271679445939334,-0.3606343281555773
S2O,-83.241127,29.249705,0.12934896279331776,-3.203932225348828,0.7271679445939334,-0.3606343281555773
S2O,8.75852,-9.796763,-0.5202870104637052,-3.4904933953402217,0.7271679445939334,-0.3606343281555773
S2O,-2.44861,10.927314,-0.7611467043067122,-3.3077698143754155,0.7271679445939334,-0.3606343281555773
S2O,7.842873,3.928254,-0.5531438520107448,-3.2468092885985733,0.7271679445939334,-0.3606343281555773
S2O,1.476685,2.736135,0.02690827436651551,-3.2956672680128634,0.7271679445939334,-0.3606343281555773
S2O,6.123346,4.081135,-0.1273959021117892,-3.1434539875028413,0.7271679445939334,-0.3606343281555773
S2O,1.566069,0.409414,-0.12754239941855586,-3.2305332184723747,0.7271679445939334,-0.3606343281555773
S2O,4.50897,3.044919,-0.6565635983145198,-3.421570357196014,0.7271679445939334,-0.3606343281555773
S2O,1.271342,-2.141184,-0.4954822775555428,-1.933491365474008,0.7271679445939334,-0.3606343281555773
S2O,1.579241,5.029696,-0.12644765440075878,-1.5361518476402927,0.7271679445939334,-0.3606343281555773
S2O,7.610006,4.666923,-0.4779670914791098,-3.2789358352175237,0.7271679445939334,-0.3606343281555773
S2O,-0.036242,1.303523,-0.706082473921915,-3.498391301732424,0.7271679445939334,-0.3606343281555773
S2O,6.184694,1.543921,-0.6768695788145791,-3.3465474040272327,0.7271679445939334,-0.3606343281555773
S2O,3.877821,2.355025,-0.5202870104637052,-3.4904933953402217,0.7271679445939334,-0.3606343281555773
S2O,1.391143,0.553232,-1.0101496147344649,-3.5531378326410104,0.7271679445939334,-0.3606343281555773
S2O,-1.493315,2.100137,-0.7394477564582845,-3.493218233610324,0.7271679445939334,-0.3606343281555773
S2O,-1.662666,6.920474,-1.0101496147344649,-3.5531378326410104,0.7271679445939334,-0.3606343281555773
S2O,-3.468146,3.071082,-0.993286505835098,-3.5186966416780523,0.7271679445939334,-0.3606343281555773
S2O,1.336924,2.453815,0.01757598093550685,-3.337510603951848,0.7271679445939334,-0.3606343281555773
S2O,-1.626923,0.210157,-1.152485288471826,-3.543629723556271,0.7271679445939334,-0.3606343281555773
S2O,-0.009917,1.960589,-1.152485288471826,-3.543629723556271,0.7271679445939334,-0.3606343281555773
S2O,12.198198,24.811855,-0.2007425699555581,-4.268389798447972,0.7271679445939334,-0.3606343281555773
S2O,-3.592714,19.843281,-0.597075105980273,-3.2998719079832126,0.7271679445939334,-0.3606343281555773
S2O,-0.09131,-2.533061,-0.529537097677877,-3.684175068897818,0.7271679445939334,-0.3606343281555773
S2O,2.33695,-1.766025,-0.1273959021117892,-3.1434539875028413,0.7271679445939334,-0.3606343281555773
S2O,-2.141452,4.447237,-0.1345923141300943,-3.1639256488740197,0.7271679445939334,-0.3606343281555773
S2O,-1.265001,2.902067,-0.2007425699555581,-4.340522592096841,0.7271679445939334,-0.3606343281555773
S2O,-1.490635,1.575377,-0.2007425699555581,-4.340522592096841,0.7271679445939334,-0.3606343281555773
S2O,-0.507787,-2.185855,0.10961956093401258,-3.162088889409844,0.7271679445939334,-0.3606343281555773
S2O,-6.685364,-8.143603,-0.13445208459388047,-3.092067124706231,0.7271679445939334,-0.3606343281555773
S2O,-1.626611,3.458251,-0.06740916351588198,-3.570595664878179,0.7271679445939334,-0.3606343281555773
S2O,-0.847353,6.104279,-0.2007425699555581,-3.759623077274785,0.7271679445939334,-0.3606343281555773
S2O,-0.722367,0.78416,-0.45667910017193575,-3.442614748596284,0.7271679445939334,-0.3606343281555773
S2O,-2.045068,6.250023,-0.4602508253772676,-3.5188071495752227,0.7271679445939334,-0.3606343281555773
S2O,-4.085459,-2.809875,-0.01609785897543212,-3.4435026254262113,0.7271679445939334,-0.3606343281555773
S2O,-3.62733,1.20487,-0.2007425699555581,-4.268389798447972,0.7271679445939334,-0.3606343281555773
S2O,-5.522927,1.099799,0.009772570478861535,-3.447772651153416,0.7271679445939334,-0.3606343281555773
S2O,-2.463334,4.085903,0.14361481032749177,-3.341531980140179,0.7271679445939334,-0.3606343281555773
S2O,-2.901978,2.514513,-0.2007425699555581,-4.211367527556957,0.7271679445939334,-0.3606343281555773
S2O,-4.881816,-2.039398,0.016426437393490673,-3.146437143137686,0.7271679445939334,-0.3606343281555773
S2O,-4.426297,4.408788,-0.16075835482253384,-3.4465056792957074,0.7271679445939334,-0.3606343281555773
S2O,-2.077387,5.582134,-0.2007425699555581,-4.0265370520909425,0.7271679445939334,-0.3606343281555773
S2O,-1.651196,-0.982796,-0.06740916351588198,-4.019727054826544,0.7271679445939334,-0.3606343281555773
S2O,0.936953,3.57026,-0.1738242885390982,-3.4403982306670406,0.7271679445939334,-0.3606343281555773
S2O,1.736109,2.944728,-0.5457887191130528,-3.437451273447339,0.7271679445939334,-0.3606343281555773
S2O,0.426132,0.529575,-0.706082473921915,-3.498391301732424,0.7271679445939334,-0.3606343281555773
S2O,2.092933,-2.846116,-0.14151663348637689,-3.092067124706231,0.7271679445939334,-0.3606343281555773
S2O,3.19985,0.931089,-0.7984945543227462,-3.4981656337255034,0.7271679445939334,-0.3606343281555773
S2O,0.180674,4.383123,-0.706082473921915,-3.498391301732424,0.7271679445939334,-0.3606343281555773
S2O,2.213493,1.578351,-1.2827861991992262,-3.4781111225037105,0.7271679445939334,-0.3606343281555773
S2O,-0.223195,3.713884,-1.1200999779704623,-3.4955155121173647,0.7271679445939334,-0.3606343281555773
S2O,-0.506752,-1.404581,-0.7394477564582845,-3.493218233610324,0.7271679445939334,-0.3606343281555773
S2O,0.275453,-1.281309,-1.152485288471826,-3.543629723556271,0.7271679445939334,-0.3606343281555773
S2O,-1.559106,-0.686623,-0.993286505835098,-3.5186966416780523,0.7271679445939334,-0.3606343281555773
S2O,-4.915375,-0.631105,-0.993286505835098,-3.5186966416780523,0.7271679445939334,-0.3606343281555773
S2O,-1.757049,-1.713505,-0.9466749429416134,-3.488657524640764,0.7271679445939334,-0.3606343281555773
S2O,-0.924459,2.068025,-0.6768695788145791,-3.3465474040272327,0.7271679445939334,-0.3606343281555773
S4C,-0.904994,-0.116338,-1.0570593916527804,-0.3314365272396928,0.5699757756849316,-0.3497400698385519
S4C,1.186613,-4.163408,1.0918614039859857,-1.0840303327666474,0.5699757756849316,-0.3497400698385519
S4C,2.279995,1.378142,-0.3456868440801747,-1.6550401738944214,0.5699757756849316,-0.3497400698385519
S4C,4.916632,-0.165947,-0.6992696296752329,-1.343572325788165,0.5699757756849316,-0.3497400698385519
S4C,8.997092,-2.070598,-0.4481285946547533,-1.322161600250887,0.5699757756849316,-0.3497400698385519
S4C,3.595548,3.703682,0.8652753825861546,-2.4915914937782575,0.5699757756849316,-0.3497400698385519
S4C,4.918283,-0.422764,0.4027672943628035,0.03127290790961624,0.5699757756849316,-0.3497400698385519
S4C,3.185284,6.829853,-0.930074923268668,-0.6782336911121644,0.5699757756849316,-0.3497400698385519
S4C,0.417447,1.282376,-0.25108688948065583,0.2567908707232252,0.5699757756849316,-0.3497400698385519
S4C,-0.483397,4.681803,-0.1926230726391289,0.020074948939525977,0.5699757756849316,-0.3497400698385519
S4C,-1.25451,6.946554,-1.0471917664090662,-0.8067730016431849,0.5699757756849316,-0.3497400698385519
S4C,1.981291,8.482814,0.2016103149585933,-1.22215701779875,0.5699757756849316,-0.3497400698385519
S4C,-1.851279,-0.096403,0.22001587907651432,0.1879427538248004,0.5699757756849316,-0.3497400698385519
S4C,1.484549,2.639696,-0.2533233336007026,0.04129388884550599,0.5699757756849316,-0.3497400698385519
S4C,-0.224832,0.012693,0.8714954729311326,-1.6289313539112589,0.5699757756849316,-0.3497400698385519
S4C,1.9e-05,2.946741,0.7339813228389951,-0.5251289046496588,0.5699757756849316,-0.3497400698385519
S4C,2.664116,1.412266,0.414674883763994,-0.00948772148757611,0.5699757756849316,-0.3497400698385519
S4C,-0.741751,5.254483,0.8619535290278295,-1.2455458505287387,0.5699757756849316,-0.3497400698385519
S4C,0.745488,3.183705,0.7237543581458208,-0.21838034432092301,0.5699757756849316,-0.3497400698385519
S4C,6.598708,4.170367,0.42234537999041927,-1.7601824542432034,0.5699757756849316,-0.3497400698385519
S4C,6.957799,0.042513,-0.02425443176131286,-0.4048780542603934,0.5699757756849316,-0.3497400698385519
S4C,1.429702,15.780353,0.6132370231728645,-2.624387298393262,0.5699757756849316,-0.3497400698385519
S4C,5.751499,3.18014,0.8640071091469969,-2.386129773837129,0.5699757756849316,-0.3497400698385519
S4C,4.6613,-11.458542,1.3002091375736793,-3.891659380035021,0.5699757756849316,-0.3497400698385519
S4C,1.143336,1.55393,0.21167189383469753,-2.69625120395019,0.5699757756849316,-0.3497400698385519
S4C,0.217636,3.559523,1.1789964211112551,0.18169107829861378,0.5699757756849316,-0.3497400698385519
S4C,0.711584,0.294685,0.6320371063296037,-1.710552957918637,0.5699757756849316,-0.3497400698385519
S4C,2.940384,-5.613006,0.6979898757644357,-1.2031452397187992,0.5699757756849316,-0.3497400698385519
S4C,3.144824,1.440938,0.2810828922006454,-0.0402995011422256,0.5699757756849316,-0.3497400698385519
S4C,6.262891,1.845326,0.26121960879738415,-5.9072541292643015,0.5699757756849316,-0.3497400698385519
S4C,6.76946,1.95067,0.07922375910201412,-1.2249325713187706,0.5699757756849316,-0.3497400698385519
S4C,7.19967,-2.53838,0.5740117205805737,-1.197098831130263,0.5699757756849316,-0.3497400698385519
S4C,7.301261,2.121561,-0.015744259112021427,-3.2358713227410587,0.5699757756849316,-0.3497400698385519
S4C,8.594261,-9.682599,1.147439110052737,-5.553093461136974,0.5699757756849316,-0.3497400698385519
S4C,3.035033,3.500926,0.04900032300211764,-2.4505392684689467,0.5699757756849316,-0.3497400698385519
S4C,5.519075,-4.274053,1.0806897926053551,-5.245037060430474,0.5699757756849316,-0.3497400698385519
S4C,4.119282,0.01301,0.2781609247950916,-1.7512855891353198,0.5699757756849316,-0.3497400698385519
S4C,2.62489,3.959395,0.382331251924937,-5.658409217163475,0.5699757756849316,-0.3497400698385519
S4C,1.054865,5.231191,-0.0922934061448826,-4.18549101115111,0.5699757756849316,-0.3497400698385519
S4C,11.043479,2.044232,1.1555637019963763,-3.5217195003196236,0.5699757756849316,-0.3497400698385519
S4C,3.990695,7.175051,-0.1735547265762689,-2.357431956508658,0.5699757756849316,-0.3497400698385519
S4C,4.645498,6.568827,0.7977050963031623,-1.0141978892922026,0.5699757756849316,-0.3497400698385519
S4C,2.217474,3.703348,1.2555102482294762,-0.20835997517678082,0.5699757756849316,-0.3497400698385519
S4C,1.41149,3.157268,1.0894086624015409,-5.478657408252531,0.5699757756849316,-0.3497400698385519
S4C,5.420741,-0.294864,0.8278716296093357,-1.18178730021324,0.5699757756849316,-0.3497400698385519
S4C,1.385927,-2.444565,0.3063510106470814,0.4460532324435299,0.5699757756849316,-0.3497400698385519
S4C,4.501199,1.152287,0.015219244136943815,-3.71527423086436,0.5699757756849316,-0.3497400698385519
S4C,6.101573,1.943728,1.2250830647194606,-1.29708081543897,0.5699757756849316,-0.3497400698385519
S4C,1.379314,4.208303,-0.558456611544095,-3.8867920219997987,0.5699757756849316,-0.3497400698385519
S4C,1.145799,5.1256,0.20676540793014062,-0.6835163172570979,0.5699757756849316,-0.3497400698385519
S4C,0.768437,0.157533,0.09173441832051259,-2.642581501816417,0.5699757756849316,-0.3497400698385519
S4C,2.74655,-4.374254,0.5789404503976103,-3.2234851372378848,0.5699757756849316,-0.3497400698385519
S4C,5.038185,0.842924,-1.3165107493917663,-2.415515147346681,0.5699757756849316,-0.3497400698385519
S4C,5.361051,6.561916,-0.010630073201114336,-0.07442361797395158,0.5699757756849316,-0.3497400698385519
S4C,4.762671,-0.413979,0.3969427710375409,1.3096426598511284,0.5699757756849316,-0.3497400698385519
S4C,2.480993,1.601195,-0.1135529749668712,0.06723330244926765,0.5699757756849316,-0.3497400698385519
S4C,4.751212,3.292421,0.4690503508541279,-1.11869097824024,0.5699757756849316,-0.3497400698385519
S4C,0.349589,-0.968497,0.48348215152110424,-1.5888025420589011,0.5699757756849316,-0.3497400698385519
S4C,5.405239,0.956145,0.2541629352886233,-0.9052119269294611,0.5699757756849316,-0.3497400698385519
S4C,4.285954,2.202496,0.007077906888551455,-1.3113273578194993,0.5699757756849316,-0.3497400698385519
S4C,1.905535,5.13852,0.5606642018568001,0.10406896618252814,0.5699757756849316,-0.3497400698385519
S4C,3.078219,8.175326,-0.2922357048551233,-2.417422546976278,0.5699757756849316,-0.3497400698385519
S4C,2.460746,-0.473776,-1.1640017375298273,-2.30656890569855,0.5699757756849316,-0.3497400698385519
S4C,2.261232,-3.721789,-0.9233043418491688,0.040566575526423176,0.5699757756849316,-0.3497400698385519
S4C,4.139116,1.317834,-0.18126444934104655,0.17742291734015217,0.5699757756849316,-0.3497400698385519
S4C,5.240735,4.52608,-0.040961681198205924,-0.08571698695404602,0.5699757756849316,-0.3497400698385519
S4C,4.658087,2.214973,-0.057695615719787124,-2.157893626282321,0.5699757756849316,-0.3497400698385519
S4C,3.425622,-1.499334,1.0088235389378741,-0.37330383026458214,0.5699757756849316,-0.3497400698385519
S4C,2.923604,3.529541,0.46104362999498705,-1.4814978179166522,0.5699757756849316,-0.3497400698385519
S4C,3.27269,1.3221,0.8757200591468974,-1.29696563708271,0.5699757756849316,-0.3497400698385519
S4C,3.510074,5.717651,-1.002200831213194,-3.0837973732624278,0.5699757756849316,-0.3497400698385519
S4C,4.042666,-9.258207,0.6577338414041903,-2.1766889706485335,0.5699757756849316,-0.3497400698385519
S4C,8.204896,-1.132921,-1.3638792861066378,-2.5888221284761936,0.5699757756849316,-0.3497400698385519
S4C,6.2077,-0.56253,0.046461106947219125,-2.589462735030372,0.5699757756849316,-0.3497400698385519
S4C,2.654254,-3.911405,0.6358651004459787,-2.178924551977827,0.5699757756849316,-0.3497400698385519
S4C,5.401343,0.219679,-0.231860065071086,-2.212953558741478,0.5699757756849316,-0.3497400698385519
S4C,5.292279,-1.426126,0.13890268248598242,-2.3953046944743956,0.5699757756849316,-0.3497400698385519
S4C,8.77722,4.23713,0.17063461417462697,-0.976542170898166,0.5699757756849316,-0.3497400698385519
S4C,4.8634,-1.680961,0.558093689367489,-2.0973993676574287,0.5699757756849316,-0.3497400698385519
S4C,1.347421,2.022371,-0.2338102255094699,-3.100301295400234,0.5699757756849316,-0.3497400698385519
S4C,3.040759,4.460527,-0.7593644347467239,-2.3532142408426426,0.5699757756849316,-0.3497400698385519
S4C,-1.31345,-1.15366,1.329323795041916,-1.8355176594926232,0.5699757756849316,-0.3497400698385519
S4C,3.925869,5.35932,0.6441930348879669,-1.8585770359248253,0.5699757756849316,-0.3497400698385519
S4C,3.580438,-4.287388,-0.6555109822390036,-1.8800568360098213,0.5699757756849316,-0.3497400698385519
S4C,2.895653,-1.447091,0.7977050963031623,-1.0141978892922026,0.5699757756849316,-0.3497400698385519
S4C,6.54012,0.367465,-0.8767185131307315,-2.3289011436915596,0.5699757756849316,-0.3497400698385519
S4C,0.792939,-8.371545,0.1369388787844314,-1.8815630109957109,0.5699757756849316,-0.3497400698385519
S4C,3.092494,2.325682,0.02106430394220723,-2.5213801434562617,0.5699757756849316,-0.3497400698385519
S4C,3.871508,4.49176,0.9333023952526531,-2.090551994257392,0.5699757756849316,-0.3497400698385519
S4C,1.248341,3.032536,0.24866736268041303,0.15389750760276263,0.5699757756849316,-0.3497400698385519
S4C,5.541624,-1.395555,0.40610421734863233,-2.1563941903407726,0.5699757756849316,-0.3497400698385519
S4C,4.067762,1.388833,0.6261819793344768,-4.073213414046633,0.5699757756849316,-0.3497400698385519
S4C,2.328776,3.005026,0.06175366839712036,-0.3704562170030827,0.5699757756849316,-0.3497400698385519
S4C,4.876792,0.081864,-0.21169398309257256,-1.467530139868486,0.5699757756849316,-0.3497400698385519
S4C,3.22294,-0.226596,0.8367604122704538,-1.078224602751766,0.5699757756849316,-0.3497400698385519
S4C,-0.28434,1.723823,0.6979898757644357,-1.2031452397187992,0.5699757756849316,-0.3497400698385519
S4C,1.526994,4.345071,0.5046667195576492,0.2923244434130788,0.5699757756849316,-0.3497400698385519
S4C,2.456818,12.329149,0.8050071328131897,-0.03248933642781876,0.5699757756849316,-0.3497400698385519
S4C,1.18392,7.612553,-0.45960592320090454,-3.0049643907454966,0.5699757756849316,-0.3497400698385519
S4C,2.395606,2.186434,0.08042991137542459,-1.976412736717015,0.5699757756849316,-0.3497400698385519
S4C,4.105189,-2.620403,-0.7799702679134813,-2.664799264348364,0.5699757756849316,-0.3497400698385519
S4C,3.774635,4.396772,0.2849021392225713,-1.3456747895583778,0.5699757756849316,-0.3497400698385519
S4C,2.392812,5.378897,0.3013448700817194,-5.006110168271615,0.5699757756849316,-0.3497400698385519
S4C,4.212614,-3.005973,0.41397439047398665,-3.5587475374060604,0.5699757756849316,-0.3497400698385519
S4C,0.56138,5.739012,0.26121960879738415,-5.9072541292643015,0.5699757756849316,-0.3497400698385519
S4C,5.675194,4.02159,-0.3846683276969027,-4.66047353647516,0.5699757756849316,-0.3497400698385519
S4C,2.863717,3.23155,0.8951770826910147,0.1263239055858313,0.5699757756849316,-0.3497400698385519
S4C,-2.663183,13.555791,0.37632511400943697,-0.7497922730291497,0.5699757756849316,-0.3497400698385519
S4C,1.039913,2.296455,0.48348215152110424,-1.5888025420589011,0.5699757756849316,-0.3497400698385519
S4C,-0.897292,2.785322,-0.0025831169166253207,-0.2739143992419976,0.5699757756849316,-0.3497400698385519
S4C,3.524006,-0.042679,-0.07438321619994306,-1.7834486566209595,0.5699757756849316,-0.3497400698385519
S4C,-1.282182,7.695964,0.6157837591865444,-3.458111092967227,0.5699757756849316,-0.3497400698385519
S4C,-4.540556,4.520175,0.40610421734863233,-2.1563941903407726,0.5699757756849316,-0.3497400698385519
S4C,0.349006,7.79363,0.1616824492195104,-1.7769626739332087,0.5699757756849316,-0.3497400698385519
S4C,3.619838,-0.728965,0.4690503508541279,-1.11869097824024,0.5699757756849316,-0.3497400698385519
S4C,1.11635,5.46212,0.2810828922006454,-0.0402995011422256,0.5699757756849316,-0.3497400698385519
S4C,-0.378988,1.5729,-0.8767185131307315,-2.3289011436915596,0.5699757756849316,-0.3497400698385519
S4C,-1.559257,1.92974,-0.1250366134484432,-1.1339883539123197,0.5699757756849316,-0.3497400698385519
S4C,-3.91653,6.706166,-0.07787933566540006,0.577957929312862,0.5699757756849316,-0.3497400698385519
S4C,-4.32163,4.965454,-0.0025831169166253207,-0.2739143992419976,0.5699757756849316,-0.3497400698385519
S4C,0.815432,10.334536,-0.532673466548607,-1.8066002056246782,0.5699757756849316,-0.3497400698385519
S4C,-4.539246,4.352673,0.10630059698828266,-0.8173342935805918,0.5699757756849316,-0.3497400698385519
S4C,-2.082926,6.479873,0.3308490501741064,-1.8208197226477147,0.5699757756849316,-0.3497400698385519
S4C,-0.075925,8.085504,0.6860202171325116,-1.5395034968182146,0.5699757756849316,-0.3497400698385519
S4C,-2.197836,6.54217,0.10690651939662561,-0.387886645038838,0.5699757756849316,-0.3497400698385519
S4C,0.384715,3.181748,-0.5758926984940497,-2.058016090718921,0.5699757756849316,-0.3497400698385519
S4C,-2.569506,-2.902142,0.25532591644031083,-1.8590108081054,0.5699757756849316,-0.3497400698385519
S4C,-4.132046,2.030333,0.52945778454732,-1.8845004689733897,0.5699757756849316,-0.3497400698385519
S4C,3.254862,-2.617046,-0.8344650418936345,-3.032296856058121,0.5699757756849316,-0.3497400698385519
S4C,2.077025,2.550439,0.7733622328585475,-0.004567255905209577,0.5699757756849316,-0.3497400698385519
S4C,-1.265463,-2.306046,0.9602298588490735,-2.9563611597450996,0.5699757756849316,-0.3497400698385519
S4C,4.304035,-1.481953,0.6701060241727774,-2.227625997114294,0.5699757756849316,-0.3497400698385519
S4C,0.132914,6.254324,0.04262172686527521,-0.4924318576821877,0.5699757756849316,-0.3497400698385519
S4C,-4.0297,8.420326,0.5969531893386733,-2.8082717952401497,0.5699757756849316,-0.3497400698385519
S4C,0.823591,3.804362,0.8106800971129519,-2.325020861802776,0.5699757756849316,-0.3497400698385519
S4C,1.702847,3.073848,0.3073854269633456,-0.160920789073147,0.5699757756849316,-0.3497400698385519
S4C,1.691618,7.070444,-1.1640017375298273,-2.30656890569855,0.5699757756849316,-0.3497400698385519
S4C,3.206815,4.350695,0.9606283391386198,-2.1554335571453462,0.5699757756849316,-0.3497400698385519
S4C,-1.615371,11.710735,0.8381360860854461,-1.04575348386022,0.5699757756849316,-0.3497400698385519
S4C,5.444027,-3.41035,0.4015682991022035,-3.8112434721901347,0.5699757756849316,-0.3497400698385519
S4C,0.142861,-5.48856,-0.05284672163615592,-0.5243645797860391,0.5699757756849316,-0.3497400698385519
S4C,3.726627,-4.46307,0.9691269271256026,-1.498906002638526,0.5699757756849316,-0.3497400698385519
S4C,2.914891,-1.392367,0.4187112857246457,-1.2316817418418644,0.5699757756849316,-0.3497400698385519
S4C,5.338083,-6.04974,-0.6603303554110843,-0.9360103831929911,0.5699757756849316,-0.3497400698385519
S4C,5.232605,-2.483138,-0.2708841890874934,-1.453317530165797,0.5699757756849316,-0.3497400698385519
S4C,2.852923,9.047512,1.0389390265613199,-1.1021470638650763,0.5699757756849316,-0.3497400698385519
S4C,7.908887,-2.4668,0.4730488972328189,-1.1922626342909364,0.5699757756849316,-0.3497400698385519
S4C,4.694133,-8.111824,-0.02425443176131286,-0.4048780542603934,0.5699757756849316,-0.3497400698385519
S4C,-2.14678,4.585954,0.5916048644898814,-1.237040745290507,0.5699757756849316,-0.3497400698385519
S4C,5.882574,-4.986613,0.3320225211735965,-3.115705680525891,0.5699757756849316,-0.3497400698385519
S4C,0.708638,-1.569186,1.4362586883859003,-2.0895533126586012,0.5699757756849316,-0.3497400698385519
S4C,1.978228,0.323635,-0.3761806695240549,0.07204801949898897,0.5699757756849316,-0.3497400698385519
S4C,-1.678258,3.06381,0.5252501834749796,-0.08370554405993762,0.5699757756849316,-0.3497400698385519
S4C,1.189627,-4.777483,0.5804398575827596,-1.2604541025051161,0.5699757756849316,-0.3497400698385519
S4C,-0.863701,-2.150136,-0.7876283006314111,-0.8936625816370966,0.5699757756849316,-0.3497400698385519
S4C,-2.560531,1.070989,0.3161343541727838,-1.1278201894183875,0.5699757756849316,-0.3497400698385519
S4C,2.128118,2.692659,0.036600908619690384,-0.025161735001136158,0.5699757756849316,-0.3497400698385519
S4C,2.987461,-3.53955,-0.7811703004513048,-1.9434340783561772,0.5699757756849316,-0.3497400698385519
S4C,3.648659,-1.076611,0.4280855687710035,-1.4237480418662019,0.5699757756849316,-0.3497400698385519
S4C,5.818702,1.03326,0.18422566690667908,-0.886198874415577,0.5699757756849316,-0.3497400698385519
S4C,3.301758,-1.023541,0.7360821795620158,-1.0728551037876148,0.5699757756849316,-0.3497400698385519
S4C,4.252581,-2.584077,0.3414821718477349,-1.8389795626932937,0.5699757756849316,-0.3497400698385519
S4C,2.123248,-1.303028,0.15889660854660134,-1.3956733072062373,0.5699757756849316,-0.3497400698385519
S4C,5.133067,1.284044,-0.7811703004513048,-1.9434340783561772,0.5699757756849316,-0.3497400698385519
S4C,4.305164,-2.129407,0.18710924400141074,-1.6858888415316269,0.5699757756849316,-0.3497400698385519
S4C,1.220353,-4.042532,1.24947538554557,-1.8489454232319436,0.5699757756849316,-0.3497400698385519
S4C,4.459384,-6.167561,0.3556816772682864,-1.7387657736788291,0.5699757756849316,-0.3497400698385519
S4C,5.031512,-4.614871,0.854349221855836,0.01859472259904994,0.5699757756849316,-0.3497400698385519
S4C,4.104232,-4.830407,0.47448055908225856,-1.4985696843025758,0.5699757756849316,-0.3497400698385519
S4C,3.269375,-4.839084,-0.8890075679656099,-2.277585620544134,0.5699757756849316,-0.3497400698385519
S4C,6.348024,-5.704928,0.6009315627956583,0.47771977656042697,0.5699757756849316,-0.3497400698385519
S4C,3.784749,-6.866161,0.15274659376516217,-1.0414862320525173,0.5699757756849316,-0.3497400698385519
S4C,6.327539,-2.444495,0.12030410639777413,-1.4718932159624625,0.5699757756849316,-0.3497400698385519
S4C,8.609577,2.125832,0.528821157857663,-1.9694607265120847,0.5699757756849316,-0.3497400698385519
S4C,5.923786,-2.254273,0.33437170983370096,-3.0188462937439096,0.5699757756849316,-0.3497400698385519
S4C,1.702268,-0.464443,-0.27528957748750993,-1.5428506438578786,0.5699757756849316,-0.3497400698385519
S4C,4.13171,-3.771577,0.8951770826910147,0.1263239055858313,0.5699757756849316,-0.3497400698385519
S4C,6.449644,3.34164,1.1229568198653395,-5.459444334585864,0.5699757756849316,-0.3497400698385519
S4C,6.445184,0.116101,0.4118620842615863,-3.1670939290834412,0.5699757756849316,-0.3497400698385519
S4C,4.080818,-2.384628,0.6182496722456318,-0.9311371132562813,0.5699757756849316,-0.3497400698385519
S4C,1.635515,4.551021,0.17744785436277058,-2.491089104034214,0.5699757756849316,-0.3497400698385519
S4C,2.827713,1.068173,0.8592992812200254,-2.237110659220011,0.5699757756849316,-0.3497400698385519
S4C,5.070573,-0.967133,-0.6428435340739806,-3.5894373047402155,0.5699757756849316,-0.3497400698385519
S4C,7.179016,-2.04609,0.7114192158941292,-2.9432522545779354,0.5699757756849316,-0.3497400698385519
S4C,3.974448,-3.505975,0.04953609304479695,-0.6649112288779769,0.5699757756849316,-0.3497400698385519
S4C,3.802546,-1.688042,1.0743480213056562,-1.6114209367274792,0.5699757756849316,-0.3497400698385519
S4C,3.30361,0.248812,0.4265462615200102,-3.288302003675902,0.5699757756849316,-0.3497400698385519
S4C,0.462668,-1.253929,0.05897994786849245,-2.299370235683102,0.5699757756849316,-0.3497400698385519
S4C,1.139479,2.9159,-0.27112774663151046,-3.874122007931288,0.5699757756849316,-0.3497400698385519
S4C,1.627939,2.319068,1.1804469402348374,-1.4127322982995854,0.5699757756849316,-0.3497400698385519
S4C,-0.264366,1.410162,0.9242808523247537,-0.6721564634033739,0.5699757756849316,-0.3497400698385519
S4C,-0.409227,2.467559,0.6639723544171134,-1.4637425612793884,0.5699757756849316,-0.3497400698385519
S4C,5.816785,2.238854,0.017807066056453397,-0.8985491397363908,0.5699757756849316,-0.3497400698385519
S4C,4.645598,2.851907,0.9339948223039963,-1.9816313989034473,0.5699757756849316,-0.3497400698385519
S4C,3.107155,1.822569,0.08617216349931034,0.12322249787796734,0.5699757756849316,-0.3497400698385519
S4C,5.008374,0.219541,1.2010597673101318,-0.8196021054651359,0.5699757756849316,-0.3497400698385519
S4C,2.939282,-0.578925,0.4314634850430473,-0.18629485959620679,0.5699757756849316,-0.3497400698385519
S4C,-1.720972,-1.030197,0.06474984296347645,-2.9624172460232545,0.5699757756849316,-0.3497400698385519
S4C,0.389406,-5.602935,0.0030133246304505836,-3.5140366738493967,0.5699757756849316,-0.3497400698385519
S4C,4.421543,-2.928473,0.1939645774291491,-3.399919329258648,0.5699757756849316,-0.3497400698385519
S4C,-2.376026,1.57402,-0.013114179264461609,-1.9378072503001695,0.5699757756849316,-0.3497400698385519
S4C,0.461561,3.780152,0.8910633435501655,-0.5212788586783927,0.5699757756849316,-0.3497400698385519
S4C,-2.043069,3.943871,0.3713057460469125,-0.6565710902265395,0.5699757756849316,-0.3497400698385519
S4C,-1.514536,0.052015,-0.5605458031968689,-2.3266850169308695,0.5699757756849316,-0.3497400698385519
S4C,-2.066598,0.094343,-0.09107469327578452,-0.15962277736221087,0.5699757756849316,-0.3497400698385519
S4C,0.368456,3.751923,0.6882462524393879,-1.2846643691240702,0.5699757756849316,-0.3497400698385519
S4C,-1.446449,-0.744324,0.8253494326098585,-1.9140096202207422,0.5699757756849316,-0.3497400698385519
S4C,3.081535,-3.589508,0.800879998014859,-1.304379712234025,0.5699757756849316,-0.3497400698385519
S4C,2.27046,-1.746653,0.8367604122704538,-1.078224602751766,0.5699757756849316,-0.3497400698385519
S4C,1.1359,-2.296507,0.2680309182418286,-5.9072541292643015,0.5699757756849316,-0.3497400698385519
S4C,-6.261992,1.01206,1.0085079052291313,-4.9663876503955,0.5699757756849316,-0.3497400698385519
S4C,5.776723,-0.091723,0.8020638020247705,-1.805997132765908,0.5699757756849316,-0.3497400698385519
S4C,-2.136964,1.136372,-0.9018677613174835,-2.6910963007998068,0.5699757756849316,-0.3497400698385519
S4C,0.52088,-5.085748,-1.1390033272941855,-2.5206782166839536,0.5699757756849316,-0.3497400698385519
S4C,3.603305,-2.547422,0.006575958540545073,-3.3699598174636596,0.5699757756849316,-0.3497400698385519
S4C,4.642728,-3.778103,1.2331814705812298,-5.88714779314881,0.5699757756849316,-0.3497400698385519
S4C,5.007462,-5.517627,1.180300535327969,-4.74283211153944,0.5699757756849316,-0.3497400698385519
S4C,2.422055,0.175798,0.9266838194752441,-3.1935991277694247,0.5699757756849316,-0.3497400698385519
S4C,2.423579,-0.750726,0.5755705989063794,-0.2888302839354687,0.5699757756849316,-0.3497400698385519
S4C,-0.898675,2.093362,0.6182496722456318,-0.9311371132562813,0.5699757756849316,-0.3497400698385519
S4C,1.219822,1.192431,0.41280827633827794,-1.5664598747651344,0.5699757756849316,-0.3497400698385519
S4C,2.438922,-1.432468,0.28083488103558185,-4.9282541194706795,0.5699757756849316,-0.3497400698385519
S4C,10.693531,-1.675249,0.7817270535393839,-2.866620522125737,0.5699757756849316,-0.3497400698385519
S4C,1.264127,-1.455441,-0.07870785579965764,-2.2176236748129337,0.5699757756849316,-0.3497400698385519
S4C,1.907059,4.211996,0.3526495065496068,-2.9312930674048805,0.5699757756849316,-0.3497400698385519
S4C,3.927988,5.682896,-0.3219212094029453,-0.42888837104427,0.5699757756849316,-0.3497400698385519
S4C,6.665868,-0.074948,-0.2954088662979992,-1.4707295404062426,0.5699757756849316,-0.3497400698385519
S4C,0.874917,4.236779,1.4336681159622224,-1.6384986160443131,0.5699757756849316,-0.3497400698385519
S4C,2.790485,6.606579,0.36821192855986273,-0.6454574470004294,0.5699757756849316,-0.3497400698385519
S4C,7.641549,-0.24165,0.42529932528342074,-1.6409664561349322,0.5699757756849316,-0.3497400698385519
S4C,6.606087,-0.75245,0.35274501238130757,-4.709290176277733,0.5699757756849316,-0.3497400698385519
S4C,0.85859,7.2849,0.18049025004365674,-1.3883267608289946,0.5699757756849316,-0.3497400698385519
S4C,5.980062,3.033293,0.5929739443216598,0.46158463234375186,0.5699757756849316,-0.3497400698385519
S4C,4.589352,1.950968,-1.3570427057868846,-2.4543025967065324,0.5699757756849316,-0.3497400698385519
S4C,9.808189,2.761363,-0.20539585371747157,-2.5001933402146537,0.5699757756849316,-0.3497400698385519
S4C,6.809991,4.861639,0.33839406743969763,-1.2448535490613255,0.5699757756849316,-0.3497400698385519
S4C,-1.449709,11.879973,0.6261819793344768,-4.073213414046633,0.5699757756849316,-0.3497400698385519
S4C,3.405969,6.638804,0.6538335520666183,-1.1393413905060168,0.5699757756849316,-0.3497400698385519
S4C,4.006138,2.776388,0.6299754876803422,-3.730408928737346,0.5699757756849316,-0.3497400698385519
S4C,2.985202,6.718368,-0.5866586098372296,0.08752320286852143,0.5699757756849316,-0.3497400698385519
S4C,-2.114799,8.680567,0.6989368981613514,-0.6200099389747847,0.5699757756849316,-0.3497400698385519
S4C,3.639878,5.442437,0.044580466817006295,0.16023805439075545,0.5699757756849316,-0.3497400698385519
S4C,8.739892,4.529447,1.3758245135489326,-1.07568213407656,0.5699757756849316,-0.3497400698385519
S4C,-1.190999,5.592378,0.5732263736034814,-0.9182345024224092,0.5699757756849316,-0.3497400698385519
S4C,0.001118,6.875669,-0.04342221530599354,-1.2793380767112184,0.5699757756849316,-0.3497400698385519
S4C,-4.175156,11.565032,-0.10843004340835219,-3.543975024439391,0.5699757756849316,-0.3497400698385519
S4C,2.099556,7.717128,1.2331528479641227,-3.4283661564319505,0.5699757756849316,-0.3497400698385519
S4C,3.151813,5.7602,0.5442552741706034,-1.8402984661623039,0.5699757756849316,-0.3497400698385519
S4C,1.663995,4.292689,0.891178738763071,-1.4145049711468414,0.5699757756849316,-0.3497400698385519
S4C,-0.154122,2.218758,0.605653040925765,-0.1846649083537756,0.5699757756849316,-0.3497400698385519
S4C,1.234215,1.638095,0.120137242838961,-2.796087627758528,0.5699757756849316,-0.3497400698385519
S4C,0.678565,2.093616,-0.538919483151825,-1.6877864759505954,0.5699757756849316,-0.3497400698385519
S4C,5.736038,6.529584,1.050842273173045,-1.0285910926130506,0.5699757756849316,-0.3497400698385519
S4C,4.232242,11.35829,-0.14953577668482662,-1.5333022364660547,0.5699757756849316,-0.3497400698385519
S4C,5.421197,2.57372,0.6605453188120489,-4.566164025644903,0.5699757756849316,-0.3497400698385519
S4C,4.651632,4.961166,1.2571426651106847,-5.727755744158913,0.5699757756849316,-0.3497400698385519
S4C,0.771218,-0.746738,1.3730614726695811,-1.644093968228991,0.5699757756849316,-0.3497400698385519
S4C,1.720566,7.392505,0.2531160196878844,-2.005657479780804,0.5699757756849316,-0.3497400698385519
S4C,0.113354,7.338133,-0.26905475969130305,-1.4581763105983083,0.5699757756849316,-0.3497400698385519
S4C,6.225309,0.798229,0.05802405676105005,-0.9115726723307988,0.5699757756849316,-0.3497400698385519
S4C,1.48333,-7.584539,1.4537962100738504,-1.30217178208022,0.5699757756849316,-0.3497400698385519
S4C,7.059358,-5.309773,-0.4559179972718162,-1.4991576006017873,0.5699757756849316,-0.3497400698385519
S4C,-5.020113,-1.781551,-0.4542955780647043,-1.6592701612059955,0.5699757756849316,-0.3497400698385519
S4C,0.651946,-2.0013,0.09828633815023931,-2.161394921117253,0.5699757756849316,-0.3497400698385519
S4C,2.512033,-2.139796,0.398726922911219,-0.8786798008134762,0.5699757756849316,-0.3497400698385519
S4C,-2.001058,0.492471,0.7593241491352448,-1.094214712232418,0.5699757756849316,-0.3497400698385519
S4C,1.180415,3.259608,0.5223017182248151,-0.9930428987599881,0.5699757756849316,-0.3497400698385519
S4C,-0.917194,3.958445,-0.14264479630315538,-1.2602837083455247,0.5699757756849316,-0.3497400698385519
S4C,7.497798,4.744675,-0.6944982092966014,-3.5641234094386367,0.5699757756849316,-0.3497400698385519
S4C,4.305139,2.446975,0.021003510835929343,-2.1510556636230036,0.5699757756849316,-0.3497400698385519
S4C,11.419526,-1.783208,-0.4542955780647043,-1.6592701612059955,0.5699757756849316,-0.3497400698385519
S4C,1.961462,-1.785018,-0.28267496276810633,-2.851283251994824,0.5699757756849316,-0.3497400698385519
S4C,3.331141,1.117886,0.40664442027298847,-1.889537621514843,0.5699757756849316,-0.3497400698385519
S4C,12.778025,-4.036477,0.49508301516890296,-0.8834326203401778,0.5699757756849316,-0.3497400698385519
S4C,4.285532,-1.905061,1.064752831364788,-0.5156503977145257,0.5699757756849316,-0.3497400698385519
S4C,3.371315,-2.556649,-0.25183410934534356,-2.8437207320172075,0.5699757756849316,-0.3497400698385519
S4C,8.954258,-5.785095,1.2641895157403749,-1.616486015526298,0.5699757756849316,-0.3497400698385519
S4C,3.640879,-4.837734,0.3972132461414348,-5.599049066485075,0.5699757756849316,-0.3497400698385519
S4C,1.581539,-3.270427,0.17089081668644657,-0.3537959090971034,0.5699757756849316,-0.3497400698385519
S4C,-1.37928,-4.989639,0.4017248497002822,-5.384831196115483,0.5699757756849316,-0.3497400698385519
S4C,2.03867,-0.22671,0.40797421919605337,-3.7480960113501967,0.5699757756849316,-0.3497400698385519
S4C,8.662115,-5.143534,1.2552062539142461,-1.98684165623916,0.5699757756849316,-0.3497400698385519
S4C,3.844218,7.250291,0.729135200592386,-3.5512309997151625,0.5699757756849316,-0.3497400698385519
S4C,11.266994,0.759156,-0.7200313069273324,-0.6346489139965151,0.5699757756849316,-0.3497400698385519
S4C,5.755985,-3.796304,0.8576189168628316,-2.3998157172121055,0.5699757756849316,-0.3497400698385519
S4C,3.89958,-2.16232,-0.29736160922901467,-1.5908873620905473,0.5699757756849316,-0.3497400698385519
S4C,10.655251,-5.881127,0.5929739443216598,0.46158463234375186,0.5699757756849316,-0.3497400698385519
S4C,5.883691,-3.345876,0.6514638308814032,-3.025368866258555,0.5699757756849316,-0.3497400698385519
S4C,4.11693,-0.600761,-0.3719185052942869,0.5477866304975805,0.5699757756849316,-0.3497400698385519
S4C,1.21858,-1.118013,0.97558121551826,-1.4226451095709216,0.5699757756849316,-0.3497400698385519
E3O,-1.192883,2.936959,1.0186531778054901,0.8173843156806678,0.6944726866984244,-0.3484904298277757
E3O,-2.42325,1.73387,1.2946356883794463,0.8705478391088852,0.6944726866984244,-0.3484904298277757
E3O,-1.297471,-2.068813,1.0906828970588756,0.8216462281099418,0.6944726866984244,-0.3484904298277757
E3O,1.914683,2.114383,1.143442540017732,0.9025771175212499,0.6944726866984244,-0.3484904298277757
E3O,-0.131527,1.046583,1.4724343885925875,0.884344266853865,0.6944726866984244,-0.3484904298277757
E3O,0.771851,2.368562,1.465431543498077,0.9274218619475095,0.6944726866984244,-0.3484904298277757
E3O,0.809379,5.134584,1.7259029253133205,0.9458646307327366,0.6944726866984244,-0.3484904298277757
E3O,1.199204,-0.457154,1.6796192790674611,1.0839626461450433,0.6944726866984244,-0.3484904298277757
E3O,-0.422203,2.000565,1.407138489693645,0.8727852257640314,0.6944726866984244,-0.3484904298277757
E3O,-0.384008,2.869035,1.1863258053930341,0.949040655010537,0.6944726866984244,-0.3484904298277757
E3O,-1.875943,1.513265,1.622689476293195,0.8863779505567938,0.6944726866984244,-0.3484904298277757
E3O,-3.128464,0.490014,1.679856262620028,0.892546449990824,0.6944726866984244,-0.3484904298277757
E3O,0.91408,-0.932201,1.0633239698337882,0.7878610533401295,0.6944726866984244,-0.3484904298277757
E3O,-1.499906,1.023268,1.6126265678026321,0.92297453189574,0.6944726866984244,-0.3484904298277757
E3O,0.765925,2.167982,1.544308309337262,0.9168060324617098,0.6944726866984244,-0.3484904298277757
E3O,-0.781798,2.400339,1.5536721038203856,0.9189132768214813,0.6944726866984244,-0.3484904298277757
E3O,-0.537488,4.060843,1.6763307026800434,0.8768778029170321,0.6944726866984244,-0.3484904298277757
E3O,-1.048493,4.257079,1.4121145987383752,0.9576289052000908,0.6944726866984244,-0.3484904298277757
E3O,4.064647,7.886631,2.0373732594733025,1.3810872417376903,0.6944726866984244,-0.3484904298277757
E3O,-2.709646,4.86417,1.527073458340345,1.0145181981967994,0.6944726866984244,-0.3484904298277757
E3O,0.179875,2.178697,2.3218089238965947,1.3743615077590086,0.6944726866984244,-0.3484904298277757
E3O,1.318049,2.605654,1.6792111800849494,1.269910900109517,0.6944726866984244,-0.3484904298277757
E3O,-1.810922,2.380223,2.2379958024976614,1.3938312317748993,0.6944726866984244,-0.3484904298277757
E3O,-0.392694,-0.24463,1.6156155884709027,1.079060651736686,0.6944726866984244,-0.3484904298277757
E3O,-0.095668,4.069421,1.6673221636191913,0.9409626363243798,0.6944726866984244,-0.3484904298277757
E3O,0.045041,1.505426,1.44158929831129,0.9664914451563889,0.6944726866984244,-0.3484904298277757
E3O,-3.215426,0.09309,1.3678453034555997,0.9976345843278606,0.6944726866984244,-0.3484904298277757
E3O,1.910652,2.806644,1.4675827513453,1.0909072632078005,0.6944726866984244,-0.3484904298277757
E3O,-0.021382,0.136264,1.85135288172401,1.3872784960726887,0.6944726866984244,-0.3484904298277757
E3O,-0.91036,1.838333,1.7757178607714605,1.0855270756562219,0.6944726866984244,-0.3484904298277757
E3O,-0.203209,2.066352,2.1096682617933715,1.4005569657535808,0.6944726866984244,-0.3484904298277757
E3O,-0.904301,1.659402,1.5051833605382625,1.0909072632078005,0.6944726866984244,-0.3484904298277757
E3O,0.4709,-3.351661,0.8814749610245203,0.8690942561083284,0.6944726866984244,-0.3484904298277757
E3O,0.755756,-2.117593,1.674724040143977,1.1546047419676833,0.6944726866984244,-0.3484904298277757
E3O,-0.663002,-2.46176,1.8792762670886585,1.0314751138888205,0.6944726866984244,-0.3484904298277757
E3O,-1.610302,-0.934993,1.500000589311327,1.04947899585861,0.6944726866984244,-0.3484904298277757
E3O,-3.517394,0.846795,1.729194816261037,1.314121977647448,0.6944726866984244,-0.3484904298277757
E3O,-3.143914,-3.125553,1.3048250015688898,0.9342962893875241,0.6944726866984244,-0.3484904298277757
E3O,-3.31782,2.286584,1.694692944523379,0.8308949048504173,0.6944726866984244,-0.3484904298277757
E3O,-0.847154,2.482157,1.7501481757258153,1.2309196365424422,0.6944726866984244,-0.3484904298277757
E3O,-2.035533,-0.553842,1.8537059442655373,1.2529003726555985,0.6944726866984244,-0.3484904298277757
E3O,-1.310112,0.666551,2.0884788483979717,1.3872784960726887,0.6944726866984244,-0.3484904298277757
E3O,-0.047058,-2.2286,1.6956149814006085,1.084181529229119,0.6944726866984244,-0.3484904298277757
E3O,1.158698,2.547666,1.4652324785112094,1.2766366340881987,0.6944726866984244,-0.3484904298277757
E3O,0.064218,2.609368,1.5086199250730825,0.9597657111777077,0.6944726866984244,-0.3484904298277757
E3O,-1.170327,1.61859,1.4882083146242304,0.9509031712214094,0.6944726866984244,-0.3484904298277757
E3O,-1.227047,1.376227,1.3683338639650553,0.8891090314323071,0.6944726866984244,-0.3484904298277757
E3O,-1.541585,0.188479,1.4657086750331096,0.9535972117436775,0.6944726866984244,-0.3484904298277757
E3O,-0.018073,2.39077,1.5345633789219972,0.9535972117436775,0.6944726866984244,-0.3484904298277757
E3O,-0.013749,2.65841,1.610449254661731,1.084181529229119,0.6944726866984244,-0.3484904298277757
E3O,1.379294,2.546392,1.5761834934955492,1.0602621542207282,0.6944726866984244,-0.3484904298277757
E3O,-1.757685,2.656268,1.550101118321647,0.9664914451563889,0.6944726866984244,-0.3484904298277757
E3O,-0.320814,2.653398,1.962718617463446,1.2878285777490903,0.6944726866984244,-0.3484904298277757
E3O,-1.248202,3.1968,1.4657086750331096,0.9535972117436775,0.6944726866984244,-0.3484904298277757
E3O,-6.228502,1.446104,1.50344568116033,0.9555240623963794,0.6944726866984244,-0.3484904298277757
E3O,-0.265788,1.433654,1.5572514096532815,1.0345956405710368,0.6944726866984244,-0.3484904298277757
E3O,-4.110466,1.97409,1.69557549386031,1.0855270756562219,0.6944726866984244,-0.3484904298277757
E3O,-1.869696,-0.094393,1.5116107869943238,0.9408249315066978,0.6944726866984244,-0.3484904298277757
E3O,-3.204605,1.621653,1.766379711359736,0.8842273716111038,0.6944726866984244,-0.3484904298277757
E3O,0.887708,1.368626,1.722911047225474,0.8817797973253894,0.6944726866984244,-0.3484904298277757
E3O,-1.280029,-0.5183,0.9584076994556293,0.808138024170682,0.6944726866984244,-0.3484904298277757
E3O,-3.412735,1.17575,1.917209099834644,1.2797936989659215,0.6944726866984244,-0.3484904298277757
E3O,-0.71423,5.890188,1.2626368287903367,0.9638417805779956,0.6944726866984244,-0.3484904298277757
E3O,0.220914,2.142898,1.7757178607714605,1.0855270756562219,0.6944726866984244,-0.3484904298277757
E3O,-0.360146,5.010764,1.705619576311872,0.8621059956890669,0.6944726866984244,-0.3484904298277757
E3O,0.164888,1.721907,1.5296257248982477,1.2766366340881987,0.6944726866984244,-0.3484904298277757
E3O,-2.43817,1.087324,1.670575557168848,1.084181529229119,0.6944726866984244,-0.3484904298277757
E3O,0.830998,6.472786,1.5296257248982477,1.2766366340881987,0.6944726866984244,-0.3484904298277757
E3O,1.015282,1.149359,1.5884603305079015,0.9597657111777077,0.6944726866984244,-0.3484904298277757
E3O,0.425801,4.631601,1.5051833605382625,1.0909072632078005,0.6944726866984244,-0.3484904298277757
E3O,3.290695,0.17278,1.4987124848324862,1.0652407495581089,0.6944726866984244,-0.3484904298277757
E3O,-1.289333,1.703432,1.363834849743325,1.0085858222830606,0.6944726866984244,-0.3484904298277757
E3O,-5.603922,1.355085,1.5352999276364656,1.0922528096349033,0.6944726866984244,-0.3484904298277757
E3O,-2.786462,2.546837,1.526362116460019,0.8707093034830018,0.6944726866984244,-0.3484904298277757
E3O,0.714716,2.405268,1.567041248552811,1.0333336486820663,0.6944726866984244,-0.3484904298277757
E3O,-4.33161,2.633943,1.557724088609033,0.9076056154871321,0.6944726866984244,-0.3484904298277757
E3O,0.219487,-0.078228,1.9367174342217384,1.0702340621479396,0.6944726866984244,-0.3484904298277757
E3O,0.541446,-1.145593,1.7259029253133205,0.9458646307327366,0.6944726866984244,-0.3484904298277757
E3O,-2.258253,1.891996,1.3441270687878861,0.999409288581363,0.6944726866984244,-0.3484904298277757
E3O,2.007277,1.751983,1.6796192790674611,1.0839626461450433,0.6944726866984244,-0.3484904298277757
E3O,-1.108283,3.769328,1.0244012614527989,0.823552815114698,0.6944726866984244,-0.3484904298277757
E3O,4.210663,1.884488,1.4001931937115193,0.8870886447345692,0.6944726866984244,-0.3484904298277757
E3O,-0.587413,1.552243,1.2782982656028872,0.884394604212301,0.6944726866984244,-0.3484904298277757
E3O,-1.399612,2.993261,1.1484458660925887,0.9461941506327709,0.6944726866984244,-0.3484904298277757
E3O,0.749991,-0.97876,1.4755123759107995,1.2046461012345593,0.6944726866984244,-0.3484904298277757
E3O,-1.681575,4.292768,1.423697380357766,0.9083314428816224,0.6944726866984244,-0.3484904298277757
E3O,3.710921,0.562078,1.1122795353693034,0.9372735861775225,0.6944726866984244,-0.3484904298277757
E3O,1.209066,2.009058,1.527073458340345,1.0145181981967994,0.6944726866984244,-0.3484904298277757
E3O,0.093421,-1.45519,1.1196221911341546,0.9008427298953747,0.6944726866984244,-0.3484904298277757
E3O,-5.752062,0.827668,1.4148498352996381,0.9262967445070625,0.6944726866984244,-0.3484904298277757
E3O,-3.386464,-3.513706,1.5084742220574163,1.2113174550321661,0.6944726866984244,-0.3484904298277757
E3O,-2.156718,3.02478,1.3219081679497284,0.868558351382261,0.6944726866984244,-0.3484904298277757
E3O,-1.723968,-2.569376,1.596998564386104,0.9651106803347127,0.6944726866984244,-0.3484904298277757
E3O,-1.390053,-0.846953,1.5823720792355602,0.7853461654219008,0.6944726866984244,-0.3484904298277757
E3O,-0.753744,0.702157,0.9869261590605635,0.9392746038244043,0.6944726866984244,-0.3484904298277757
E3O,-1.044685,-2.071902,1.5140804841722604,0.9579287491208246,0.6944726866984244,-0.3484904298277757
E3O,-3.834756,-3.064283,1.2824888602500533,0.8611840727480343,0.6944726866984244,-0.3484904298277757
E3O,0.258991,-0.236721,1.203169526667415,0.9461941506327709,0.6944726866984244,-0.3484904298277757
E3O,-1.05089,-2.372922,1.2596768324508267,0.7945612987070785,0.6944726866984244,-0.3484904298277757
E3O,-3.039122,-3.176108,1.6370983026851893,1.149702747559326,0.6944726866984244,-0.3484904298277757
E3O,-3.237136,-2.77428,0.9857620745814764,1.0002855404101814,0.6944726866984244,-0.3484904298277757
E3O,-0.016711,0.31459,1.4331332244801671,1.0805499250608912,0.6944726866984244,-0.3484904298277757
E3O,-2.911486,0.901932,1.0556503778256905,1.015986411465344,0.6944726866984244,-0.3484904298277757
E3O,-5.8528,1.904884,1.4357363607141198,1.065688158582352,0.6944726866984244,-0.3484904298277757
E3O,-2.426168,-2.518628,1.6782460811152533,0.9839273669579676,0.6944726866984244,-0.3484904298277757
E3O,-2.100871,-4.099625,1.4527564729116944,0.8970296608889583,0.6944726866984244,-0.3484904298277757
E3O,-1.974397,1.485329,0.7795670948245806,0.9150945324185839,0.6944726866984244,-0.3484904298277757
E3O,-5.032255,-0.820216,1.5084742220574163,1.2113174550321661,0.6944726866984244,-0.3484904298277757
E3O,0.585245,6.218756,1.6244459009245926,0.9197868124675331,0.6944726866984244,-0.3484904298277757
E3O,-1.073153,-0.094651,1.4846238498324646,0.913618313033503,0.6944726866984244,-0.3484904298277757
E3O,-1.692568,0.565332,1.5292630775064586,0.908716318625146,0.6944726866984244,-0.3484904298277757
E3O,-0.98479,0.804477,1.736534283191712,0.7898707370889534,0.6944726866984244,-0.3484904298277757
E3O,0.400672,1.608158,1.1545326783807526,0.7584264809312716,0.6944726866984244,-0.3484904298277757
E3O,-3.413027,0.215848,1.8003393434235584,0.9881580232909754,0.6944726866984244,-0.3484904298277757
E3O,-1.838346,-0.39753,1.4652324785112094,1.2766366340881987,0.6944726866984244,-0.3484904298277757
E3O,-1.176746,1.027374,1.663444230666997,0.9967358917353181,0.6944726866984244,-0.3484904298277757
E3O,-3.826487,0.328451,1.4989163419793865,0.9250631778071988,0.6944726866984244,-0.3484904298277757
E3O,1.440112,1.906738,1.349154054008488,0.8842045563587232,0.6944726866984244,-0.3484904298277757
E3O,-2.898636,2.943825,1.5211126199987164,0.9535972117436775,0.6944726866984244,-0.3484904298277757
E3O,-1.716391,1.001987,1.515455444340536,0.9597657111777077,0.6944726866984244,-0.3484904298277757
E3O,-2.423597,1.823184,1.4467005963570077,0.9603229457223589,0.6944726866984244,-0.3484904298277757
E3O,1.116538,2.181702,1.3847040645117965,0.9187734272931553,0.6944726866984244,-0.3484904298277757
E3O,-1.181057,1.619195,1.4773742254018047,0.9509031712214094,0.6944726866984244,-0.3484904298277757
E3O,1.914322,1.344235,1.249899785149225,0.9010196830590792,0.6944726866984244,-0.3484904298277757
E3O,-3.157214,2.366825,1.4773742254018047,0.9509031712214094,0.6944726866984244,-0.3484904298277757
E3O,-2.209231,-0.198032,1.372056627455185,0.9382714415088166,0.6944726866984244,-0.3484904298277757
E3O,-0.717443,0.677787,1.3443400202366256,0.9080498111033175,0.6944726866984244,-0.3484904298277757
E3O,-1.130915,-0.069071,1.6832023117305728,1.0358956088714628,0.6944726866984244,-0.3484904298277757
E3O,-1.421407,3.943246,1.394957304038651,1.0377566851050022,0.6944726866984244,-0.3484904298277757
E3O,-1.482916,0.274467,1.252950198526532,1.1779581868700129,0.6944726866984244,-0.3484904298277757
E3O,-1.452423,3.297608,1.4507193629457575,1.1435221099211685,0.6944726866984244,-0.3484904298277757
E3O,0.230243,1.640089,1.7731863013081792,1.3227551217395552,0.6944726866984244,-0.3484904298277757
E3O,3.159079,4.71191,1.3208694880670626,1.0929308908639987,0.6944726866984244,-0.3484904298277757
E3O,1.083132,4.739648,1.403556850715948,1.4272899981275324,0.6944726866984244,-0.3484904298277757
E3O,-1.224977,-0.019121,1.8537059442655373,1.2529003726555985,0.6944726866984244,-0.3484904298277757
E3O,-3.254925,5.598106,1.8054700098393648,1.296914244088974,0.6944726866984244,-0.3484904298277757
E3O,-2.60587,6.800481,1.4909894310268244,1.3478068613317082,0.6944726866984244,-0.3484904298277757
E3O,-3.835409,5.039253,1.2264604250954687,1.0029154237846343,0.6944726866984244,-0.3484904298277757
E3O,-4.291478,2.486577,1.7616386348895,1.26242419419627,0.6944726866984244,-0.3484904298277757
E3O,-0.950947,4.173447,1.394957304038651,1.0377566851050022,0.6944726866984244,-0.3484904298277757
E3O,-1.376228,1.116753,1.552185382428139,0.8814759561484368,0.6944726866984244,-0.3484904298277757
E3O,-2.888478,1.882877,1.2475894766266655,1.1503402405972536,0.6944726866984244,-0.3484904298277757
E3O,-3.654444,1.08892,1.540253947041444,0.9604260568047367,0.6944726866984244,-0.3484904298277757
E3O,-0.469782,2.684119,1.7411597098241332,0.9661850939760582,0.6944726866984244,-0.3484904298277757
E3O,-3.214361,1.54407,1.689265257830218,0.9599624328237534,0.6944726866984244,-0.3484904298277757
E3O,-4.503116,0.355434,1.1868268031857714,0.9402086128959464,0.6944726866984244,-0.3484904298277757
E3O,-3.852211,4.359327,1.472161397205568,1.0353655149836019,0.6944726866984244,-0.3484904298277757
E3O,-5.58402,-0.487741,1.4755123759107995,1.2046461012345593,0.6944726866984244,-0.3484904298277757
E3O,-6.061053,2.697953,1.5237216571699916,1.1342508497161488,0.6944726866984244,-0.3484904298277757
E3O,-3.813693,3.419561,1.4137217788799465,0.8903730557927533,0.6944726866984244,-0.3484904298277757
E3O,-1.298914,-0.662339,1.3749095937857179,1.0243475759825595,0.6944726866984244,-0.3484904298277757
E3O,-3.854421,0.787662,1.4755123759107995,1.2046461012345593,0.6944726866984244,-0.3484904298277757
E3O,-4.783209,0.828859,1.4845162614869418,0.9849641737862781,0.6944726866984244,-0.3484904298277757
E3O,-0.837398,2.55974,1.252950198526532,1.1779581868700129,0.6944726866984244,-0.3484904298277757
E3O,-3.676702,-1.119871,1.4379939866484797,0.9144999423156526,0.6944726866984244,-0.3484904298277757
E3O,-1.772175,-1.896948,1.5540787390907675,1.0602621542207282,0.6944726866984244,-0.3484904298277757
E3O,-0.905848,0.677247,1.5741661217968141,1.0922528096349033,0.6944726866984244,-0.3484904298277757
E3O,-2.327075,-1.620105,1.6896426886544378,1.0855270756562219,0.6944726866984244,-0.3484904298277757
E3O,-2.30914,0.321045,1.4154973515061215,0.9576289052000908,0.6944726866984244,-0.3484904298277757
E3O,-2.628098,1.823551,1.4845162614869418,0.9849641737862781,0.6944726866984244,-0.3484904298277757
E3O,-2.402618,2.290799,1.4857698440355391,1.0106306874359696,0.6944726866984244,-0.3484904298277757
E3O,0.616036,1.227676,1.4857698440355391,1.0106306874359696,0.6944726866984244,-0.3484904298277757
E3O,3.040325,3.17827,1.4527564729116944,0.8970296608889583,0.6944726866984244,-0.3484904298277757
E3O,4.797883,-3.260743,0.6750731835580133,0.8946234087266227,0.6944726866984244,-0.3484904298277757
E3O,0.58606,4.801156,1.9359211905983007,1.015469763330399,0.6944726866984244,-0.3484904298277757
E3O,2.773298,1.496723,1.8154892411065249,0.8654995287821614,0.6944726866984244,-0.3484904298277757
E3O,1.497553,-0.797667,0.8471363424668963,0.9318678390933814,0.6944726866984244,-0.3484904298277757
E3O,1.986698,4.6329,1.4399870054421293,0.9280735814567413,0.6944726866984244,-0.3484904298277757
E3O,3.731912,-2.597908,1.733026402240093,1.009094103526559,0.6944726866984244,-0.3484904298277757
E3O,-5.443051,-4.670218,1.9383504424944609,0.9603585001189145,0.6944726866984244,-0.3484904298277757
E3O,2.661374,-8.698894,1.1712125684045673,0.9416365663408861,0.6944726866984244,-0.3484904298277757
E3O,6.507536,0.906697,1.664663870019466,0.8935981295474225,0.6944726866984244,-0.3484904298277757
E3O,-1.420563,-0.242493,1.7330144127954832,0.9679156876626294,0.6944726866984244,-0.3484904298277757
E3O,0.360674,1.376014,1.713066255712596,1.0112050294234474,0.6944726866984244,-0.3484904298277757
E3O,5.821978,0.29796,1.7289185210315043,0.9888293613663247,0.6944726866984244,-0.3484904298277757
E3O,-2.285731,0.163459,1.9038078007482242,0.9019749161393721,0.6944726866984244,-0.3484904298277757
E3O,-0.423615,-3.848163,1.4263882833939165,0.8281504511896775,0.6944726866984244,-0.3484904298277757
E3O,0.631877,2.84525,1.6670566701919267,0.9742426685701588,0.6944726866984244,-0.3484904298277757
E3O,-2.051841,-0.84313,1.7627258755818662,1.0513197155882974,0.6944726866984244,-0.3484904298277757
E3O,-2.178082,0.068096,1.509205083111378,0.9664914451563889,0.6944726866984244,-0.3484904298277757
E3O,-1.402331,-1.828503,1.5352999276364656,1.0922528096349033,0.6944726866984244,-0.3484904298277757
E3O,-3.395263,-0.041876,1.5086199250730825,0.9597657111777077,0.6944726866984244,-0.3484904298277757
E3O,-1.78906,1.240482,1.4621580150309486,0.9319623915503994,0.6944726866984244,-0.3484904298277757
E3O,0.964674,-0.321152,1.3493305695864197,0.8891090314323071,0.6944726866984244,-0.3484904298277757
E3O,-1.662021,2.539257,1.448580702735753,0.9509031712214094,0.6944726866984244,-0.3484904298277757
E3O,0.413645,-2.075983,1.4752927229329822,0.9509031712214094,0.6944726866984244,-0.3484904298277757
E3O,-0.208265,-0.601044,1.5341331325926542,1.050824542285712,0.6944726866984244,-0.3484904298277757
E3O,-2.45938,3.957114,1.4859508317465406,0.9127447773874512,0.6944726866984244,-0.3484904298277757
E3O,-2.699994,2.553124,1.5388992338506007,0.9250631778071988,0.6944726866984244,-0.3484904298277757
E3O,0.757437,2.972114,1.4666676465747441,1.04947899585861,0.6944726866984244,-0.3484904298277757
E3O,1.641917,3.290592,1.5815575952122052,1.0602621542207282,0.6944726866984244,-0.3484904298277757
E3O,0.041544,0.679647,1.5765884445110918,1.0188338868715376,0.6944726866984244,-0.3484904298277757
E3O,1.72896,-0.12984,1.6130654931781774,0.9643016524157699,0.6944726866984244,-0.3484904298277757
E3O,0.00052,-2.912155,1.0903649706357514,0.89051528353242,0.6944726866984244,-0.3484904298277757
E3O,0.410242,-1.372595,1.5116107869943238,0.9408249315066978,0.6944726866984244,-0.3484904298277757
E3O,-1.366632,-0.145077,1.4514258194917558,1.001193075500954,0.6944726866984244,-0.3484904298277757
E3O,1.338616,-1.134724,1.5346032173656459,1.0665862959852117,0.6944726866984244,-0.3484904298277757
E3O,-1.875701,-0.964679,1.7433185685979011,1.0855270756562219,0.6944726866984244,-0.3484904298277757
E3O,2.311112,0.172196,1.2257171852482065,0.8966837829664501,0.6944726866984244,-0.3484904298277757
E3O,-0.724196,1.035347,1.695254454636341,1.1636654343117978,0.6944726866984244,-0.3484904298277757
E3O,0.731212,1.26583,1.9099008936274569,1.2768829289972947,0.6944726866984244,-0.3484904298277757
E3O,-5.246857,4.538405,1.4029482914606572,1.112158521050299,0.6944726866984244,-0.3484904298277757
E3O,-2.837069,1.076326,2.035233591527002,1.300428666335902,0.6944726866984244,-0.3484904298277757
E3O,-4.363106,2.457129,1.8756725693739724,1.396716212592867,0.6944726866984244,-0.3484904298277757
E3O,-1.005305,3.495639,1.3761579745736847,1.091889763667527,0.6944726866984244,-0.3484904298277757
E3O,-1.272134,5.731888,1.3930518220069705,0.9237575633182625,0.6944726866984244,-0.3484904298277757
E3O,-0.43671,1.074949,1.7907158607782674,0.8970945458436416,0.6944726866984244,-0.3484904298277757
E3O,2.319641,1.946449,1.4459071980061728,0.9373491360761919,0.6944726866984244,-0.3484904298277757
E3O,0.682218,5.074781,1.3300367517796958,0.895163093120927,0.6944726866984244,-0.3484904298277757
E3O,2.156272,3.440184,1.3172546112086332,0.9171661179847785,0.6944726866984244,-0.3484904298277757
E3O,-5.948038,2.602287,1.635270752344553,0.9693264629052876,0.6944726866984244,-0.3484904298277757
E3O,2.204384,1.238588,1.293392172788913,0.9526993300468743,0.6944726866984244,-0.3484904298277757
E3O,0.337784,3.643159,1.635270752344553,0.9693264629052876,0.6944726866984244,-0.3484904298277757
E3O,-0.291719,0.687273,1.903816214639169,1.195043378625311,0.6944726866984244,-0.3484904298277757
E3O,-1.250255,0.964547,1.7607885520243565,1.0535364202420467,0.6944726866984244,-0.3484904298277757
E3O,1.290903,4.415403,1.3444503620481907,1.252667953611549,0.6944726866984244,-0.3484904298277757
E3O,0.020858,1.171934,1.6896426886544378,1.0855270756562219,0.6944726866984244,-0.3484904298277757
E3O,0.562265,2.469672,1.5292630775064586,0.908716318625146,0.6944726866984244,-0.3484904298277757
E3O,1.766809,0.827945,1.3931321320643508,0.9234258862897993,0.6944726866984244,-0.3484904298277757
E3O,5.735177,1.240449,1.1444032746648152,1.0834867235906511,0.6944726866984244,-0.3484904298277757
E3O,3.843433,-0.237884,1.205378300318426,0.7645949803653018,0.6944726866984244,-0.3484904298277757
E3O,2.574336,3.695662,1.8003393434235584,0.9881580232909754,0.6944726866984244,-0.3484904298277757
E3O,-2.846496,4.53703,0.7540350346890087,0.9302124882356547,0.6944726866984244,-0.3484904298277757
E3O,-1.811495,1.31988,1.1518168804780589,1.0200125832388525,0.6944726866984244,-0.3484904298277757
E3O,1.195827,1.965157,1.119368133334628,0.8676992022573222,0.6944726866984244,-0.3484904298277757
E3O,-3.00972,6.510716,1.8802542774524051,1.3406017846085636,0.6944726866984244,-0.3484904298277757
E3O,-1.312337,-3.764576,1.4904509424522214,1.0426213428501443,0.6944726866984244,-0.3484904298277757
E3O,-2.576499,-0.411727,1.5574628798103913,0.9597657111777077,0.6944726866984244,-0.3484904298277757
E3O,-2.178794,3.874325,1.252950198526532,1.1779581868700129,0.6944726866984244,-0.3484904298277757
E3O,-2.143187,4.028584,1.8738605133611121,1.2975429106405978,0.6944726866984244,-0.3484904298277757
E3O,-1.175386,3.438256,2.163347975435754,1.477631706453543,0.6944726866984244,-0.3484904298277757
E3O,0.235876,0.880766,1.7757898919750972,1.084181529229119,0.6944726866984244,-0.3484904298277757
E3O,4.461407,0.508607,1.745935238298756,1.0855270756562219,0.6944726866984244,-0.3484904298277757
E3O,0.481562,1.324551,1.7520031822041953,1.0855270756562219,0.6944726866984244,-0.3484904298277757
E3O,1.146247,-0.632758,1.0481554689110677,0.7584264809312716,0.6944726866984244,-0.3484904298277757
E3O,-1.569932,0.926759,1.0622843186200435,0.9043764088204379,0.6944726866984244,-0.3484904298277757
E3O,0.481428,1.704062,1.6673221636191913,0.9409626363243798,0.6944726866984244,-0.3484904298277757
E3O,2.232424,-1.319055,1.8625105550440655,1.426793216377123,0.6944726866984244,-0.3484904298277757
E3O,3.149388,-0.04249,1.8802542774524051,1.3406017846085636,0.6944726866984244,-0.3484904298277757
E3O,-1.376133,-1.841142,1.7394798315039288,1.3406017846085636,0.6944726866984244,-0.3484904298277757
E3O,0.590959,1.642078,1.252950198526532,1.1779581868700129,0.6944726866984244,-0.3484904298277757
E3O,-0.362756,-6.396495,1.3334416945063439,1.1347536556746123,0.6944726866984244,-0.3484904298277757
E3O,1.110759,2.461074,1.8058614500304953,1.2787412503061797,0.6944726866984244,-0.3484904298277757
E3O,-0.584889,-2.030852,1.7070910534389225,1.0507326353594089,0.6944726866984244,-0.3484904298277757
E3O,-1.893506,1.201723,1.1262632377685458,0.8235947997852215,0.6944726866984244,-0.3484904298277757
E3O,1.608499,0.502014,1.4550783864786758,0.8814759561484368,0.6944726866984244,-0.3484904298277757
E3O,-1.402573,0.64944,1.3868273805512255,0.9859910740254757,0.6944726866984244,-0.3484904298277757
E3O,-1.345652,0.322538,1.143442540017732,0.9025771175212499,0.6944726866984244,-0.3484904298277757
E3O,-1.536048,2.387051,1.0186531778054901,0.8173843156806678,0.6944726866984244,-0.3484904298277757
E3O,2.954069,-1.024883,1.0186531778054901,0.8173843156806678,0.6944726866984244,-0.3484904298277757
E3O,5.145069,0.224503,1.180475709890108,0.9101019975223372,0.6944726866984244,-0.3484904298277757
E3O,-0.762739,0.256191,1.0043047476307658,0.9907369175597143,0.6944726866984244,-0.3484904298277757
E3O,0.828771,2.041659,1.4112453630668413,1.0442914589577483,0.6944726866984244,-0.3484904298277757
E3O,-3.408076,0.494615,1.1886714820422335,0.8550155733140044,0.6944726866984244,-0.3484904298277757
E3O,-0.225507,-2.720823,1.4137217788799465,0.8903730557927533,0.6944726866984244,-0.3484904298277757
E3O,-0.668823,-0.273711,1.2285381678319371,0.8726193115586771,0.6944726866984244,-0.3484904298277757
E3O,-1.549726,0.903297,1.2824888602500533,0.8611840727480343,0.6944726866984244,-0.3484904298277757
E3O,-2.985489,0.448468,1.1886714820422335,0.8550155733140044,0.6944726866984244,-0.3484904298277757
E3O,-0.003659,1.787218,1.4527564729116944,0.8970296608889583,0.6944726866984244,-0.3484904298277757
E3O,-0.456594,-0.709825,1.3258132748003466,0.8733472777328078,0.6944726866984244,-0.3484904298277757
E3O,5.84754,3.901795,1.5345633789219972,0.9535972117436775,0.6944726866984244,-0.3484904298277757
E3O,-3.647825,1.11087,1.5346032173656459,1.0665862959852117,0.6944726866984244,-0.3484904298277757
E3O,-1.855792,2.539018,1.143442540017732,0.9025771175212499,0.6944726866984244,-0.3484904298277757
E3O,-2.861543,-0.217068,1.4137217788799465,0.8903730557927533,0.6944726866984244,-0.3484904298277757
E3O,-2.17771,1.697704,1.5618783856720284,0.9614175640399244,0.6944726866984244,-0.3484904298277757
E3O,1.405799,4.353117,1.349154054008488,0.8842045563587232,0.6944726866984244,-0.3484904298277757
E3O,2.9579,3.339183,0.6750731835580133,0.8946234087266227,0.6944726866984244,-0.3484904298277757
E3O,-0.241099,3.017245,1.5495038073592058,0.8826613097470228,0.6944726866984244,-0.3484904298277757
E3O,-1.728853,-3.037898,1.1827907173135481,0.7430716509178413,0.6944726866984244,-0.3484904298277757
E3O,0.624311,0.133348,1.3853388458624023,0.8104571025572498,0.6944726866984244,-0.3484904298277757
E3O,-1.777874,-0.94787,1.1545326783807526,0.7584264809312716,0.6944726866984244,-0.3484904298277757
E3O,-1.153951,1.718123,1.3302092488068775,0.8882000167080474,0.6944726866984244,-0.3484904298277757
E3O,-1.15618,1.774058,1.4987124848324862,1.0652407495581089,0.6944726866984244,-0.3484904298277757
E3O,-4.667753,0.967454,1.458761602805433,1.238305466367491,0.6944726866984244,-0.3484904298277757
E3O,1.006486,4.621189,1.7136408761068382,0.9219726669205602,0.6944726866984244,-0.3484904298277757
E3O,-1.74039,3.72683,1.7019719059185188,1.0894915836185282,0.6944726866984244,-0.3484904298277757
E3O,0.653126,-1.933218,1.3336850830063232,0.7842283634532939,0.6944726866984244,-0.3484904298277757
E3O,-5.11843,5.479922,0.957370253941125,0.9448909330876046,0.6944726866984244,-0.3484904298277757
E3O,0.369067,3.529777,1.3674211546480262,0.9782275309167361,0.6944726866984244,-0.3484904298277757
E1O,0.134851,1.489205,2.6898514386313215,-0.23522987950624719,0.7170575801125244,-0.3360273704745597
E1O,-2.622881,1.164288,2.789745215246874,-0.16115665612900143,0.7170575801125244,-0.3360273704745597
E1O,0.817566,3.772461,2.6904587822588883,-0.08862616065528499,0.7170575801125244,-0.3360273704745597
E1O,-1.431877,-0.052326,2.539696763950899,-0.1127479698451918,0.7170575801125244,-0.3360273704745597
E1O,-1.839505,1.600201,2.9046193966461895,-0.25170647894189957,0.7170575801125244,-0.3360273704745597
E1O,-0.960327,3.548723,2.6885393378350098,-0.02143360031528526,0.7170575801125244,-0.3360273704745597
E1O,-1.105401,2.117017,2.7081672492232256,-0.18117388997652728,0.7170575801125244,-0.3360273704745597
E1O,-2.237919,3.129432,2.788170083520046,-0.056671027618916764,0.7170575801125244,-0.3360273704745597
E1O,-1.125344,-0.248146,2.741604841169358,-0.0817630464796545,0.7170575801125244,-0.3360273704745597
E1O,0.880672,-0.561834,3.059004061288155,-0.2898541597650728,0.7170575801125244,-0.3360273704745597
E1O,-2.268136,2.974866,3.017267434781745,-0.08491898805632571,0.7170575801125244,-0.3360273704745597
E1O,-2.342862,2.22007,2.8313402197268283,-0.183701155262781,0.7170575801125244,-0.3360273704745597
E1O,-1.375003,2.299599,2.841039132760036,-0.07621742405601863,0.7170575801125244,-0.3360273704745597
E1O,0.480431,2.083672,2.886433376207212,-0.2344575107953383,0.7170575801125244,-0.3360273704745597
E1O,0.2448,-4.979611,2.6458592967976333,-0.11371817951602267,0.7170575801125244,-0.3360273704745597
E1O,-1.766389,-0.067005,3.131396339829033,-0.2584969749904026,0.7170575801125244,-0.3360273704745597
E1O,-0.076288,-2.840833,2.6485952715293113,-0.11022157477675201,0.7170575801125244,-0.3360273704745597
E1O,-1.825815,1.365036,2.7977090297008003,-0.24917707557471175,0.7170575801125244,-0.3360273704745597
E1O,-1.321783,-3.072179,2.7843745524727392,-0.1531212855630958,0.7170575801125244,-0.3360273704745597
E1O,-1.357778,3.180407,2.3769199487327195,-0.2489044561245705,0.7170575801125244,-0.3360273704745597
E1O,-0.760687,1.930212,2.642454476792189,-0.17611109020416268,0.7170575801125244,-0.3360273704745597
E1O,-1.263561,-0.887755,2.4228218315941397,-0.2221361555344088,0.7170575801125244,-0.3360273704745597
E1O,-2.850139,-0.006078,2.8199826974096247,-0.19414500860282188,0.7170575801125244,-0.3360273704745597
E1O,0.88825,-2.437428,2.8368817055684277,-0.1373132483108476,0.7170575801125244,-0.3360273704745597
E1O,-0.383926,-4.196429,3.6508741268698723,-0.14961042880675388,0.7170575801125244,-0.3360273704745597
E1O,0.5234,3.230913,2.7585273065902562,-0.09273444100256713,0.7170575801125244,-0.3360273704745597
E1O,-1.170551,1.14961,3.430418566892785,-0.13515515555829635,0.7170575801125244,-0.3360273704745597
E1O,-0.41874,1.59846,2.8439910356347675,-0.17611482136818823,0.7170575801125244,-0.3360273704745597
E1O,0.706607,1.032916,3.070655871715644,-0.1290191968024484,0.7170575801125244,-0.3360273704745597
E1O,1.49174,-0.127395,2.6559586431531272,-0.05449491883321345,0.7170575801125244,-0.3360273704745597
E1O,-0.516297,-3.29605,2.8511490986830075,-0.10528356577612061,0.7170575801125244,-0.3360273704745597
E1O,-4.83847,-1.579717,2.8104297449163806,-0.12770476022640298,0.7170575801125244,-0.3360273704745597
E1O,-0.853457,0.662991,2.5428375749676446,-0.18917280389860755,0.7170575801125244,-0.3360273704745597
E1O,-1.737807,-1.664738,2.642454476792189,-0.17611109020416268,0.7170575801125244,-0.3360273704745597
E1O,0.295684,-0.149448,2.6543805006710497,-0.18917280389860755,0.7170575801125244,-0.3360273704745597
E1O,-0.77286,-0.200992,2.9059943040831557,-0.2107439105932847,0.7170575801125244,-0.3360273704745597
E1O,-1.559604,-1.462683,2.9857089689890937,-0.09067269730447625,0.7170575801125244,-0.3360273704745597
E1O,-2.017007,-3.088903,2.9347391054865146,-0.18689824671147312,0.7170575801125244,-0.3360273704745597
E1O,-0.859135,1.902261,3.0138152514050227,-0.15518151477703182,0.7170575801125244,-0.3360273704745597
E1O,-1.475302,-0.920498,2.9671648671855713,-0.32855195919950086,0.7170575801125244,-0.3360273704745597
E1O,-1.089546,1.345967,2.761626416968598,-0.21084006274894646,0.7170575801125244,-0.3360273704745597
E1O,-0.527509,0.142389,2.6789932264119307,-0.32855195919950086,0.7170575801125244,-0.3360273704745597
E1O,0.579337,1.832553,2.8543494257256947,-0.14904555602118386,0.7170575801125244,-0.3360273704745597
E1O,-1.08471,1.144784,2.944035227589008,-0.12715633220730158,0.7170575801125244,-0.3360273704745597
E1O,0.20965,2.723951,3.5304460502075776,-0.22041664440965875,0.7170575801125244,-0.3360273704745597
E1O,-3.572145,3.617423,2.7446815209653823,-0.09714833967215819,0.7170575801125244,-0.3360273704745597
E1O,-4.266306,-0.975665,3.5310599519609074,-0.2149309716142012,0.7170575801125244,-0.3360273704745597
E1O,-1.217681,-1.124731,3.5796546959549693,-0.20246229004462934,0.7170575801125244,-0.3360273704745597
E1O,-7.037126,-0.38459,3.182361827974615,-0.2019336377326938,0.7170575801125244,-0.3360273704745597
E1O,-4.879614,1.134893,3.174803545869554,-0.05640679566545851,0.7170575801125244,-0.3360273704745597
E1O,-5.938918,0.290345,3.6793245058039408,-0.22284311228651627,0.7170575801125244,-0.3360273704745597
E1O,-4.224904,1.388291,3.088527053057685,-0.12937314794734275,0.7170575801125244,-0.3360273704745597
E1O,-3.758816,2.690333,2.5090508794435142,-0.11492180107489157,0.7170575801125244,-0.3360273704745597
E1O,-4.231327,0.98683,3.089535603048397,-0.2559141067329346,0.7170575801125244,-0.3360273704745597
E1O,-2.937046,7.064175,2.816239251759214,-0.09082185149837166,0.7170575801125244,-0.3360273704745597
E1O,-3.633514,-0.441992,2.6155860415679473,-0.21000219084905145,0.7170575801125244,-0.3360273704745597
E1O,-3.726625,2.688523,2.642454476792189,-0.17611109020416268,0.7170575801125244,-0.3360273704745597
E1O,-1.024707,1.063279,2.495403645589067,-0.19647056944216826,0.7170575801125244,-0.3360273704745597
E1O,0.219226,0.022277,2.599375312487446,-0.3130487257168744,0.7170575801125244,-0.3360273704745597
E1O,0.273382,0.889846,2.412786814027869,-0.17059634062742265,0.7170575801125244,-0.3360273704745597
E1O,-0.027136,0.426787,2.572333674922791,-0.17800686692171938,0.7170575801125244,-0.3360273704745597
E1O,-5.268139,1.212543,2.6904587822588883,-0.08862616065528499,0.7170575801125244,-0.3360273704745597
E1O,-3.69999,0.577461,2.6904587822588883,-0.08862616065528499,0.7170575801125244,-0.3360273704745597
E1O,-1.680981,-0.462467,2.6904587822588883,-0.08862616065528499,0.7170575801125244,-0.3360273704745597
E1O,-4.892435,-0.337733,2.646346236095992,-0.2640620770263585,0.7170575801125244,-0.3360273704745597
E1O,-2.590161,1.363359,2.7427729415362783,-0.08793005773441633,0.7170575801125244,-0.3360273704745597
E1O,-2.890824,2.429463,2.6898514386313215,-0.23522987950624719,0.7170575801125244,-0.3360273704745597
E1O,-3.664096,1.98182,2.646346236095992,-0.2640620770263585,0.7170575801125244,-0.3360273704745597
E1O,-2.666355,1.635524,2.761031871386051,-0.0367939725966951,0.7170575801125244,-0.3360273704745597
E1O,-3.459886,2.550749,2.788170083520046,-0.056671027618916764,0.7170575801125244,-0.3360273704745597
E1O,-2.968727,2.958444,2.5083453677613923,-0.06591411099525246,0.7170575801125244,-0.3360273704745597
E1O,-2.506535,3.233826,2.816239251759214,-0.09082185149837166,0.7170575801125244,-0.3360273704745597
E1O,0.479878,0.063432,2.650179982590741,-0.18016873072476386,0.7170575801125244,-0.3360273704745597
E1O,-5.504426,4.764091,2.6164441191001115,-0.09110273410325147,0.7170575801125244,-0.3360273704745597
E1O,-5.627966,3.811129,2.7336664990504222,-0.11102910036362403,0.7170575801125244,-0.3360273704745597
E1O,-3.382848,1.240497,2.8373479633858034,-0.17909603178241523,0.7170575801125244,-0.3360273704745597
E1O,-3.210779,0.471827,2.6142785641251285,-0.20045212952451066,0.7170575801125244,-0.3360273704745597
E1O,-2.38703,-2.777896,3.1065191290898273,-0.08568603225051057,0.7170575801125244,-0.3360273704745597
E1O,-1.670928,5.843339,3.6262662462083624,-0.20840928010037565,0.7170575801125244,-0.3360273704745597
E1O,-0.09527,0.363647,2.9553467507557527,-0.19278955622825528,0.7170575801125244,-0.3360273704745597
E1O,-3.010493,3.172864,2.895606624987003,-0.06047123883986399,0.7170575801125244,-0.3360273704745597
E1O,-2.83592,-0.040363,3.489028269160067,-0.2072811986486063,0.7170575801125244,-0.3360273704745597
E1O,-6.158251,7.111323,3.2057770869304827,-0.10024251288992536,0.7170575801125244,-0.3360273704745597
E1O,-3.741681,-1.217231,3.2787847758266637,-0.07304300005854375,0.7170575801125244,-0.3360273704745597
E1O,-2.140963,4.854047,3.5159615073837784,-0.2573440119376545,0.7170575801125244,-0.3360273704745597
E1O,-2.199375,0.56007,2.875375263085044,-0.15477163459839038,0.7170575801125244,-0.3360273704745597
E1O,-0.829448,4.345009,2.8953801399304284,-0.2159260951260068,0.7170575801125244,-0.3360273704745597
E1O,-3.683272,3.076746,2.860409440215189,-0.243461583969182,0.7170575801125244,-0.3360273704745597
E1O,-6.708436,-0.09054,3.3361554719104665,-0.23723170248580602,0.7170575801125244,-0.3360273704745597
E1O,-4.548608,-3.125168,3.2191076459274695,-0.29425994146053164,0.7170575801125244,-0.3360273704745597
E1O,-0.076384,-2.651079,2.930081281845406,-0.1104709982037209,0.7170575801125244,-0.3360273704745597
E1O,-2.344858,0.557087,2.592279892875127,-0.22394269514517082,0.7170575801125244,-0.3360273704745597
E1O,2.439029,2.553969,2.9089663960737133,-0.06860806763072025,0.7170575801125244,-0.3360273704745597
E1O,-0.210272,3.104733,2.4501987759966037,-0.2624583389376079,0.7170575801125244,-0.3360273704745597
E1O,0.895709,1.524562,2.6950860193901582,-0.07405093978610876,0.7170575801125244,-0.3360273704745597
E1O,0.242659,-2.624368,2.4501987759966037,-0.2624583389376079,0.7170575801125244,-0.3360273704745597
E1O,-2.357731,2.912933,2.462959501975434,-0.20707253950426896,0.7170575801125244,-0.3360273704745597
E1O,0.706463,2.56208,2.7092612401775673,-0.05377923385496145,0.7170575801125244,-0.3360273704745597
E1O,1.906753,1.702118,2.537230537829922,-0.23990038295072674,0.7170575801125244,-0.3360273704745597
E1O,0.49388,1.078361,2.7843745524727392,-0.1531212855630958,0.7170575801125244,-0.3360273704745597
E1O,-0.034786,-0.666631,2.7843745524727392,-0.1531212855630958,0.7170575801125244,-0.3360273704745597
E1O,-2.444315,-1.212035,2.8214370664866144,-0.1595434077968513,0.7170575801125244,-0.3360273704745597
E1O,0.159247,-0.565923,2.6485952715293113,-0.11022157477675201,0.7170575801125244,-0.3360273704745597
E1O,-0.853889,-2.216708,2.7851525447449657,-0.25381910654148615,0.7170575801125244,-0.3360273704745597
E1O,-2.613422,-3.166991,2.5943616678280437,-0.046252637727700906,0.7170575801125244,-0.3360273704745597
E1O,-0.536579,-1.263477,2.6362251785576203,-0.04344438751989716,0.7170575801125244,-0.3360273704745597
E1O,-0.943821,-0.369968,2.730481027383761,0.013409600965204778,0.7170575801125244,-0.3360273704745597
E1O,-2.198653,0.381441,2.6904587822588883,-0.08862616065528499,0.7170575801125244,-0.3360273704745597
E1O,-3.397425,-1.124968,2.6898514386313215,-0.23522987950624719,0.7170575801125244,-0.3360273704745597
E1O,-0.931216,2.151871,2.7019136295049617,-0.14063751663773888,0.7170575801125244,-0.3360273704745597
E1O,-2.63041,-0.78859,2.6050900689939827,-0.13848068724452128,0.7170575801125244,-0.3360273704745597
E1O,-1.762298,-1.908919,2.8992487338720547,-0.2437342034193233,0.7170575801125244,-0.3360273704745597
E1O,-1.599423,1.75413,2.6543805006710497,-0.18917280389860755,0.7170575801125244,-0.3360273704745597
E1O,-3.020403,0.316022,2.527441481801696,-0.016832294013612116,0.7170575801125244,-0.3360273704745597
E1O,-0.694861,-0.919727,2.7517639141941386,-0.1596757976009479,0.7170575801125244,-0.3360273704745597
E1O,-0.741824,-0.41481,2.577498526172541,-0.06005369332983986,0.7170575801125244,-0.3360273704745597
E1O,-4.165356,-0.903209,2.5850867942418385,-0.24740694395342874,0.7170575801125244,-0.3360273704745597
E1O,0.34089,3.430923,2.7561074845954803,-0.13534024906969347,0.7170575801125244,-0.3360273704745597
E1O,-0.063055,-2.79693,2.4501987759966037,-0.2624583389376079,0.7170575801125244,-0.3360273704745597
E1O,0.08849,2.674954,3.562719415913666,-0.2963298021327546,0.7170575801125244,-0.3360273704745597
E1O,-1.527029,0.265552,2.8892491609405653,-0.23719482596598127,0.7170575801125244,-0.3360273704745597
E1O,-0.225885,-2.821261,2.945673609575292,-0.296955014624138,0.7170575801125244,-0.3360273704745597
E1O,-2.731071,-1.43031,2.8533280061876773,-0.13386421258450829,0.7170575801125244,-0.3360273704745597
E1O,-0.258797,-0.15176,2.877451819436045,-0.3470443173606128,0.7170575801125244,-0.3360273704745597
E1O,0.711467,0.162029,2.796263752122595,-0.24128498426946549,0.7170575801125244,-0.3360273704745597
E1O,0.895492,0.084713,2.7868979542791257,-0.11027439920106992,0.7170575801125244,-0.3360273704745597
E1O,-1.095561,2.004847,3.641463479500277,-0.08095168884660656,0.7170575801125244,-0.3360273704745597
E1O,-0.236663,1.007814,2.7017239308157643,-0.11302207659515404,0.7170575801125244,-0.3360273704745597
E1O,-0.282399,-0.284374,2.5116968804945694,-0.18947034674914784,0.7170575801125244,-0.3360273704745597
E1O,-1.743005,1.114822,3.0921594390051914,-0.2427002254328681,0.7170575801125244,-0.3360273704745597
E1O,-1.525275,3.647454,2.860409440215189,-0.243461583969182,0.7170575801125244,-0.3360273704745597
E1O,-1.324913,1.850315,2.495403645589067,-0.19647056944216826,0.7170575801125244,-0.3360273704745597
E1O,-0.378538,2.600754,2.814764724087946,-0.07649168074512294,0.7170575801125244,-0.3360273704745597
E1O,0.596563,0.224297,2.4542301360287166,-0.21531721571660378,0.7170575801125244,-0.3360273704745597
E1O,0.067271,0.957242,2.7320016960283855,-0.08710110163572819,0.7170575801125244,-0.3360273704745597
E1O,-1.720774,-0.404421,2.412786814027869,-0.17059634062742265,0.7170575801125244,-0.3360273704745597
E1O,-2.548971,-0.201597,2.7081672492232256,-0.1572314274577119,0.7170575801125244,-0.3360273704745597
E1O,-3.638064,1.67899,2.7383766573523127,-0.23565254187514564,0.7170575801125244,-0.3360273704745597
E1O,-2.619368,0.460902,2.6007079919951677,-0.1703632771919216,0.7170575801125244,-0.3360273704745597
E1O,1.928886,-2.116434,2.8161583115373414,-0.20864601567952978,0.7170575801125244,-0.3360273704745597
E1O,0.768919,1.375426,3.1794387035880627,-0.23029399751138788,0.7170575801125244,-0.3360273704745597
E1O,0.579312,0.013195,2.8161583115373414,-0.20864601567952978,0.7170575801125244,-0.3360273704745597
E1O,-3.152846,0.736451,2.592279892875127,-0.22394269514517082,0.7170575801125244,-0.3360273704745597
E1O,-1.475736,1.177929,2.7503961797035505,-0.12751698878519507,0.7170575801125244,-0.3360273704745597
E1O,-1.944426,2.510199,2.5392325283454475,-0.17331291868267049,0.7170575801125244,-0.3360273704745597
E1O,-2.797501,3.227861,2.5428375749676446,-0.18917280389860755,0.7170575801125244,-0.3360273704745597
E1O,1.587325,-0.054637,2.8781043074885475,-0.133840718982251,0.7170575801125244,-0.3360273704745597
E1O,2.03869,-2.07796,2.6785422856434447,-0.1315782621930017,0.7170575801125244,-0.3360273704745597
E1O,-0.813496,0.895141,2.7515642569931127,-0.18262172661498022,0.7170575801125244,-0.3360273704745597
E1O,-0.404328,-1.304397,2.7502358833554696,-0.05628867713537962,0.7170575801125244,-0.3360273704745597
E1O,-1.165572,1.908327,2.8946963781466373,-0.08034829386208571,0.7170575801125244,-0.3360273704745597
E1O,-1.587634,2.155289,2.4013928177240467,-0.15692145064622326,0.7170575801125244,-0.3360273704745597
E1O,-2.510095,2.787558,3.061318434383362,-0.2525499849346563,0.7170575801125244,-0.3360273704745597
E1O,-0.295247,3.890831,2.8781043074885475,-0.133840718982251,0.7170575801125244,-0.3360273704745597
E1O,0.142573,5.551637,2.9416154993506813,-0.19278955622825528,0.7170575801125244,-0.3360273704745597
E1O,-0.260866,0.194369,2.687279587302703,-0.14033985495219023,0.7170575801125244,-0.3360273704745597
E1O,0.582079,0.158141,3.5096896434917757,-0.18457821502460967,0.7170575801125244,-0.3360273704745597
E1O,-0.418764,-0.220899,2.8722666241860333,-0.21850078338240095,0.7170575801125244,-0.3360273704745597
E1O,-1.695632,-0.818818,2.7880504503672667,-0.18627325530045571,0.7170575801125244,-0.3360273704745597
E1O,0.094817,3.266169,3.2132567564167145,-0.20398246169806078,0.7170575801125244,-0.3360273704745597
E1O,-0.942065,0.52287,2.536534057223704,-0.1387265214970007,0.7170575801125244,-0.3360273704745597
E1O,-0.152819,-0.659996,2.8511490986830075,-0.07141193442378409,0.7170575801125244,-0.3360273704745597
E1O,-4.678793,-0.941315,2.611558600797425,0.006796278252848234,0.7170575801125244,-0.3360273704745597
E1O,1.694723,-0.250424,2.642454476792189,-0.17611109020416268,0.7170575801125244,-0.3360273704745597
E1O,-1.351015,-0.815869,2.603778635176184,-0.005368670075827702,0.7170575801125244,-0.3360273704745597
E1O,-0.403679,0.526088,2.6174529870254903,-0.232012859096164,0.7170575801125244,-0.3360273704745597
E1O,-0.089376,0.564227,2.718367792408597,-0.22375667493734663,0.7170575801125244,-0.3360273704745597
E1O,-1.665102,0.585842,2.8185671493425084,-0.16356569659463485,0.7170575801125244,-0.3360273704745597
E1O,-0.374904,-1.451154,2.9089663960737133,-0.06860806763072025,0.7170575801125244,-0.3360273704745597
E1O,-1.11613,-0.371443,2.535677243560767,-0.013856657284702957,0.7170575801125244,-0.3360273704745597
E1O,0.359897,2.045801,2.7891550651736092,-0.053551325538088966,0.7170575801125244,-0.3360273704745597
E1O,-2.890869,-1.209254,2.6904587822588883,-0.08862616065528499,0.7170575801125244,-0.3360273704745597
E1O,-2.056588,3.387119,2.6050900689939827,-0.13848068724452128,0.7170575801125244,-0.3360273704745597
E1O,0.244102,1.996502,2.898297509101463,-0.10908283294750624,0.7170575801125244,-0.3360273704745597
E1O,1.385833,-1.628273,2.6485952715293113,-0.11022157477675201,0.7170575801125244,-0.3360273704745597
E1O,-1.308191,-0.628527,2.8214370664866144,-0.1595434077968513,0.7170575801125244,-0.3360273704745597
E1O,1.164469,-0.108996,2.716306027534118,-0.027117533184400838,0.7170575801125244,-0.3360273704745597
E1O,1.205826,1.105306,2.635555487590136,-0.13252061984464927,0.7170575801125244,-0.3360273704745597
E1O,0.189465,-0.411357,2.579892968758553,-0.04070687876739767,0.7170575801125244,-0.3360273704745597
E1O,1.452355,-1.498073,2.635555487590136,-0.11653155372477066,0.7170575801125244,-0.3360273704745597
E1O,-1.164417,2.120335,2.816239251759214,-0.09082185149837166,0.7170575801125244,-0.3360273704745597
E1O,0.051296,0.098688,2.577498526172541,-0.06005369332983986,0.7170575801125244,-0.3360273704745597
E1O,2.275089,-3.999905,3.1065191290898273,-0.08568603225051057,0.7170575801125244,-0.3360273704745597
E1O,1.993725,0.089941,2.956771140806021,-0.1315782621930017,0.7170575801125244,-0.3360273704745597
E1O,-2.110139,-1.777746,2.7721507376495294,-0.13117728955499963,0.7170575801125244,-0.3360273704745597
E1O,2.249662,-0.527181,2.939661214248943,-0.056443119302044285,0.7170575801125244,-0.3360273704745597
E1O,-2.079948,1.535587,2.888806200388332,-0.0798180534023062,0.7170575801125244,-0.3360273704745597
E1O,-0.755946,-5.548406,3.532889610491039,-0.19345821687078565,0.7170575801125244,-0.3360273704745597
E1O,-1.654924,-1.435001,3.174074192349729,-0.1869825745031037,0.7170575801125244,-0.3360273704745597
E1O,1.563338,-1.917296,2.875375263085044,-0.15477163459839038,0.7170575801125244,-0.3360273704745597
E1O,1.586556,1.4634,2.7081319800192114,-0.1557059635933293,0.7170575801125244,-0.3360273704745597
E1O,-0.02574,-3.569187,2.9901942238798513,-0.06316643360116837,0.7170575801125244,-0.3360273704745597
E1O,-2.126646,2.140945,2.28711788535526,-0.19495773647859826,0.7170575801125244,-0.3360273704745597
E1O,1.017951,-1.183446,2.941874756596907,-0.1482959922307085,0.7170575801125244,-0.3360273704745597
E1O,-0.857331,1.455691,2.7853280958374445,-0.16575491465634046,0.7170575801125244,-0.3360273704745597
E1O,0.560571,1.498757,2.7853280958374445,-0.16575491465634046,0.7170575801125244,-0.3360273704745597
E1O,-0.370214,2.36589,2.8104297449163806,-0.12770476022640298,0.7170575801125244,-0.3360273704745597
E1O,-1.72436,2.308078,2.7585273065902562,-0.09273444100256713,0.7170575801125244,-0.3360273704745597
E1O,0.012705,4.007459,2.439864278031108,-0.13485418215673256,0.7170575801125244,-0.3360273704745597
E1O,-4.046994,4.648673,2.886433376207212,-0.2344575107953383,0.7170575801125244,-0.3360273704745597
E1O,-1.138433,0.667851,2.8207066655601807,-0.18723031867465637,0.7170575801125244,-0.3360273704745597
E1O,-0.296931,0.988879,3.6061646900852127,-0.25902562730233814,0.7170575801125244,-0.3360273704745597
E1O,-3.962207,1.753021,2.8207066655601807,-0.18723031867465637,0.7170575801125244,-0.3360273704745597
E1O,-3.463639,2.48399,2.888806200388332,-0.0798180534023062,0.7170575801125244,-0.3360273704745597
E1O,0.961317,2.2129,2.770542010853515,-0.11591387035910931,0.7170575801125244,-0.3360273704745597
E1O,-0.517333,0.61061,2.7585273065902562,-0.09273444100256713,0.7170575801125244,-0.3360273704745597
E1O,1.174863,6.7772,3.5304460502075776,-0.22041664440965875,0.7170575801125244,-0.3360273704745597
E1O,-1.021532,2.268566,2.788170083520046,-0.056671027618916764,0.7170575801125244,-0.3360273704745597
E1O,-0.698928,0.252482,2.5571541446193473,-0.16287288904964012,0.7170575801125244,-0.3360273704745597
E1O,-1.808253,2.826233,2.888806200388332,-0.0798180534023062,0.7170575801125244,-0.3360273704745597
E1O,-2.124942,6.862256,2.715049308479807,-0.061885991457432774,0.7170575801125244,-0.3360273704745597
E1O,-0.92852,-0.672195,2.7561074845954803,-0.13534024906969347,0.7170575801125244,-0.3360273704745597
E1O,-4.047274,-2.249253,2.6543805006710497,-0.18917280389860755,0.7170575801125244,-0.3360273704745597
E1O,-2.644776,3.263922,2.888806200388332,-0.0798180534023062,0.7170575801125244,-0.3360273704745597
E1O,-2.920805,5.534106,3.430418566892785,-0.13515515555829635,0.7170575801125244,-0.3360273704745597
E1O,-2.216075,4.85827,2.8207066655601807,-0.18723031867465637,0.7170575801125244,-0.3360273704745597
E1O,-2.302132,3.423246,3.5304460502075776,-0.22041664440965875,0.7170575801125244,-0.3360273704745597
E1O,-1.331196,7.38688,3.099437051694278,-0.2525499849346563,0.7170575801125244,-0.3360273704745597
E1O,-1.731218,4.005045,2.8905579946710325,-0.20726101261705057,0.7170575801125244,-0.3360273704745597
E1O,-4.507625,5.645638,3.1531780266145093,-0.21394100204197689,0.7170575801125244,-0.3360273704745597
E1O,-3.974985,3.919113,2.9311083976381473,-0.13195806410960423,0.7170575801125244,-0.3360273704745597
E1O,-2.694143,1.045515,2.494279032935872,-0.2489044561245705,0.7170575801125244,-0.3360273704745597
E1O,-2.884616,1.391075,2.8905579946710325,-0.20726101261705057,0.7170575801125244,-0.3360273704745597
E1O,-2.121759,-1.88871,2.8905579946710325,-0.20726101261705057,0.7170575801125244,-0.3360273704745597
E1O,-1.086008,-2.516186,2.8533280061876773,-0.13386421258450829,0.7170575801125244,-0.3360273704745597
E1O,-0.910453,1.659588,2.875375263085044,-0.15477163459839038,0.7170575801125244,-0.3360273704745597
E1O,-0.600551,-0.199517,2.7773419964868955,-0.09067269730447625,0.7170575801125244,-0.3360273704745597
E1O,-1.153421,-0.268891,2.51454748545037,-0.18581881806367234,0.7170575801125244,-0.3360273704745597
E1O,-0.332273,-0.884303,3.055614450581027,-0.2661038677476938,0.7170575801125244,-0.3360273704745597
E1O,-3.376546,2.501417,2.504240400299022,-0.13071408023388725,0.7170575801125244,-0.3360273704745597
E1O,-0.533428,0.611514,2.807707390386559,-0.10716622064876735,0.7170575801125244,-0.3360273704745597
E1O,0.759608,-3.289649,2.537230537829922,-0.23990038295072674,0.7170575801125244,-0.3360273704745597
E1O,-0.905424,1.078896,2.566317035889212,-0.18339122969375535,0.7170575801125244,-0.3360273704745597
E1O,-0.287619,-1.813236,2.3711985950332406,-0.2455504702896351,0.7170575801125244,-0.3360273704745597
E1O,-0.317693,-1.007902,2.7102225675833296,-0.24227511874005223,0.7170575801125244,-0.3360273704745597
E1O,-2.473813,0.943835,2.495403645589067,-0.19647056944216826,0.7170575801125244,-0.3360273704745597
E1O,-5.026273,-0.899457,2.7721507376495294,-0.13117728955499963,0.7170575801125244,-0.3360273704745597
E1O,-1.386117,0.570158,2.3706729130699564,-0.1893114853430381,0.7170575801125244,-0.3360273704745597
E1O,1.158598,-0.97928,2.65559837086011,-0.09676174861426572,0.7170575801125244,-0.3360273704745597
E1O,-1.975773,1.473922,2.592336091867267,-0.17401480587739715,0.7170575801125244,-0.3360273704745597
E1O,1.786604,0.905229,3.0341418059359855,-0.09593153245125928,0.7170575801125244,-0.3360273704745597
E1O,-0.667386,-1.579813,2.3707766416968816,-0.24920199897511058,0.7170575801125244,-0.3360273704745597
E1O,-1.165114,1.629258,2.761031871386051,-0.0367939725966951,0.7170575801125244,-0.3360273704745597
E1O,-1.724839,-1.721275,2.626929454551703,-0.16152394530874542,0.7170575801125244,-0.3360273704745597
E1O,-3.025164,-1.491909,2.5943616678280437,-0.059128457906534586,0.7170575801125244,-0.3360273704745597
E1O,-0.283169,-1.2554,2.5943616678280437,-0.059128457906534586,0.7170575801125244,-0.3360273704745597
E1O,-2.049343,-1.55793,2.5943616678280437,-0.059128457906534586,0.7170575801125244,-0.3360273704745597
E1O,0.298908,-0.283569,2.789745215246874,-0.15268086719116603,0.7170575801125244,-0.3360273704745597
E1O,-0.115504,1.056811,2.8214370664866144,-0.1595434077968513,0.7170575801125244,-0.3360273704745597
E1O,-4.906922,2.085174,2.8796842486701695,-0.22676700028835572,0.7170575801125244,-0.3360273704745597
E1O,-1.717429,-1.398002,2.6316042564477655,-0.156038679614561,0.7170575801125244,-0.3360273704745597
E1O,-1.447395,1.299115,2.6834677532160027,0.01761583047006196,0.7170575801125244,-0.3360273704745597
E1O,-1.377239,-0.133529,2.8511490986830075,-0.056724645649318194,0.7170575801125244,-0.3360273704745597
E1O,-1.358497,-1.619092,2.639756005670445,-0.12553562689861433,0.7170575801125244,-0.3360273704745597
E1O,-4.548569,3.002613,2.3769199487327195,-0.2489044561245705,0.7170575801125244,-0.3360273704745597
E1O,-5.511516,0.712787,2.770542010853515,-0.11591387035910931,0.7170575801125244,-0.3360273704745597
E1O,-3.617568,3.57533,2.9784693510443563,-0.2302096697197572,0.7170575801125244,-0.3360273704745597
E1O,-1.06592,0.808876,2.761031871386051,-0.0367939725966951,0.7170575801125244,-0.3360273704745597
E1O,-1.495415,-1.086794,2.6904587822588883,-0.08862616065528499,0.7170575801125244,-0.3360273704745597
E1O,-1.080595,-1.366834,2.5116968804945694,-0.18947034674914784,0.7170575801125244,-0.3360273704745597
E1O,-1.068856,2.862798,3.0327287778638468,-0.09800849408660636,0.7170575801125244,-0.3360273704745597
E1O,0.35636,0.929828,2.8343166383088656,-0.2570154667822194,0.7170575801125244,-0.3360273704745597
E1O,-2.652643,3.219717,2.7649314982403315,-0.32046217568941937,0.7170575801125244,-0.3360273704745597
E1O,-1.334103,1.303907,2.51454748545037,-0.18581881806367234,0.7170575801125244,-0.3360273704745597
E1O,-3.205434,-3.836897,3.5554572690129826,-0.25902562730233814,0.7170575801125244,-0.3360273704745597
E1O,-1.987348,5.001675,2.7957190244593026,-0.18403322722596424,0.7170575801125244,-0.3360273704745597
E1O,-2.130836,6.661676,3.3681510940012913,-0.16011854209491538,0.7170575801125244,-0.3360273704745597
E1O,0.768751,-1.403832,2.886433376207212,-0.2344575107953383,0.7170575801125244,-0.3360273704745597
E1O,-1.211476,2.815007,2.8343166383088656,-0.2570154667822194,0.7170575801125244,-0.3360273704745597
E1O,-0.401947,2.088631,2.8654935246849065,-0.11086709417571777,0.7170575801125244,-0.3360273704745597
E1O,0.3611,-1.570663,2.939661214248943,-0.056443119302044285,0.7170575801125244,-0.3360273704745597
E1O,-0.346034,-1.129087,2.7092612401775673,-0.05377923385496145,0.7170575801125244,-0.3360273704745597
E1O,-2.221151,4.289308,2.7476434517149575,-0.25861920487097007,0.7170575801125244,-0.3360273704745597
E1O,0.621199,3.917441,2.9089663960737133,-0.06860806763072025,0.7170575801125244,-0.3360273704745597
E1O,1.088877,3.333063,2.6362251785576203,-0.04344438751989716,0.7170575801125244,-0.3360273704745597
E1O,-1.719955,-0.772804,2.6898514386313215,-0.23522987950624719,0.7170575801125244,-0.3360273704745597
E1O,0.447639,-1.084413,2.789745215246874,-0.16115665612900143,0.7170575801125244,-0.3360273704745597
E1O,-1.110332,0.018891,2.803079692474935,-0.2571493510972879,0.7170575801125244,-0.3360273704745597
E1O,-2.727683,3.70389,2.639131030987085,-0.1116012116213643,0.7170575801125244,-0.3360273704745597
E1O,-2.221196,0.65059,2.621229114989733,-0.19272037876951623,0.7170575801125244,-0.3360273704745597
E1O,-0.438059,-0.755577,2.761031871386051,-0.0367939725966951,0.7170575801125244,-0.3360273704745597
E1O,-1.925513,-1.174231,2.539696763950899,-0.1127479698451918,0.7170575801125244,-0.3360273704745597
E1O,0.559897,2.827039,2.761031871386051,-0.0367939725966951,0.7170575801125244,-0.3360273704745597
E1O,-1.592302,2.646667,2.8214370664866144,-0.14757580039666957,0.7170575801125244,-0.3360273704745597
E1O,-2.27456,2.573406,2.8214370664866144,-0.1595434077968513,0.7170575801125244,-0.3360273704745597
E1O,-2.5636,1.261411,2.8214370664866144,-0.14757580039666957,0.7170575801125244,-0.3360273704745597
E1O,-2.171347,1.920223,2.8393373064767213,-0.2555991978084672,0.7170575801125244,-0.3360273704745597
E1O,-2.141513,0.344744,2.730481027383761,0.013409600965204778,0.7170575801125244,-0.3360273704745597
E1O,-3.500663,0.197919,2.5943616678280437,-0.059128457906534586,0.7170575801125244,-0.3360273704745597
E1O,-1.147045,-1.017085,2.5943616678280437,-0.046252637727700906,0.7170575801125244,-0.3360273704745597
N2C,1.542803,3.215578,-4.818747817559363,0.5975731954946006,0.5749542446183953,-0.45189920462328764
N2C,-0.138563,8.311249,-3.75732458012852,0.613090325303761,0.5749542446183953,-0.45189920462328764
N2C,3.260079,6.366594,-3.8609819845941677,0.48871154271531936,0.5749542446183953,-0.45189920462328764
N2C,4.710438,9.365276,-4.067906922003135,0.6624511585103509,0.5749542446183953,-0.45189920462328764
N2C,0.140582,8.965182,-3.942180598437742,0.7065569418705957,0.5749542446183953,-0.45189920462328764
N2C,5.526131,3.23585,-3.701572179355156,0.5792479743470671,0.5749542446183953,-0.45189920462328764
N2C,2.682042,4.233859,-3.664452545950462,0.7367460584253928,0.5749542446183953,-0.45189920462328764
N2C,6.222754,1.756551,-3.7801557324846713,0.7791140524453757,0.5749542446183953,-0.45189920462328764
N2C,2.30152,2.168086,-3.847058619759485,0.846389886392599,0.5749542446183953,-0.45189920462328764
N2C,6.5461,4.238552,-3.579187279252592,0.5968027148299747,0.5749542446183953,-0.45189920462328764
N2C,4.997801,5.978099,-4.520886052866901,0.7974905722853073,0.5749542446183953,-0.45189920462328764
N2C,6.383494,6.881981,-3.82148213773983,0.604772383557146,0.5749542446183953,-0.45189920462328764
N2C,5.532212,4.675405,-3.399146102169113,0.7275183210393934,0.5749542446183953,-0.45189920462328764
N2C,4.302495,7.100139,-4.524027850704641,0.35422909968397115,0.5749542446183953,-0.45189920462328764
N2C,3.897248,5.738971,-3.664452545950462,0.7367460584253928,0.5749542446183953,-0.45189920462328764
N2C,2.942547,5.033951,-3.50645519401697,0.574368069778404,0.5749542446183953,-0.45189920462328764
N2C,0.405985,4.809069,-3.9555634021889508,0.6957482898014682,0.5749542446183953,-0.45189920462328764
N2C,-1.454459,7.023909,-4.401761986044601,0.5821364093918773,0.5749542446183953,-0.45189920462328764
N2C,1.304517,9.468614,-4.572942714168363,0.7983333823066514,0.5749542446183953,-0.45189920462328764
N2C,1.161339,7.032234,-4.19614772385149,1.3681667160110849,0.5749542446183953,-0.45189920462328764
N2C,-3.772702,5.045404,-3.948177925883111,0.6862381812467934,0.5749542446183953,-0.45189920462328764
N2C,0.499156,4.268023,-3.710622637474622,0.8740545741150997,0.5749542446183953,-0.45189920462328764
N2C,-2.189551,4.397766,-4.18046291606669,0.730659012344284,0.5749542446183953,-0.45189920462328764
N2C,-0.404303,4.754439,-4.181865876102464,0.6386679561730426,0.5749542446183953,-0.45189920462328764
N2C,-0.624552,0.860195,-4.159394879419204,1.037176689387888,0.5749542446183953,-0.45189920462328764
N2C,3.448166,0.272665,-3.746836593581981,0.9005839853290746,0.5749542446183953,-0.45189920462328764
N2C,3.726506,-1.941992,-3.701572179355156,0.593208950874248,0.5749542446183953,-0.45189920462328764
N2C,1.297619,-0.643769,-3.9869657602541877,0.6009016441960902,0.5749542446183953,-0.45189920462328764
N2C,1.165003,3.862018,-4.028262791134004,0.6933977093502106,0.5749542446183953,-0.45189920462328764
N2C,-1.62298,11.085246,-5.389832056990793,0.24464525348287136,0.5749542446183953,-0.45189920462328764
N2C,1.913525,5.393525,-4.696993834457913,0.5768952662029695,0.5749542446183953,-0.45189920462328764
N2C,1.802075,5.801661,-3.52651958154938,0.8436038630809026,0.5749542446183953,-0.45189920462328764
N2C,3.938576,3.805607,-3.743941776377312,0.6579074153897563,0.5749542446183953,-0.45189920462328764
N2C,3.021755,3.009149,-4.467451435901872,0.6921856681967269,0.5749542446183953,-0.45189920462328764
N2C,4.821957,2.583634,-3.7240054412258305,1.0402591762361586,0.5749542446183953,-0.45189920462328764
N2C,2.496666,3.239763,-4.2285695028572645,-0.5407155178973252,0.5749542446183953,-0.45189920462328764
N2C,2.008765,3.747324,-3.7240054412258305,0.8933080961344687,0.5749542446183953,-0.45189920462328764
N2C,3.06521,1.589117,-3.8276628456914774,0.6698495503316675,0.5749542446183953,-0.45189920462328764
N2C,0.508869,2.727118,-2.938594052919374,0.17527366415703566,0.5749542446183953,-0.45189920462328764
N2C,-0.325851,5.475532,-3.8803777586621764,0.5284899442297539,0.5749542446183953,-0.45189920462328764
N2C,1.979314,0.467362,-3.899345677577932,0.7720460885278649,0.5749542446183953,-0.45189920462328764
N2C,4.536334,4.954971,-3.934795122131902,0.697046833315921,0.5749542446183953,-0.45189920462328764
N2C,1.220258,5.600165,-3.3052691741948412,0.8197412443388625,0.5749542446183953,-0.45189920462328764
N2C,2.822079,4.616609,-4.351334897895999,1.2033431119797382,0.5749542446183953,-0.45189920462328764
N2C,3.273112,7.738783,-3.7801557324846713,0.6337256954077294,0.5749542446183953,-0.45189920462328764
N2C,4.878467,8.340031,-4.600753280657079,-0.058971120929586764,0.5749542446183953,-0.45189920462328764
N2C,6.723896,5.288886,-3.4763996005857156,0.6695963347919162,0.5749542446183953,-0.45189920462328764
N2C,4.230281,2.873824,-3.579187279252592,0.5310142118743242,0.5749542446183953,-0.45189920462328764
N2C,4.33672,6.182919,-3.3052691741948412,0.8197412443388625,0.5749542446183953,-0.45189920462328764
N2C,2.783358,6.025211,-3.399146102169113,0.7275183210393934,0.5749542446183953,-0.45189920462328764
N2C,3.36629,3.201741,-4.181865876102464,0.7280103193676116,0.5749542446183953,-0.45189920462328764
N2C,2.907758,3.562535,-4.778987264500081,0.6808712037203977,0.5749542446183953,-0.45189920462328764
N2C,3.264105,0.91931,-4.401761986044601,0.4756179060321584,0.5749542446183953,-0.45189920462328764
N2C,3.218762,2.305963,-4.5294324041577605,0.6698072874514587,0.5749542446183953,-0.45189920462328764
N2C,6.308728,4.798915,-4.401761986044601,0.5880516577396597,0.5749542446183953,-0.45189920462328764
N2C,4.698315,0.302416,-3.7860099444852593,0.4811636385121428,0.5749542446183953,-0.45189920462328764
N2C,5.372037,3.93661,-4.5193511657318854,0.7628743749237173,0.5749542446183953,-0.45189920462328764
N2C,3.855108,8.799743,-3.1788568253199907,0.4861949637953098,0.5749542446183953,-0.45189920462328764
N2C,3.01669,3.109894,-4.696993834457913,0.5768952662029695,0.5749542446183953,-0.45189920462328764
N2C,4.089163,3.328286,-4.18046291606669,0.6875909056278031,0.5749542446183953,-0.45189920462328764
N2C,2.211349,1.715544,-3.639285555308544,0.8067386633005559,0.5749542446183953,-0.45189920462328764
N2C,2.280298,4.647251,-4.181865876102464,0.6389582490289473,0.5749542446183953,-0.45189920462328764
N2C,1.98812,2.62113,-4.18046291606669,0.6875909056278031,0.5749542446183953,-0.45189920462328764
N2C,2.742754,5.402435,-4.441819369433172,0.6118963561984222,0.5749542446183953,-0.45189920462328764
N2C,-0.605124,7.578621,-4.5193511657318854,0.6794882067045445,0.5749542446183953,-0.45189920462328764
N2C,2.088629,3.541891,-4.467451435901872,0.5965415417488003,0.5749542446183953,-0.45189920462328764
N2C,1.598099,0.767973,-3.7413981561906384,0.8296453548142779,0.5749542446183953,-0.45189920462328764
N2C,-0.323309,7.32828,-4.467451435901872,0.6921856681967269,0.5749542446183953,-0.45189920462328764
N2C,0.187912,5.044642,-4.476430993648884,0.8103345317315594,0.5749542446183953,-0.45189920462328764
N2C,3.475965,5.9972,-4.242605726194426,0.6420888189602412,0.5749542446183953,-0.45189920462328764
N2C,3.431918,3.220353,-3.799000197136698,0.5196034524874646,0.5749542446183953,-0.45189920462328764
N2C,7.028666,3.541538,-3.508228093747496,0.5629373373781441,0.5749542446183953,-0.45189920462328764
N2C,-0.270266,7.124364,-3.4782772065776606,0.6275687381635092,0.5749542446183953,-0.45189920462328764
N2C,4.554257,3.368953,-4.5199260196096676,-0.484852051631048,0.5749542446183953,-0.45189920462328764
N2C,3.398194,8.903719,-4.1263072827773914,0.026649555560041362,0.5749542446183953,-0.45189920462328764
N2C,5.242181,8.966855,-2.7189327045155576,0.2025335269816013,0.5749542446183953,-0.45189920462328764
N2C,4.006791,15.287449,-5.178843609255939,-2.23968735804139,0.5749542446183953,-0.45189920462328764
N2C,8.28355,5.557856,-2.516723300655466,0.417145972061804,0.5749542446183953,-0.45189920462328764
N2C,5.099775,9.58882,-4.589717830005179,0.1274070346932164,0.5749542446183953,-0.45189920462328764
N2C,2.306785,6.733047,-6.073378250884276,0.04020362148320455,0.5749542446183953,-0.45189920462328764
N2C,3.346766,10.848816,-3.3373699382381683,0.4505266899221342,0.5749542446183953,-0.45189920462328764
N2C,2.131442,8.104729,-3.7922588716239525,0.4191956048145385,0.5749542446183953,-0.45189920462328764
N2C,3.947501,7.198351,-3.9869657602541877,0.933912209713328,0.5749542446183953,-0.45189920462328764
N2C,4.587187,6.615233,-4.485321376768158,0.6685354003437465,0.5749542446183953,-0.45189920462328764
N2C,3.041767,6.122216,-4.067906922003135,0.6857606039038018,0.5749542446183953,-0.45189920462328764
N2C,4.545895,4.362844,-4.5193511657318854,0.7628743749237173,0.5749542446183953,-0.45189920462328764
N2C,1.871154,3.978347,-4.523438178951379,0.718069773457028,0.5749542446183953,-0.45189920462328764
N2C,4.549193,3.469697,-4.434856412185077,0.7563990320740737,0.5749542446183953,-0.45189920462328764
N2C,3.7659,6.271014,-4.485321376768158,0.6685354003437465,0.5749542446183953,-0.45189920462328764
N2C,0.700416,4.5915,-4.5193511657318854,0.6794882067045445,0.5749542446183953,-0.45189920462328764
N2C,5.74585,4.551701,-3.3579185945436283,0.3841026324464219,0.5749542446183953,-0.45189920462328764
N2C,7.50275,4.597438,-3.948761751900096,0.5946541506718245,0.5749542446183953,-0.45189920462328764
N2C,2.885554,2.313646,-3.3579185945436283,0.4044823548395216,0.5749542446183953,-0.45189920462328764
N2C,6.484848,2.489582,-3.3579185945436283,0.4702562962577008,0.5749542446183953,-0.45189920462328764
N2C,3.047381,0.607869,-3.3579185945436283,0.48164855225863507,0.5749542446183953,-0.45189920462328764
N2C,3.037965,4.247214,-3.3579185945436283,0.48164855225863507,0.5749542446183953,-0.45189920462328764
N2C,3.390684,2.586451,-3.5462891957877725,0.4473281064041055,0.5749542446183953,-0.45189920462328764
N2C,4.939282,0.947346,-3.5462891957877725,0.5187420900309014,0.5749542446183953,-0.45189920462328764
N2C,2.354476,0.535439,-3.3500859203847786,0.39149358781701743,0.5749542446183953,-0.45189920462328764
N2C,2.492803,1.744274,-3.322949355319843,0.3787414744581297,0.5749542446183953,-0.45189920462328764
N2C,6.817843,5.808186,-3.948761751900096,0.6172977344686756,0.5749542446183953,-0.45189920462328764
N2C,1.170194,1.004252,-4.067906922003135,0.6188434377274504,0.5749542446183953,-0.45189920462328764
N2C,4.35417,-0.359001,-4.523438178951379,0.6451700975289781,0.5749542446183953,-0.45189920462328764
N2C,1.070761,1.244278,-4.523438178951379,0.6451700975289781,0.5749542446183953,-0.45189920462328764
N2C,3.028654,-0.674702,-4.485321376768158,0.6685354003437465,0.5749542446183953,-0.45189920462328764
N2C,2.062138,3.454094,-3.1295290875776454,0.6911941224935932,0.5749542446183953,-0.45189920462328764
N2C,1.405431,3.926554,-2.9336050113191448,0.15299168013891795,0.5749542446183953,-0.45189920462328764
N2C,0.40491,3.648281,-3.8480500496808614,0.6588714823231013,0.5749542446183953,-0.45189920462328764
N2C,4.335252,5.490958,-4.818747817559363,0.5975731954946006,0.5749542446183953,-0.45189920462328764
N2C,3.466886,5.551233,-4.797288556262355,0.13552443283398674,0.5749542446183953,-0.45189920462328764
N2C,3.724397,5.346915,-3.578564272440244,0.7866940680887254,0.5749542446183953,-0.45189920462328764
N2C,2.923793,1.943138,-3.3579185945436283,0.48164855225863507,0.5749542446183953,-0.45189920462328764
N2C,5.301195,2.969522,-4.523438178951379,0.7407871494735905,0.5749542446183953,-0.45189920462328764
N2C,2.26595,1.634322,-3.5462891957877725,0.5916105967944434,0.5749542446183953,-0.45189920462328764
N2C,1.940402,7.010495,-4.485321376768158,0.7611111905606843,0.5749542446183953,-0.45189920462328764
N2C,3.646243,4.726263,-3.322949355319843,0.6022328935477304,0.5749542446183953,-0.45189920462328764
N2C,1.581545,5.613217,-4.523438178951379,0.718069773457028,0.5749542446183953,-0.45189920462328764
N2C,2.054829,1.802531,-4.788754448033338,0.46084941352897224,0.5749542446183953,-0.45189920462328764
N2C,3.963775,6.058906,-3.5313582870179965,0.6710490637231246,0.5749542446183953,-0.45189920462328764
N2C,0.124537,2.782341,-2.944696379073774,0.19789643656017736,0.5749542446183953,-0.45189920462328764
N2C,3.18017,-1.040455,-3.895065249392375,0.4784224576125377,0.5749542446183953,-0.45189920462328764
N2C,-0.351737,3.590618,-3.8480500496808614,0.5458783979758686,0.5749542446183953,-0.45189920462328764
N2C,0.446265,3.52316,-3.9426467608853373,0.3158261749424103,0.5749542446183953,-0.45189920462328764
N2C,1.190377,6.974781,-3.6659863241349018,0.7034485182714967,0.5749542446183953,-0.45189920462328764
N2C,1.452845,1.434746,-4.485321376768158,0.7611111905606843,0.5749542446183953,-0.45189920462328764
N2C,1.172463,4.564802,-4.434856412185077,0.6449484185971499,0.5749542446183953,-0.45189920462328764
N2C,4.951109,7.911766,-4.485321376768158,0.7476879890496848,0.5749542446183953,-0.45189920462328764
N2C,4.07085,5.38313,-4.5193511657318854,0.7628743749237173,0.5749542446183953,-0.45189920462328764
N2C,5.17317,6.41466,-4.572942714168363,0.7006683596333312,0.5749542446183953,-0.45189920462328764
N2C,2.322703,3.874675,-4.572942714168363,0.6464419846366902,0.5749542446183953,-0.45189920462328764
N2C,2.021655,2.072295,-4.067906922003135,0.6857606039038018,0.5749542446183953,-0.45189920462328764
N2C,1.32749,1.977612,-4.466066396918339,0.6654363629501674,0.5749542446183953,-0.45189920462328764
N2C,2.101965,3.016523,-3.8798058572245684,0.6356251680175888,0.5749542446183953,-0.45189920462328764
N2C,0.613752,3.91552,-3.8798058572245684,0.5604570490622182,0.5749542446183953,-0.45189920462328764
N2C,-0.074475,2.213172,-3.8480500496808614,0.5458783979758686,0.5749542446183953,-0.45189920462328764
N2C,1.258902,-1.233165,-3.8798058572245684,0.7897356798740627,0.5749542446183953,-0.45189920462328764
N2C,0.658553,3.946472,-3.9528268930525767,-1.1921375675689985,0.5749542446183953,-0.45189920462328764
N2C,2.621174,6.01206,-3.9285355476472885,0.6553947750903594,0.5749542446183953,-0.45189920462328764
N2C,-1.32011,5.498278,-3.9928115188879034,0.35671896381168866,0.5749542446183953,-0.45189920462328764
N2C,0.474004,7.629208,-4.092526847557869,0.5676206109728659,0.5749542446183953,-0.45189920462328764
N2C,1.860178,7.494999,-3.399146102169113,0.7678448643792637,0.5749542446183953,-0.45189920462328764
N2C,2.09848,7.046203,-3.701572179355156,0.593208950874248,0.5749542446183953,-0.45189920462328764
N2C,-0.914077,3.923796,-3.8609819845941677,0.5872155688933582,0.5749542446183953,-0.45189920462328764
N2C,1.134579,6.654239,-5.426646682456351,-0.7590180509693685,0.5749542446183953,-0.45189920462328764
N2C,5.666432,7.904794,-4.8754610245403205,0.49022148351440403,0.5749542446183953,-0.45189920462328764
N2C,-2.066682,3.620638,-4.696993834457913,0.6798254227183673,0.5749542446183953,-0.45189920462328764
N2C,-1.613568,1.641661,-3.9869657602541877,0.7318145751918527,0.5749542446183953,-0.45189920462328764
N2C,2.631747,8.95823,-4.96711506944813,0.2530760671862419,0.5749542446183953,-0.45189920462328764
N2C,3.769177,-0.426373,-3.639285555308544,0.8850560762939317,0.5749542446183953,-0.45189920462328764
N2C,1.115811,9.557421,-4.8754610245403205,0.49022148351440403,0.5749542446183953,-0.45189920462328764
N2C,0.465443,3.957394,-4.572942714168363,0.7006683596333312,0.5749542446183953,-0.45189920462328764
N2C,6.072375,4.901579,-4.572942714168363,0.7006683596333312,0.5749542446183953,-0.45189920462328764
N2C,5.528164,6.316448,-5.287194830058784,0.3827843158106468,0.5749542446183953,-0.45189920462328764
N2C,6.309833,7.767945,-3.7413981561906384,0.734379533973108,0.5749542446183953,-0.45189920462328764
N2C,5.580905,8.010089,-4.181865876102464,0.6389582490289473,0.5749542446183953,-0.45189920462328764
N2C,4.192634,7.441212,-3.579187279252592,0.5968027148299747,0.5749542446183953,-0.45189920462328764
N2C,4.19965,4.996337,-3.8480500496808614,0.6269175372645727,0.5749542446183953,-0.45189920462328764
N2C,4.720099,2.209887,-3.7413981561906384,0.8296453548142779,0.5749542446183953,-0.45189920462328764
N2C,5.821938,4.27951,-3.8480500496808614,0.7764288013310211,0.5749542446183953,-0.45189920462328764
N2C,2.940003,3.181203,-4.476430993648884,0.8103345317315594,0.5749542446183953,-0.45189920462328764
N2C,3.800992,5.844873,-4.858237741665649,0.46195279498347835,0.5749542446183953,-0.45189920462328764
N2C,0.672108,0.094815,-4.829423178936557,0.7335305982761743,0.5749542446183953,-0.45189920462328764
N2C,3.423404,5.163023,-5.230438374397889,0.014531122742233275,0.5749542446183953,-0.45189920462328764
N2C,-0.485872,3.787958,-4.664577924825633,0.71239422766003,0.5749542446183953,-0.45189920462328764
N2C,3.540665,5.904245,-3.2138260645437757,0.5728602285624144,0.5749542446183953,-0.45189920462328764
N2C,1.538424,4.945936,-3.7860099444852593,0.5744505396464297,0.5749542446183953,-0.45189920462328764
N2C,2.77437,5.009977,-3.3579185945436283,0.5284909755862905,0.5749542446183953,-0.45189920462328764
N2C,2.031689,4.438072,-3.429169779271269,0.34846613834922474,0.5749542446183953,-0.45189920462328764
N2C,1.276899,4.603544,-4.888220976003178,0.5295983065159113,0.5749542446183953,-0.45189920462328764
N2C,3.05292,3.465029,-4.5294324041577605,0.7120172255508397,0.5749542446183953,-0.45189920462328764
N2C,-0.085991,5.14943,-4.401761986044601,0.4917223190673612,0.5749542446183953,-0.45189920462328764
N2C,1.467076,3.208699,-3.7413981561906384,0.7715766203562557,0.5749542446183953,-0.45189920462328764
N2C,4.380444,5.053084,-4.401761986044601,0.567749921828479,0.5749542446183953,-0.45189920462328764
N2C,3.428408,5.44179,-4.696993834457913,0.6798254227183673,0.5749542446183953,-0.45189920462328764
N2C,1.363212,1.562597,-3.948177925883111,0.6862381812467934,0.5749542446183953,-0.45189920462328764
N2C,1.106712,5.305213,-3.75732458012852,0.6390439889395775,0.5749542446183953,-0.45189920462328764
N2C,-2.080978,4.224195,-4.696993834457913,0.7049356595287781,0.5749542446183953,-0.45189920462328764
N2C,2.75678,4.508682,-4.18046291606669,0.9186009399772133,0.5749542446183953,-0.45189920462328764
N2C,2.059234,1.880416,-5.1641791871818885,0.35342375072432486,0.5749542446183953,-0.45189920462328764
N2C,-1.709726,-0.819702,-4.23534907937752,1.1567175099203553,0.5749542446183953,-0.45189920462328764
N2C,1.656917,3.901168,-5.0280442495943145,-2.2648979738557165,0.5749542446183953,-0.45189920462328764
N2C,2.357163,5.435406,-3.7413981561906384,0.7715766203562557,0.5749542446183953,-0.45189920462328764
N2C,6.719549,6.829488,-4.075581538517821,0.8149442028311775,0.5749542446183953,-0.45189920462328764
N2C,5.237576,2.225267,-4.381878373941118,1.3572954338230017,0.5749542446183953,-0.45189920462328764
N2C,2.173279,6.941514,-6.4427744760609125,0.021721605052219855,0.5749542446183953,-0.45189920462328764
N2C,5.22624,8.018987,-4.173279341945982,0.6876248000592221,0.5749542446183953,-0.45189920462328764
N2C,3.672252,5.852154,-4.18046291606669,0.791058241816232,0.5749542446183953,-0.45189920462328764
N2C,3.135907,-0.491014,-4.18046291606669,0.730659012344284,0.5749542446183953,-0.45189920462328764
N2C,2.839612,3.499417,-2.938594052919374,0.22017842057829512,0.5749542446183953,-0.45189920462328764
N2C,0.419444,3.524677,-4.467451435901872,0.6685855587293332,0.5749542446183953,-0.45189920462328764
N2C,1.971667,2.90111,-3.9869657602541877,0.7952754594599288,0.5749542446183953,-0.45189920462328764
N2C,1.729507,-0.143582,-3.3052691741948412,0.7610425677494679,0.5749542446183953,-0.45189920462328764
N2C,2.413152,0.621416,-4.572942714168363,0.7006683596333312,0.5749542446183953,-0.45189920462328764
N2C,0.964681,-0.345889,-4.52601538398891,0.6830946558342885,0.5749542446183953,-0.45189920462328764
N2C,2.419857,4.070096,-3.322949355319843,0.5126276120437708,0.5749542446183953,-0.45189920462328764
N2C,1.489405,1.700566,-4.611229439899558,0.77783661460933,0.5749542446183953,-0.45189920462328764
N2C,-0.164432,0.43234,-3.3579185945436283,0.5047759000621539,0.5749542446183953,-0.45189920462328764
N2C,2.997959,3.825321,-3.3579185945436283,0.4702562962577008,0.5749542446183953,-0.45189920462328764
N2C,3.5971,2.239916,-4.723327859568477,0.533021762614817,0.5749542446183953,-0.45189920462328764
N2C,2.961399,3.559501,-3.3579185945436283,0.4263903304148219,0.5749542446183953,-0.45189920462328764
N2C,1.999595,3.870625,-4.52601538398891,0.593120181090243,0.5749542446183953,-0.45189920462328764
N2C,1.264154,-4.470443,-4.572942714168363,0.6858301157763649,0.5749542446183953,-0.45189920462328764
N2C,4.053714,2.035499,-3.948761751900096,0.4938638863851264,0.5749542446183953,-0.45189920462328764
N2C,2.744975,3.348501,-3.8798058572245684,0.7067488135168173,0.5749542446183953,-0.45189920462328764
N2C,4.548448,0.221597,-4.466066396918339,0.759591286454766,0.5749542446183953,-0.45189920462328764
N2C,2.309731,2.122974,-4.572942714168363,0.7983333823066514,0.5749542446183953,-0.45189920462328764
N2C,2.924597,4.811727,-3.1788568253199907,0.4861949637953098,0.5749542446183953,-0.45189920462328764
N2C,1.460093,3.46582,-3.9869657602541877,0.6946174888087051,0.5749542446183953,-0.45189920462328764
N2C,1.649284,0.340922,-4.466066396918339,0.759591286454766,0.5749542446183953,-0.45189920462328764
N2C,1.633096,2.909097,-3.8798058572245684,0.5604570490622182,0.5749542446183953,-0.45189920462328764
N2C,1.698837,6.164684,-4.520886052866901,0.7150681730058973,0.5749542446183953,-0.45189920462328764
N2C,0.393557,1.639763,-3.579187279252592,0.5334963934725891,0.5749542446183953,-0.45189920462328764
N2C,-0.213009,0.334629,-3.8959390666679967,0.559301107757825,0.5749542446183953,-0.45189920462328764
N2C,2.066998,0.685642,-4.520886052866901,0.7974905722853073,0.5749542446183953,-0.45189920462328764
N2C,1.093832,2.984245,-4.15966170428536,0.4216542172536883,0.5749542446183953,-0.45189920462328764
N2C,-0.862323,3.887383,-3.846423388118109,0.5833581747511403,0.5749542446183953,-0.45189920462328764
N2C,2.749376,5.424385,-3.8609819845941677,0.4109979504363293,0.5749542446183953,-0.45189920462328764
N2C,1.397545,5.88035,-3.854568615625775,0.7412595832171436,0.5749542446183953,-0.45189920462328764
N2C,1.523849,9.255293,-4.3939100416607655,0.4126689712507981,0.5749542446183953,-0.45189920462328764
N2C,0.406792,5.679659,-4.103716499342264,0.6019597250378887,0.5749542446183953,-0.45189920462328764
N2C,4.228308,-0.586285,-5.057382015890388,0.630972018553195,0.5749542446183953,-0.45189920462328764
N2C,2.593867,9.049669,-5.056838005692035,-0.16963285315127755,0.5749542446183953,-0.45189920462328764
N2C,2.642184,4.861185,-3.7987399628519887,0.28487177239582684,0.5749542446183953,-0.45189920462328764
N2C,3.134994,7.199657,-4.949933792871396,0.50444227263897,0.5749542446183953,-0.45189920462328764
N2C,2.785307,5.679079,-3.957832752487133,1.2031948906640026,0.5749542446183953,-0.45189920462328764
N2C,3.332748,7.746573,-5.0461466422288135,0.23535387057137339,0.5749542446183953,-0.45189920462328764
N2C,1.897671,5.874388,-4.807342577048081,0.4502570701520393,0.5749542446183953,-0.45189920462328764
N2C,3.545582,4.75428,-3.304237806859334,0.9760766777879171,0.5749542446183953,-0.45189920462328764
N2C,4.355187,1.181297,-3.899345677577932,0.7720460885278649,0.5749542446183953,-0.45189920462328764
N2C,6.712031,2.510218,-4.18046291606669,0.9186009399772133,0.5749542446183953,-0.45189920462328764
N2C,3.390772,4.015182,-4.401761986044601,0.4756179060321584,0.5749542446183953,-0.45189920462328764
N2C,3.395241,1.715557,-3.419730181519827,0.4104973988683047,0.5749542446183953,-0.45189920462328764
N2C,4.531212,3.437228,-4.434856412185077,0.6449484185971499,0.5749542446183953,-0.45189920462328764
N2C,1.861381,5.898764,-3.8798058572245684,0.6734501334094509,0.5749542446183953,-0.45189920462328764
N2C,3.065532,5.4958,-3.7460987617435793,0.6650934773676186,0.5749542446183953,-0.45189920462328764
N2C,2.027101,5.498722,-3.4763996005857156,0.6695963347919162,0.5749542446183953,-0.45189920462328764
N2C,2.465379,3.542907,-3.65005784111787,0.5768702038244129,0.5749542446183953,-0.45189920462328764
N2C,3.005567,5.577325,-3.50645519401697,0.8067377183474417,0.5749542446183953,-0.45189920462328764
N2C,1.003321,6.617015,-3.579187279252592,0.5111666299877075,0.5749542446183953,-0.45189920462328764
N2C,4.148405,5.8029,-4.067543240207407,0.673633572414363,0.5749542446183953,-0.45189920462328764
N2C,1.022357,4.00403,-3.743941776377312,0.5570340547043332,0.5749542446183953,-0.45189920462328764
N2C,0.892754,1.522234,-4.067906922003135,0.7017279070563632,0.5749542446183953,-0.45189920462328764
N2C,2.845101,0.742092,-3.9250307498585038,1.1298957990319214,0.5749542446183953,-0.45189920462328764
N2C,-1.101566,-1.579628,-5.358648969699783,-0.254248266804346,0.5749542446183953,-0.45189920462328764
N2C,3.090964,-5.567183,-4.488329141777867,0.47092618269691866,0.5749542446183953,-0.45189920462328764
N2C,1.128014,-5.545457,-5.490858253253711,-1.0302607561094743,0.5749542446183953,-0.45189920462328764
N2C,3.6488,-1.412983,-4.075581538517821,0.8149442028311775,0.5749542446183953,-0.45189920462328764
N2C,1.172488,6.373045,-4.884482661202453,-1.6111389382455166,0.5749542446183953,-0.45189920462328764
N2C,3.142378,0.479714,-4.467650646344525,-2.4198187890039096,0.5749542446183953,-0.45189920462328764
N2C,1.214604,1.50403,-4.5440669977083505,-0.7624576615573857,0.5749542446183953,-0.45189920462328764
N2C,4.814587,1.311582,-3.974053502515991,0.7099644654970018,0.5749542446183953,-0.45189920462328764
N2C,2.835696,-1.612558,-6.503295933244886,-0.6087868874828777,0.5749542446183953,-0.45189920462328764
N2C,3.478429,2.42522,-5.404053964938091,0.38483545410330644,0.5749542446183953,-0.45189920462328764
N2C,4.663643,0.069975,-6.058287388683264,-1.0346838592227496,0.5749542446183953,-0.45189920462328764
N2C,3.59428,4.092968,-3.8998110014155865,0.6278558967632769,0.5749542446183953,-0.45189920462328764
N2C,4.939068,4.273634,-3.664452545950462,0.7367460584253928,0.5749542446183953,-0.45189920462328764
N2C,5.855681,4.400383,-4.295969554962031,0.047532886386024285,0.5749542446183953,-0.45189920462328764
N2C,6.752723,6.559724,-4.909661715848347,0.25660246266951686,0.5749542446183953,-0.45189920462328764
N2C,4.397946,4.125648,-4.297501716577216,0.3882908276350111,0.5749542446183953,-0.45189920462328764
N2C,1.603271,5.902201,-5.373286089229796,-1.3759626329264962,0.5749542446183953,-0.45189920462328764
N2C,3.333347,7.947455,-4.698780797447791,0.07313878957361512,0.5749542446183953,-0.45189920462328764
N2C,0.930532,5.996059,-3.864349089709227,0.1427556514848473,0.5749542446183953,-0.45189920462328764
N2C,4.343642,6.305309,-5.102379659896223,0.018116130795552642,0.5749542446183953,-0.45189920462328764
N2C,0.798864,2.62142,-4.466066396918339,0.759591286454766,0.5749542446183953,-0.45189920462328764
N2C,3.175219,2.297263,-3.3579185945436283,0.5284909755862905,0.5749542446183953,-0.45189920462328764
N2C,3.980409,4.640391,-4.778987264500081,0.6808712037203977,0.5749542446183953,-0.45189920462328764
N2C,3.025713,1.937373,-3.7860099444852593,0.5744505396464297,0.5749542446183953,-0.45189920462328764
N2C,2.576677,4.08355,-4.572942714168363,0.6464419846366902,0.5749542446183953,-0.45189920462328764
N2C,-1.111976,2.327661,-4.223335745836934,0.6010885586777589,0.5749542446183953,-0.45189920462328764
N2C,0.507148,7.549199,-4.5193511657318854,0.6708522385400797,0.5749542446183953,-0.45189920462328764
N2C,2.934961,7.088189,-4.401761986044601,0.4756179060321584,0.5749542446183953,-0.45189920462328764
N2C,1.387542,3.324818,-4.572942714168363,0.6706962321261415,0.5749542446183953,-0.45189920462328764
N2C,2.747822,3.303692,-4.401761986044601,0.5821364093918773,0.5749542446183953,-0.45189920462328764
N2C,2.136759,2.489941,-3.3579185945436283,0.5161681560630881,0.5749542446183953,-0.45189920462328764
N2C,2.247852,0.362878,-4.401761986044601,0.5821364093918773,0.5749542446183953,-0.45189920462328764
N2C,2.875216,1.845427,-3.1788568253199907,0.5000594419299937,0.5749542446183953,-0.45189920462328764
N2C,4.814887,1.412023,-3.1788568253199907,0.6115619566337931,0.5749542446183953,-0.45189920462328764
N2C,3.690899,1.709997,-3.2138260645437757,0.48106084523898385,0.5749542446183953,-0.45189920462328764
N2C,2.723788,3.639912,-3.948761751900096,0.4938638863851264,0.5749542446183953,-0.45189920462328764
N2C,1.729685,0.715882,-4.18046291606669,0.6240003288379724,0.5749542446183953,-0.45189920462328764
N2C,-0.766055,-0.214516,-3.322949355319843,0.3862619054478421,0.5749542446183953,-0.45189920462328764
N2C,0.506829,3.642517,-3.6659863241349018,0.5763674173338791,0.5749542446183953,-0.45189920462328764
N2C,2.672216,2.53779,-3.8237911094462658,0.7085194348875661,0.5749542446183953,-0.45189920462328764
N2C,1.265251,0.496586,-3.8803777586621764,0.5284899442297539,0.5749542446183953,-0.45189920462328764
N2C,4.773825,5.633583,-3.8609819845941677,0.5872155688933582,0.5749542446183953,-0.45189920462328764
N2C,6.435216,9.033322,-4.9384620639279655,0.3828141618183025,0.5749542446183953,-0.45189920462328764
N2C,3.532666,4.621067,-2.3332842134857414,-0.9389525195589964,0.5749542446183953,-0.45189920462328764
N2C,-0.555759,4.740681,-4.18046291606669,0.791058241816232,0.5749542446183953,-0.45189920462328764
N2C,2.70517,7.592313,-4.385932447938424,1.2066325143478769,0.5749542446183953,-0.45189920462328764
N2C,5.476562,5.404082,-4.042124553711505,1.1266609242053918,0.5749542446183953,-0.45189920462328764
N4O,-2.602777,0.868414,-1.8944578909470071,-2.2888982189001204,0.7649640096624266,-0.28086825012230915
N4O,-0.773434,-0.094624,-2.017403865360549,-2.1287793477036416,0.7649640096624266,-0.28086825012230915
N4O,-0.704338,0.080057,-2.16600415399423,-2.1686975898946788,0.7649640096624266,-0.28086825012230915
N4O,-1.181769,2.105089,-2.589513760639572,-2.020530339470559,0.7649640096624266,-0.28086825012230915
N4O,-1.408448,0.097593,-2.4739886269266607,-2.2773731688944494,0.7649640096624266,-0.28086825012230915
N4O,-0.916126,0.237153,-2.6885071862714867,-2.257179000549413,0.7649640096624266,-0.28086825012230915
N4O,0.891924,0.514306,-2.0349257118691417,-2.22244595081195,0.7649640096624266,-0.28086825012230915
N4O,0.775463,-2.113342,-2.353403497391285,-2.1939068639736052,0.7649640096624266,-0.28086825012230915
N4O,-0.631766,0.221055,-2.756867690291622,-2.2358769671280747,0.7649640096624266,-0.28086825012230915
N4O,1.35823,-0.851537,-2.5465763450800987,-2.2007042725895616,0.7649640096624266,-0.28086825012230915
N4O,-0.334313,-3.747145,-2.0014549232427195,-2.2305976110561145,0.7649640096624266,-0.28086825012230915
N4O,-2.06437,-1.695848,-2.34261756367327,-2.215656984447351,0.7649640096624266,-0.28086825012230915
N4O,-1.797973,-1.93417,-2.3611813473823764,-2.1739888061822485,0.7649640096624266,-0.28086825012230915
N4O,1.753741,-1.376219,-2.4468858242960576,-2.273547312733735,0.7649640096624266,-0.28086825012230915
N4O,1.287379,-2.198133,-2.5064456146960747,-2.231879134468633,0.7649640096624266,-0.28086825012230915
N4O,0.61527,-3.231639,-2.3611813473823764,-2.1739888061822485,0.7649640096624266,-0.28086825012230915
N4O,-0.156484,-2.31731,-2.0399884708537983,-2.167619097927347,0.7649640096624266,-0.28086825012230915
N4O,1.154541,-5.115066,-1.9619068440270018,-2.16330298597675,0.7649640096624266,-0.28086825012230915
N4O,-2.409341,-4.176615,-2.511657751032907,-2.2461983070153786,0.7649640096624266,-0.28086825012230915
N4O,-0.422092,-3.396153,-2.282284952217911,-1.977909933822482,0.7649640096624266,-0.28086825012230915
N4O,-2.571604,-3.810244,-2.293539982066338,-1.977909933822482,0.7649640096624266,-0.28086825012230915
N4O,-3.017437,-4.744941,-2.414784296046572,-2.009549645936525,0.7649640096624266,-0.28086825012230915
N4O,-2.958927,-3.14092,-2.633273110236334,-2.0902647163450583,0.7649640096624266,-0.28086825012230915
N4O,-2.163609,-3.163619,-2.414784296046572,-2.009549645936525,0.7649640096624266,-0.28086825012230915
N4O,-2.587374,-3.898648,-2.6885071862714867,-2.257179000549413,0.7649640096624266,-0.28086825012230915
N4O,-2.584778,-1.856142,-2.5064456146960747,-2.231879134468633,0.7649640096624266,-0.28086825012230915
N4O,-2.482756,-5.188205,-2.3611813473823764,-2.1739888061822485,0.7649640096624266,-0.28086825012230915
N4O,-1.583857,-3.095981,-2.3631656358966904,-2.221556064059087,0.7649640096624266,-0.28086825012230915
N4O,-5.345042,-1.744531,-2.728127576351776,-2.165084299969698,0.7649640096624266,-0.28086825012230915
N4O,-5.31868,-0.518199,-2.024560725034615,-2.1561320289148536,0.7649640096624266,-0.28086825012230915
N4O,-5.175077,-0.548653,-2.5465763450800987,-2.2007042725895616,0.7649640096624266,-0.28086825012230915
N4O,-4.294073,0.75208,-1.7714592527556599,-2.107698382509872,0.7649640096624266,-0.28086825012230915
N4O,-6.224625,-4.351302,-1.758829567452896,-2.1517612842822573,0.7649640096624266,-0.28086825012230915
N4O,-5.219031,-2.466035,-2.0469101207473237,-2.2029502011812245,0.7649640096624266,-0.28086825012230915
N4O,-6.732126,-1.62136,-1.9454449730780217,-2.1562358666142925,0.7649640096624266,-0.28086825012230915
N4O,-3.224906,-3.750936,-2.025795538365759,-2.1284828288293713,0.7649640096624266,-0.28086825012230915
N4O,-2.946883,-0.931518,-2.728127576351776,-2.165084299969698,0.7649640096624266,-0.28086825012230915
N4O,-4.608984,-5.000865,-1.8882663052822348,-2.107856286380153,0.7649640096624266,-0.28086825012230915
N4O,-1.74404,-1.64701,-2.054479145533538,-2.124961085073244,0.7649640096624266,-0.28086825012230915
N4O,-3.803126,-6.073393,-2.054479145533538,-2.124961085073244,0.7649640096624266,-0.28086825012230915
N4O,-4.551947,-4.278562,-2.1650449396461493,-2.2599198401604106,0.7649640096624266,-0.28086825012230915
N4O,-6.338315,-1.1302,-2.780542754139678,-2.245618063184112,0.7649640096624266,-0.28086825012230915
N4O,-2.450768,-3.482224,-2.1650449396461493,-2.2599198401604106,0.7649640096624266,-0.28086825012230915
N4O,-4.995406,1.294074,-2.16600415399423,-2.1686975898946788,0.7649640096624266,-0.28086825012230915
N4O,-7.375976,1.172111,-2.040379987013748,-2.1252576039475137,0.7649640096624266,-0.28086825012230915
N4O,-8.602498,1.944751,-1.8796783186625179,-2.193479851443412,0.7649640096624266,-0.28086825012230915
N4O,-6.145085,3.424134,-1.9345789019264672,-2.8058391307794426,0.7649640096624266,-0.28086825012230915
N4O,-5.056206,-2.252011,-2.024560725034615,-2.1561320289148536,0.7649640096624266,-0.28086825012230915
N4O,-4.045875,-0.378174,-1.9329338581151307,-2.699664916068686,0.7649640096624266,-0.28086825012230915
N4O,-8.881708,-1.466188,-2.0063583606286723,-2.7509171448184278,0.7649640096624266,-0.28086825012230915
N4O,-7.002274,0.927715,-2.0014549232427195,-2.2305976110561145,0.7649640096624266,-0.28086825012230915
N4O,-2.818974,0.947625,-2.076576641206794,-2.17303339401822,0.7649640096624266,-0.28086825012230915
N4O,-4.963776,0.711858,-2.075176952896511,-2.193333825218949,0.7649640096624266,-0.28086825012230915
N4O,-6.378082,1.49513,-1.789243567697467,-2.1352564136572947,0.7649640096624266,-0.28086825012230915
N4O,-7.947936,1.907697,-1.8248720025343903,-2.132836217425604,0.7649640096624266,-0.28086825012230915
N4O,-5.123732,0.263269,-1.7559315334533547,-2.1965654108505257,0.7649640096624266,-0.28086825012230915
N4O,-5.700661,0.340577,-1.9031753593614171,-2.199705793651843,0.7649640096624266,-0.28086825012230915
N4O,-6.592716,1.697035,-1.602137005473996,-2.055751793754929,0.7649640096624266,-0.28086825012230915
N4O,-5.166768,1.214479,-1.7782204932978456,-2.1899016815331938,0.7649640096624266,-0.28086825012230915
N4O,-5.090114,1.522676,-1.7620512132729644,-2.1527939470099624,0.7649640096624266,-0.28086825012230915
N4O,-3.448881,0.659585,-1.8413902570593548,-2.1198699495537534,0.7649640096624266,-0.28086825012230915
N4O,-4.393585,1.56138,-2.000714547966705,-2.2102971798553845,0.7649640096624266,-0.28086825012230915
N4O,-2.779445,-2.347414,-2.017403865360549,-2.1287793477036416,0.7649640096624266,-0.28086825012230915
N4O,-6.110614,0.22984,-2.5465763450800987,-2.2007042725895616,0.7649640096624266,-0.28086825012230915
N4O,-5.387987,-1.552345,-1.6315053612263721,-2.1734039881137686,0.7649640096624266,-0.28086825012230915
N4O,-8.193437,-1.002858,-1.8437650211107004,-2.1750100917976427,0.7649640096624266,-0.28086825012230915
N4O,-5.871977,-0.11853,-1.9804417873333906,-2.2834306512430866,0.7649640096624266,-0.28086825012230915
N4O,-8.957098,0.815135,-1.8765062341000938,-2.2266973654328566,0.7649640096624266,-0.28086825012230915
N4O,-6.309886,-3.955804,-1.7853263719094787,-2.2320318797798717,0.7649640096624266,-0.28086825012230915
N4O,-4.716177,1.947989,-1.679321340751229,-2.1220732743388138,0.7649640096624266,-0.28086825012230915
N4O,-5.887816,0.362334,-1.5952804130968294,-2.6828982960431875,0.7649640096624266,-0.28086825012230915
N4O,-5.756983,-3.696891,-1.6315053612263721,-2.1734039881137686,0.7649640096624266,-0.28086825012230915
N4O,-3.949019,-0.093444,-1.8366863313029906,-2.151869756042686,0.7649640096624266,-0.28086825012230915
N4O,-9.301857,-3.373435,-1.8670163490958067,-2.173179420242683,0.7649640096624266,-0.28086825012230915
N4O,-5.953968,1.951088,-1.8796783186625179,-2.193479851443412,0.7649640096624266,-0.28086825012230915
N4O,-3.931618,-0.451614,-1.7782204932978456,-2.1899016815331938,0.7649640096624266,-0.28086825012230915
N4O,-4.461513,2.167975,-1.828070813591037,-2.213374998660466,0.7649640096624266,-0.28086825012230915
N4O,-5.786231,-1.931634,-1.9726632599836822,-2.2036531383179967,0.7649640096624266,-0.28086825012230915
N4O,-5.700707,0.720089,-1.8990376528449804,-2.2438085563745003,0.7649640096624266,-0.28086825012230915
N4O,-3.53342,0.307186,-1.9590903129229593,-2.17981064643479,0.7649640096624266,-0.28086825012230915
N4O,-4.082149,-0.543551,-1.9507085419084857,-2.193395814752018,0.7649640096624266,-0.28086825012230915
N4O,-4.691779,1.142941,-1.8795098062268842,-2.135505486465634,0.7649640096624266,-0.28086825012230915
N4O,-4.314578,0.675107,-1.7714592527556599,-2.107698382509872,0.7649640096624266,-0.28086825012230915
N4O,-3.669486,0.660912,-1.7390817859514793,-2.182993973156878,0.7649640096624266,-0.28086825012230915
N4O,-4.364004,2.274076,-1.6555025018928708,-2.0903986679721744,0.7649640096624266,-0.28086825012230915
N4O,-6.249585,6.332179,-1.7067881446977897,-2.2447965513172465,0.7649640096624266,-0.28086825012230915
N4O,-6.242622,0.940522,-1.8237185912447482,-2.1368999637386183,0.7649640096624266,-0.28086825012230915
N4O,-4.584617,-0.291866,-1.8403447449568122,-2.233675429861195,0.7649640096624266,-0.28086825012230915
N4O,-4.675379,1.242471,-1.8795098062268842,-2.135505486465634,0.7649640096624266,-0.28086825012230915
N4O,-7.142212,1.973706,-1.7372558433985477,-2.0346701413374637,0.7649640096624266,-0.28086825012230915
N4O,-8.187925,2.992838,-1.918250640864941,-2.1508215705234184,0.7649640096624266,-0.28086825012230915
N4O,-6.336093,1.381132,-1.6383635836512433,-2.0197114404967547,0.7649640096624266,-0.28086825012230915
N4O,-8.616198,-2.195588,-1.9205715339736957,-2.186739525779993,0.7649640096624266,-0.28086825012230915
N4O,-7.794775,-1.471908,-2.017403865360549,-2.1287793477036416,0.7649640096624266,-0.28086825012230915
N4O,-8.824529,0.684848,-2.4203403059963673,-2.0133755020972393,0.7649640096624266,-0.28086825012230915
N4O,-5.539755,-1.85629,-1.7081444012392593,-2.0409349073258096,0.7649640096624266,-0.28086825012230915
N4O,-3.82404,-2.73476,-1.7409469711036154,-1.8775422069802463,0.7649640096624266,-0.28086825012230915
N4O,-4.10641,-0.877039,-2.2840107043754205,-1.9817357899831962,0.7649640096624266,-0.28086825012230915
N4O,-3.753122,-1.957432,-1.8550820768277598,-2.2004087307886153,0.7649640096624266,-0.28086825012230915
N4O,-1.646024,-3.148272,-1.9205715339736957,-2.186739525779993,0.7649640096624266,-0.28086825012230915
N4O,-1.514738,-3.111056,-1.9583305895785312,-2.2088125314462856,0.7649640096624266,-0.28086825012230915
N4O,-0.976694,-2.639224,-2.0469101207473237,-2.2029502011812245,0.7649640096624266,-0.28086825012230915
N4O,-4.517934,-3.677737,-1.83461577904406,-2.13910098341395,0.7649640096624266,-0.28086825012230915
N4O,-2.49476,-2.452826,-1.9448707462527561,-2.1230055833169263,0.7649640096624266,-0.28086825012230915
N4O,-5.717651,-2.716859,-1.83461577904406,-2.13910098341395,0.7649640096624266,-0.28086825012230915
N4O,-5.407239,-4.174334,-1.83461577904406,-2.13910098341395,0.7649640096624266,-0.28086825012230915
N4O,-4.085283,-3.356207,-1.7620512132729644,-2.1527939470099624,0.7649640096624266,-0.28086825012230915
N4O,-5.670972,-2.462774,-1.9583922180999673,-2.0220118390267605,0.7649640096624266,-0.28086825012230915
N4O,-5.175616,-1.318803,-1.9578830264475455,-2.254306565872103,0.7649640096624266,-0.28086825012230915
N4O,-6.346446,3.480181,-1.9745807303595821,-2.1233349480597834,0.7649640096624266,-0.28086825012230915
N4O,-2.760509,2.931158,-1.9711466222712901,-2.120060599440016,0.7649640096624266,-0.28086825012230915
N4O,1.072353,-1.337645,-1.7041784085287972,-2.325920542480303,0.7649640096624266,-0.28086825012230915
N4O,-0.305283,-1.047576,-1.6756465024427463,-2.3336191785468543,0.7649640096624266,-0.28086825012230915
N4O,-0.464587,-1.674793,-1.8353752178748406,-2.1608735228083176,0.7649640096624266,-0.28086825012230915
N4O,-2.206037,-2.011527,-1.9590903129229593,-2.17981064643479,0.7649640096624266,-0.28086825012230915
N4O,0.721023,-0.79314,-1.7381140382283813,-2.1481383816248765,0.7649640096624266,-0.28086825012230915
N4O,-0.476014,-6.440336,-1.6555334361653897,-2.2768850960185434,0.7649640096624266,-0.28086825012230915
N4O,-4.083052,1.722393,-1.7559315334533547,-2.1965654108505257,0.7649640096624266,-0.28086825012230915
N4O,-1.28787,-0.054339,-2.081741913539263,-2.1150879847989326,0.7649640096624266,-0.28086825012230915
N4O,-1.851807,-0.413085,-1.9009526774296492,-2.105412657690366,0.7649640096624266,-0.28086825012230915
N4O,-0.666038,-0.859722,-1.7815971393656396,-2.018833353930235,0.7649640096624266,-0.28086825012230915
N4O,-1.089287,-0.634845,-1.6871567422863711,-2.0401706063714777,0.7649640096624266,-0.28086825012230915
N4O,-2.028974,0.545717,-2.72332498022041,-2.211684966123596,0.7649640096624266,-0.28086825012230915
N4O,-3.692397,-0.409347,-2.025795538365759,-2.1284828288293713,0.7649640096624266,-0.28086825012230915
N4O,-2.595355,2.140466,-1.9649240178742828,-2.143269598742442,0.7649640096624266,-0.28086825012230915
N4O,-0.020633,1.793791,-1.725404950899821,-2.0418141564528014,0.7649640096624266,-0.28086825012230915
N4O,-3.644732,2.144061,-2.2840107043754205,-1.9817357899831962,0.7649640096624266,-0.28086825012230915
N4O,-2.533599,-2.283197,-1.7439159100191401,-2.109836933825589,0.7649640096624266,-0.28086825012230915
N4O,-1.203915,-0.092578,-1.9619068440270018,-2.16330298597675,0.7649640096624266,-0.28086825012230915
N4O,-2.076238,-0.099005,-1.7748520102720189,-2.021276982620022,0.7649640096624266,-0.28086825012230915
N4O,-4.172934,1.180542,-2.4739886269266607,-2.2773731688944494,0.7649640096624266,-0.28086825012230915
N4O,-4.095688,4.446645,-2.3611813473823764,-2.1739888061822485,0.7649640096624266,-0.28086825012230915
N4O,-0.745057,2.783575,-1.7733227505742173,-2.048926182705504,0.7649640096624266,-0.28086825012230915
N4O,-2.290862,2.670168,-1.6218596918067727,-2.1057047037561323,0.7649640096624266,-0.28086825012230915
N4O,-1.906498,2.994432,-1.8943787517165054,-2.1509222031599027,0.7649640096624266,-0.28086825012230915
N4O,-1.627717,2.119173,-1.8403447449568122,-2.233675429861195,0.7649640096624266,-0.28086825012230915
N4O,-3.441155,2.032078,-1.7557734257597395,-1.998494874163187,0.7649640096624266,-0.28086825012230915
N4O,-2.973443,2.117221,-1.8403447449568122,-2.233675429861195,0.7649640096624266,-0.28086825012230915
N4O,-0.107511,-0.121161,-1.85068179133447,-2.188561952742321,0.7649640096624266,-0.28086825012230915
N4O,-2.005289,3.055835,-1.6991059982778214,-1.9619800396393539,0.7649640096624266,-0.28086825012230915
N4O,0.180075,1.916373,-1.7121507581372173,-2.109487830397088,0.7649640096624266,-0.28086825012230915
N4O,1.095321,1.92037,-1.7121507581372173,-2.109487830397088,0.7649640096624266,-0.28086825012230915
N4O,-0.624234,5.868619,-1.6496745879999002,-2.387346817681802,0.7649640096624266,-0.28086825012230915
N4O,-0.492001,3.260379,-1.6900047260912685,-2.1842725425965495,0.7649640096624266,-0.28086825012230915
N4O,0.6296,-1.647441,-1.6627746534515355,-2.5678057105974674,0.7649640096624266,-0.28086825012230915
N4O,1.254265,0.25939,-1.9771120124057733,-2.149439094407376,0.7649640096624266,-0.28086825012230915
N4O,0.699484,-2.789925,-1.6712859193738063,-2.1546289693251945,0.7649640096624266,-0.28086825012230915
N4O,-2.400795,-1.743775,-2.0169368583406033,-2.7716342582062694,0.7649640096624266,-0.28086825012230915
N4O,4.36272,-3.209388,-2.151246847002207,-2.290516417230511,0.7649640096624266,-0.28086825012230915
N4O,-0.685002,-0.624246,-2.809399107158874,-2.8782131407784814,0.7649640096624266,-0.28086825012230915
N4O,-0.355393,-1.647489,-1.8706458958312313,-2.900809756946228,0.7649640096624266,-0.28086825012230915
N4O,0.840128,-1.82679,-1.943703903495261,-2.239978080125583,0.7649640096624266,-0.28086825012230915
N4O,-1.614766,-3.261662,-1.6908248144457998,-2.8213451910674485,0.7649640096624266,-0.28086825012230915
N4O,-1.420267,-4.009367,-2.2251883398911905,-2.85050875414055,0.7649640096624266,-0.28086825012230915
N4O,1.493025,-3.794784,-1.6786364048796374,-2.221876428918416,0.7649640096624266,-0.28086825012230915
N4O,2.219225,-3.80241,-2.1650449396461493,-2.2599198401604106,0.7649640096624266,-0.28086825012230915
N4O,0.22788,-1.993046,-1.9581430485300195,-2.1595102152340604,0.7649640096624266,-0.28086825012230915
N4O,1.148659,-0.750377,-1.920835683811309,-2.174892747733699,0.7649640096624266,-0.28086825012230915
N4O,0.875885,-2.621319,-1.704083233793371,-2.0016782361274936,0.7649640096624266,-0.28086825012230915
N4O,0.847439,0.394042,-1.9144134216407172,-2.152406851569001,0.7649640096624266,-0.28086825012230915
N4O,1.350458,-1.844518,-2.249255318766206,-2.1805671008760696,0.7649640096624266,-0.28086825012230915
N4O,0.216936,-2.851903,-2.2390482695233334,-2.1360165356872214,0.7649640096624266,-0.28086825012230915
N4O,0.394417,-1.142997,-1.865592985022756,-2.154827047800692,0.7649640096624266,-0.28086825012230915
N4O,2.549869,-2.905841,-2.214860734997404,-2.0311527971798853,0.7649640096624266,-0.28086825012230915
N4O,-0.041058,-1.609474,-2.069692104350576,-2.0581761136482397,0.7649640096624266,-0.28086825012230915
N4O,0.993605,-5.29571,-2.2390619220452552,-2.1636657357727027,0.7649640096624266,-0.28086825012230915
N4O,-0.083507,-5.591918,-1.8600094048012696,-2.1308862693769934,0.7649640096624266,-0.28086825012230915
N4O,-0.760588,-1.959412,-2.7295891825693968,-2.208227767042593,0.7649640096624266,-0.28086825012230915
N4O,-3.139859,-5.005899,-1.74521312229506,-2.0443069656168626,0.7649640096624266,-0.28086825012230915
N4O,-2.606832,-4.812833,-2.3693535961862215,-2.1939068639736052,0.7649640096624266,-0.28086825012230915
N4O,-3.61009,-5.135548,-1.843978093817479,-2.164490775532041,0.7649640096624266,-0.28086825012230915
N4O,-2.361349,-1.712522,-1.7557734257597395,-1.998494874163187,0.7649640096624266,-0.28086825012230915
N4O,-2.188142,-1.220036,-1.9031753593614171,-2.199705793651843,0.7649640096624266,-0.28086825012230915
N4O,-3.628864,-3.850851,-2.0720310423153756,-2.152610285158725,0.7649640096624266,-0.28086825012230915
N4O,-1.185355,-2.23674,-1.932028957341386,-2.900772697340354,0.7649640096624266,-0.28086825012230915
N4O,-4.920374,-3.275446,-2.0241201137337743,-2.247105709435501,0.7649640096624266,-0.28086825012230915
N4O,-2.514893,-2.998626,-2.0660202755334427,-2.166774934006948,0.7649640096624266,-0.28086825012230915
N4O,-4.928487,-1.422089,-2.1583323549830165,-2.248645166048416,0.7649640096624266,-0.28086825012230915
N4O,-1.32845,-3.813648,-2.0660202755334427,-2.166774934006948,0.7649640096624266,-0.28086825012230915
N4O,-3.731654,0.608621,-1.8412246930410516,-2.7014932966360643,0.7649640096624266,-0.28086825012230915
N4O,-3.168043,1.056682,-1.9415215493183424,-2.1854120639992995,0.7649640096624266,-0.28086825012230915
N4O,-1.889577,-1.270424,-1.8437650211107004,-2.1750100917976427,0.7649640096624266,-0.28086825012230915
N4O,-1.761599,0.039451,-1.8765062341000938,-2.2266973654328566,0.7649640096624266,-0.28086825012230915
N4O,-1.47308,2.188553,-1.8521130922152782,-2.6255373116140817,0.7649640096624266,-0.28086825012230915
N4O,-2.096212,-1.973097,-1.6573093500779088,-2.274757334964058,0.7649640096624266,-0.28086825012230915
N4O,-0.97557,-1.478436,-1.9274368484866558,-2.157723634065296,0.7649640096624266,-0.28086825012230915
N4O,0.248092,0.550754,-2.077249179008275,-2.167725069093328,0.7649640096624266,-0.28086825012230915
N4O,-4.093836,-0.464755,-2.701855624704909,-2.2093383462842766,0.7649640096624266,-0.28086825012230915
N4O,-0.040091,0.879606,-2.701855624704909,-2.2093383462842766,0.7649640096624266,-0.28086825012230915
N4O,-0.635601,-2.033459,-2.34261756367327,-2.215656984447351,0.7649640096624266,-0.28086825012230915
N4O,-0.948879,-0.341419,-2.34261756367327,-2.215656984447351,0.7649640096624266,-0.28086825012230915
N4O,1.164349,-2.659973,-2.34261756367327,-2.215656984447351,0.7649640096624266,-0.28086825012230915
N4O,2.916261,-0.046777,-1.9583305895785312,-2.2088125314462856,0.7649640096624266,-0.28086825012230915
N4O,-3.40734,-0.983586,-1.9009526774296492,-2.105412657690366,0.7649640096624266,-0.28086825012230915
N4O,0.753349,3.390794,-2.025453547508179,-2.164001845203623,0.7649640096624266,-0.28086825012230915
N4O,0.415788,-0.385188,-2.086958845193096,-2.0939877971159397,0.7649640096624266,-0.28086825012230915
N4O,0.312746,-1.729962,-1.8353752178748406,-2.1608735228083176,0.7649640096624266,-0.28086825012230915
N4O,-1.202914,-0.550278,-1.789243567697467,-2.1352564136572947,0.7649640096624266,-0.28086825012230915
N4O,-0.66388,2.220878,-1.8237185912447482,-2.1368999637386183,0.7649640096624266,-0.28086825012230915
N4O,-2.56141,3.310558,-1.944045284767739,-2.176536297815022,0.7649640096624266,-0.28086825012230915
N4O,-1.01125,1.314094,-1.9594650409638368,-2.1657466146665367,0.7649640096624266,-0.28086825012230915
N4O,-0.609957,-0.059231,-1.8939311885855197,-2.1964162375857184,0.7649640096624266,-0.28086825012230915
N4O,-3.882276,1.275708,-2.380657099766272,-2.035800262108866,0.7649640096624266,-0.28086825012230915
N4O,-1.403037,-0.282222,-2.745724960190755,-2.2833782157858793,0.7649640096624266,-0.28086825012230915
N4O,-2.694336,1.152648,-2.614512528612587,-2.086438860184344,0.7649640096624266,-0.28086825012230915
N4O,-0.472563,-0.959972,-2.672746189599032,-2.05055541086774,0.7649640096624266,-0.28086825012230915
N4O,-3.669722,-0.008797,-2.6064219172297167,-2.0243561956312734,0.7649640096624266,-0.28086825012230915
N4O,-0.886689,-0.478884,-1.6993126019585718,-2.1338317353170875,0.7649640096624266,-0.28086825012230915
N4O,-2.521637,3.252496,-1.9941979887429655,-2.2600719773073514,0.7649640096624266,-0.28086825012230915
N4O,-1.829245,0.936244,-2.2093224524962927,-2.1960502711058894,0.7649640096624266,-0.28086825012230915
N4O,-3.105086,-0.208192,-1.943703903495261,-2.239978080125583,0.7649640096624266,-0.28086825012230915
N4O,-3.247778,0.123585,-1.9219547927695408,-2.734361762547143,0.7649640096624266,-0.28086825012230915
N4O,-3.748008,0.129579,-1.8669585213364552,-2.7775464847952263,0.7649640096624266,-0.28086825012230915
N4O,-4.083591,0.952243,-2.704315773729339,-2.64689518044627,0.7649640096624266,-0.28086825012230915
N4O,-2.509488,1.94585,-2.039516760505348,-2.809515072182524,0.7649640096624266,-0.28086825012230915
N4O,-4.933868,1.335239,-1.5260249018653747,-2.86410972157837,0.7649640096624266,-0.28086825012230915
N4O,-3.978395,-2.513943,-1.9777930126177417,-2.8213768000100257,0.7649640096624266,-0.28086825012230915
N4O,-5.652912,-0.432306,-1.8796783186625179,-2.193479851443412,0.7649640096624266,-0.28086825012230915
N4O,-5.583513,-0.157184,-1.85535705656845,-2.107669220076172,0.7649640096624266,-0.28086825012230915
N4O,-6.674414,-1.267442,-1.848167310694705,-2.150870476679996,0.7649640096624266,-0.28086825012230915
N4O,-6.127724,-4.446084,-1.886805680186446,-2.23031461815658,0.7649640096624266,-0.28086825012230915
N4O,-6.726767,-4.188932,-1.6574501124181698,-2.1158884301226513,0.7649640096624266,-0.28086825012230915
N4O,-5.245697,-3.792807,-1.656943872913893,-2.004692996134909,0.7649640096624266,-0.28086825012230915
N4O,-3.927558,-0.094659,-1.6535385953346573,-2.2253128897877543,0.7649640096624266,-0.28086825012230915
N4O,-2.034158,-0.972026,-1.597421852557767,-1.8895211200640831,0.7649640096624266,-0.28086825012230915
N4O,-3.49323,-0.599214,-1.5947021091408575,-2.2090766632205376,0.7649640096624266,-0.28086825012230915
N4O,-2.697281,-0.610787,-1.6642026966377461,-2.0987733026264603,0.7649640096624266,-0.28086825012230915
N4O,-1.780844,-0.015269,-1.5927694685638711,-1.9028923680549776,0.7649640096624266,-0.28086825012230915
N4O,-2.293853,1.286245,-1.6653152590751614,-1.9996439947819915,0.7649640096624266,-0.28086825012230915
N4O,-2.124525,-0.096272,-1.5712744890200019,-2.010808865507552,0.7649640096624266,-0.28086825012230915
N4O,-4.169557,-0.661385,-1.6515219435264112,-2.050251328720915,0.7649640096624266,-0.28086825012230915
N4O,-7.520374,-0.047539,-1.828070813591037,-2.213374998660466,0.7649640096624266,-0.28086825012230915
N4O,-2.159313,-2.136955,-1.9583922180999673,-2.0220118390267605,0.7649640096624266,-0.28086825012230915
N4O,-2.108089,-2.943521,-1.6199759971901948,-2.001916752279088,0.7649640096624266,-0.28086825012230915
N4O,-3.981916,-2.100748,-1.9173174214703754,-2.160461014170653,0.7649640096624266,-0.28086825012230915
N4O,-2.468677,-1.516692,-1.6653152590751614,-1.9996439947819915,0.7649640096624266,-0.28086825012230915
N4O,-2.184204,-2.481569,-1.932693034507067,-2.163530526477566,0.7649640096624266,-0.28086825012230915
N4O,-3.380491,-1.17486,-1.891478960308411,-2.1902055028236442,0.7649640096624266,-0.28086825012230915
N4O,-1.879309,-0.043181,-1.895801749912706,-2.201772435469194,0.7649640096624266,-0.28086825012230915
N4O,-5.798215,0.613989,-1.7782204932978456,-2.1899016815331938,0.7649640096624266,-0.28086825012230915
N4O,-5.104532,0.697502,-1.6902721242065344,-2.4026538965114126,0.7649640096624266,-0.28086825012230915
N4O,-2.509632,0.517118,-1.5401096588465406,-1.800531334567816,0.7649640096624266,-0.28086825012230915
N4O,-2.856653,-0.668737,-1.6185199429107533,-2.2705530731538226,0.7649640096624266,-0.28086825012230915
N4O,0.11873,-2.399862,-1.6073388269451354,-2.725996064324024,0.7649640096624266,-0.28086825012230915
N4O,-3.843057,3.20452,-1.7122258137602642,-2.3475433775942904,0.7649640096624266,-0.28086825012230915
N4O,-1.675606,-3.860968,-1.866726714250316,-2.2183626747712495,0.7649640096624266,-0.28086825012230915
N4O,1.644962,-2.251862,-1.7619921721672533,-2.2043434498458683,0.7649640096624266,-0.28086825012230915
N4O,3.46832,-0.658457,-1.8353752178748406,-2.1608735228083176,0.7649640096624266,-0.28086825012230915
N4O,0.068801,-4.517823,-1.6581413219329222,-2.102122562928508,0.7649640096624266,-0.28086825012230915
N4O,-1.872942,-0.501185,-1.789567056257143,-2.2151444897627783,0.7649640096624266,-0.28086825012230915
N4O,-4.42161,-1.59589,-1.6466022478124587,-1.9782267173165993,0.7649640096624266,-0.28086825012230915
N4O,-0.06524,-5.269253,-1.3846457161211154,-2.0622697818943765,0.7649640096624266,-0.28086825012230915
N4O,0.524781,-3.974373,-1.6605642598219983,-2.272166674126271,0.7649640096624266,-0.28086825012230915
N4O,-1.043261,-0.202131,-1.6362950670936405,-2.174094739753007,0.7649640096624266,-0.28086825012230915
N4O,-1.307477,2.927035,-1.6876948291809293,-2.0559008678311477,0.7649640096624266,-0.28086825012230915
N4O,1.526094,-0.548503,-1.8414956354729304,-2.396154011962858,0.7649640096624266,-0.28086825012230915
N4O,-0.420667,3.189368,-1.6934761713346556,-2.145768067091587,0.7649640096624266,-0.28086825012230915
N4O,-3.471723,-0.979941,-1.6067762116875308,-2.1023554434540848,0.7649640096624266,-0.28086825012230915
N4O,-4.348144,1.603456,-1.6218596918067727,-2.1057047037561323,0.7649640096624266,-0.28086825012230915
N4O,-1.839976,0.936851,-1.5155123050434016,-2.0784580792185046,0.7649640096624266,-0.28086825012230915
N4O,-2.718112,-0.598446,-1.5862563647050323,-1.873775964386385,0.7649640096624266,-0.28086825012230915
N4O,-0.803455,0.230774,-1.7212233302156077,-2.254348375593722,0.7649640096624266,-0.28086825012230915
N4O,-3.939806,-0.596257,-1.5573626356599697,-2.19125687980971,0.7649640096624266,-0.28086825012230915
N4O,-5.664312,2.503955,-1.6621428215259069,-2.0627684466047715,0.7649640096624266,-0.28086825012230915
N4O,-0.293125,0.213046,-1.5665318761331228,-2.0984351197265085,0.7649640096624266,-0.28086825012230915
N4O,-3.141823,0.854281,-1.4001938597617276,-1.777363213706445,0.7649640096624266,-0.28086825012230915
N4O,0.15686,0.745674,-1.436614450026179,-1.8102681904150104,0.7649640096624266,-0.28086825012230915
N4O,0.176713,1.001277,-1.9144134216407172,-2.152406851569001,0.7649640096624266,-0.28086825012230915
N4O,-1.300771,-0.377308,-1.765279501297421,-2.0469172294445377,0.7649640096624266,-0.28086825012230915
N4O,-3.332044,-2.505885,-1.5291543039779631,-1.8341486117562116,0.7649640096624266,-0.28086825012230915
N4O,-3.089233,4.44548,-1.9619068440270018,-2.16330298597675,0.7649640096624266,-0.28086825012230915
N4O,-0.619169,0.443583,-1.7537154115990692,-2.021703873465613,0.7649640096624266,-0.28086825012230915
N4O,-3.806441,0.523558,-1.562238069444166,-1.9264345814481247,0.7649640096624266,-0.28086825012230915
N4O,-5.419634,1.786895,-1.7199728387116195,-2.0920213817765863,0.7649640096624266,-0.28086825012230915
N4O,-5.20208,3.538181,-1.8413902570593548,-2.1198699495537534,0.7649640096624266,-0.28086825012230915
N4O,-4.238956,-0.936508,-1.7598155627650096,-2.002992547872816,0.7649640096624266,-0.28086825012230915
N4O,-2.393881,1.135639,-2.054479145533538,-2.124961085073244,0.7649640096624266,-0.28086825012230915
N4O,-1.743446,1.310896,-1.918250640864941,-2.1508215705234184,0.7649640096624266,-0.28086825012230915
N4O,-1.979717,-2.292229,-1.736650907008406,-2.167569599472501,0.7649640096624266,-0.28086825012230915
N4O,-2.507471,-1.726574,-2.040379987013748,-2.1252576039475137,0.7649640096624266,-0.28086825012230915
N4O,0.727525,-2.389679,-1.9507085419084857,-2.193395814752018,0.7649640096624266,-0.28086825012230915
N4O,-3.523433,1.244232,-1.8795098062268842,-2.135505486465634,0.7649640096624266,-0.28086825012230915
N4O,-1.158451,-0.240258,-1.7537154115990692,-2.021703873465613,0.7649640096624266,-0.28086825012230915
N4O,1.271677,-2.855804,-1.602137005473996,-2.055751793754929,0.7649640096624266,-0.28086825012230915
N4O,-2.445684,-3.772725,-1.7598155627650096,-2.002992547872816,0.7649640096624266,-0.28086825012230915
N4O,0.22463,-3.856922,-1.6631340746528884,-2.1400366447324637,0.7649640096624266,-0.28086825012230915
N4O,0.242132,-2.406848,-1.6503051311991832,-2.007178701161507,0.7649640096624266,-0.28086825012230915
N4O,-2.312214,-6.168956,-1.913260010351075,-2.1564705978820156,0.7649640096624266,-0.28086825012230915
N4O,-2.358603,-3.565576,-2.4985168963373483,-2.191463235283818,0.7649640096624266,-0.28086825012230915
N4O,-7.578028,-6.10526,-1.9507085419084857,-2.193395814752018,0.7649640096624266,-0.28086825012230915
W4O,-3.410229,-1.345949,-1.8207535486713786,-0.6991497017834564,0.7244748747553817,-0.1883303140900196
W4O,0.273252,-2.737924,-1.6632329268879904,-1.674943118117541,0.7244748747553817,-0.1883303140900196
W4O,-3.032822,-0.195321,-1.5239151187666131,1.3451184812474934,0.7244748747553817,-0.1883303140900196
W4O,0.067887,-4.746623,-1.5597466329030882,1.111646588067387,0.7244748747553817,-0.1883303140900196
W4O,-1.137871,-1.519402,-1.849688114253745,0.8259321672989167,0.7244748747553817,-0.1883303140900196
W4O,0.297822,-1.734728,-1.9914948868142774,0.9210843180771993,0.7244748747553817,-0.1883303140900196
W4O,0.376542,-4.619012,-2.0388313781576577,0.6553628155329722,0.7244748747553817,-0.1883303140900196
W4O,0.24901,-4.020191,-1.9914948868142774,0.9210843180771993,0.7244748747553817,-0.1883303140900196
W4O,-0.977543,-1.539652,-2.0770408270426066,0.7628764046152007,0.7244748747553817,-0.1883303140900196
W4O,-1.324048,-2.145089,-2.0770408270426066,0.7628764046152007,0.7244748747553817,-0.1883303140900196
W4O,1.30573,-5.698595,-2.3241276769709747,0.6751191370397734,0.7244748747553817,-0.1883303140900196
W4O,0.003842,-5.211801,-2.0528797101516933,0.6563271233319928,0.7244748747553817,-0.1883303140900196
W4O,0.810534,-5.413797,-2.669460544077422,-0.2116995763168944,0.7244748747553817,-0.1883303140900196
W4O,0.40042,-2.298649,-2.3027023410644163,0.10507782695572367,0.7244748747553817,-0.1883303140900196
W4O,-1.124484,-4.321847,-2.4458996259890937,0.40535847477629344,0.7244748747553817,-0.1883303140900196
W4O,-2.438284,-5.564504,-1.9690920722061556,0.4532807087487951,0.7244748747553817,-0.1883303140900196
W4O,-1.163018,-3.672262,-2.2889696650025004,0.7008235354675482,0.7244748747553817,-0.1883303140900196
W4O,-3.41267,-3.098259,-2.022768362014415,0.6344783417855648,0.7244748747553817,-0.1883303140900196
W4O,-1.058289,-2.584313,-2.0149516745606455,0.6665160974877008,0.7244748747553817,-0.1883303140900196
W4O,-3.250203,-1.656396,-1.8880866794355389,0.7450064847120681,0.7244748747553817,-0.1883303140900196
W4O,-1.175739,-1.617715,-1.9945839655934765,0.6016108473218439,0.7244748747553817,-0.1883303140900196
W4O,-1.952169,-0.691898,-1.8482345667281594,0.2792341979831607,0.7244748747553817,-0.1883303140900196
W4O,0.511785,-1.378508,-1.9129568599476943,0.46409231513658605,0.7244748747553817,-0.1883303140900196
W4O,-2.687998,2.564495,-1.8632555115795355,0.4039989507053862,0.7244748747553817,-0.1883303140900196
W4O,-1.803788,-1.682573,-2.303028099939358,0.20584228004644953,0.7244748747553817,-0.1883303140900196
W4O,-1.853391,-0.563552,-2.4212285285425694,-0.15869721337193443,0.7244748747553817,-0.1883303140900196
W4O,-2.000173,-0.019451,-1.9799819988411336,0.4256127306741406,0.7244748747553817,-0.1883303140900196
W4O,-1.630963,0.986533,-1.9914948868142774,0.9210843180771993,0.7244748747553817,-0.1883303140900196
W4O,-4.128373,1.652713,-1.8317223845339887,0.7197646155945243,0.7244748747553817,-0.1883303140900196
W4O,-2.06725,3.545059,-1.8720594323945163,0.7764935941398816,0.7244748747553817,-0.1883303140900196
W4O,0.058507,-6.621323,-2.46390516060624,0.4322435071120638,0.7244748747553817,-0.1883303140900196
W4O,-2.043888,3.387466,-2.6555603852521212,0.28740441741374834,0.7244748747553817,-0.1883303140900196
W4O,-0.455512,-2.015727,-1.6291569265250223,0.8389693050560946,0.7244748747553817,-0.1883303140900196
W4O,-3.982103,-1.369344,-2.478803550731606,0.42812993121806103,0.7244748747553817,-0.1883303140900196
W4O,1.586458,-2.26542,-1.6364273241019203,0.6578045525003674,0.7244748747553817,-0.1883303140900196
W4O,-1.425421,-0.799891,-2.0528797101516933,0.6563271233319928,0.7244748747553817,-0.1883303140900196
W4O,-1.00691,-1.203125,-1.6061815806658275,0.6732032822760394,0.7244748747553817,-0.1883303140900196
W4O,-0.196823,0.269001,-1.9993412945359035,0.39877402373372645,0.7244748747553817,-0.1883303140900196
W4O,0.378497,0.827981,-1.9993412945359035,0.39877402373372645,0.7244748747553817,-0.1883303140900196
W4O,-1.135943,-2.245048,-2.0179140953413977,0.5706726901900195,0.7244748747553817,-0.1883303140900196
W4O,-2.01212,-0.989877,-2.2446612336890306,0.6710102788255542,0.7244748747553817,-0.1883303140900196
W4O,-0.282757,2.171429,-2.4713965152251767,0.6810855425133223,0.7244748747553817,-0.1883303140900196
W4O,-2.323608,-1.262435,-2.4450805881920545,0.3267845986247506,0.7244748747553817,-0.1883303140900196
W4O,-3.44498,-0.629605,-2.3794953845269085,0.6769847265468045,0.7244748747553817,-0.1883303140900196
W4O,-4.084538,-4.221034,-1.8472703367209533,0.5986271691824679,0.7244748747553817,-0.1883303140900196
W4O,-4.138163,-4.787261,-2.3200502020457896,0.5705347345610353,0.7244748747553817,-0.1883303140900196
W4O,-2.184696,-2.230249,-1.9903015203728651,0.5607057666025302,0.7244748747553817,-0.1883303140900196
W4O,-2.167934,-2.97906,-2.2332469671201873,0.5252850840525224,0.7244748747553817,-0.1883303140900196
W4O,-1.984947,-1.649981,-2.234928075127285,0.4670609318441966,0.7244748747553817,-0.1883303140900196
W4O,-1.905657,-3.194844,-2.071811134422681,0.5371262897648786,0.7244748747553817,-0.1883303140900196
W4O,-2.060043,-2.025235,-2.181620300948044,0.5031578160842688,0.7244748747553817,-0.1883303140900196
W4O,-1.877781,-5.361871,-2.292803292330234,0.24436622335805674,0.7244748747553817,-0.1883303140900196
W4O,-2.535287,-3.192641,-2.2199569900015215,0.36918400475953367,0.7244748747553817,-0.1883303140900196
W4O,-2.932291,-3.739404,-2.3899860409121327,0.7051440060196196,0.7244748747553817,-0.1883303140900196
W4O,-2.813421,-1.357454,-2.0023717440486406,0.3939772003556145,0.7244748747553817,-0.1883303140900196
W4O,-5.542715,-2.408255,-2.389517609141443,0.2648581946575679,0.7244748747553817,-0.1883303140900196
W4O,-0.666872,-4.035248,-2.397096068913598,0.372058970431352,0.7244748747553817,-0.1883303140900196
W4O,-2.541062,-1.20546,-1.6556195336395252,0.43367454824038193,0.7244748747553817,-0.1883303140900196
W4O,-4.920397,-1.304996,-2.2756613077124004,0.23673187344247792,0.7244748747553817,-0.1883303140900196
W4O,-4.752145,-2.04007,-2.6612474393774055,0.3133217361536452,0.7244748747553817,-0.1883303140900196
W4O,-2.684145,-5.438946,-2.29449551885114,-0.18445816958818015,0.7244748747553817,-0.1883303140900196
W4O,-2.660729,-6.735077,-2.620479751777426,0.22083794946428162,0.7244748747553817,-0.1883303140900196
W4O,-2.893198,-2.859815,-2.6555603852521212,0.28740441741374834,0.7244748747553817,-0.1883303140900196
W4O,-0.770358,-4.721432,-1.8327876775325371,0.2622067329174142,0.7244748747553817,-0.1883303140900196
W4O,-1.474506,-3.94482,-2.317134758285371,0.3839967360448348,0.7244748747553817,-0.1883303140900196
W4O,-2.326866,-5.782899,-2.3164199030448356,0.1315499226512174,0.7244748747553817,-0.1883303140900196
W4O,-3.001644,-12.084721,-2.5571881950408186,-0.3989756422519475,0.7244748747553817,-0.1883303140900196
W4O,-1.973424,-5.055073,-2.5551495387579655,-0.06926823718398573,0.7244748747553817,-0.1883303140900196
W4O,0.558686,-5.488818,-2.6030326315028063,-0.14315929138868333,0.7244748747553817,-0.1883303140900196
W4O,-3.266888,-9.167541,-2.423600738132149,0.35566546850070807,0.7244748747553817,-0.1883303140900196
W4O,-3.42727,-8.008754,-2.094158472412022,0.06711558799586083,0.7244748747553817,-0.1883303140900196
W4O,-3.061918,-5.551478,-2.6634626051322585,0.3151735939231437,0.7244748747553817,-0.1883303140900196
W4O,-5.443343,-8.061908,-2.292803292330234,0.24436622335805674,0.7244748747553817,-0.1883303140900196
W4O,-5.079116,-1.921077,-2.2688249315370945,0.25402755469639016,0.7244748747553817,-0.1883303140900196
W4O,-4.661905,-8.139689,-2.3438598888996776,-0.48245315393285126,0.7244748747553817,-0.1883303140900196
W4O,-6.115228,-2.253021,-2.4450805881920545,0.3267845986247506,0.7244748747553817,-0.1883303140900196
W4O,-3.74434,-3.726861,-2.257123483897273,-0.24453202606084185,0.7244748747553817,-0.1883303140900196
W4O,-4.633067,-4.02251,-1.920216658090332,0.3040141502828293,0.7244748747553817,-0.1883303140900196
W4O,-4.432805,-0.964285,-2.2473984651928633,0.484677437492248,0.7244748747553817,-0.1883303140900196
W4O,-2.42649,-1.368224,-2.2891232790446785,0.41059336216797504,0.7244748747553817,-0.1883303140900196
W4O,-3.671867,-1.308794,-2.2473984651928633,0.484677437492248,0.7244748747553817,-0.1883303140900196
W4O,-4.121061,0.547251,-2.2358825084597145,0.5127676766501024,0.7244748747553817,-0.1883303140900196
W4O,-2.071661,-3.274731,-2.177914105811307,0.45156660712593416,0.7244748747553817,-0.1883303140900196
W4O,-1.146043,-2.233313,-2.2421322948701787,0.45222049975166584,0.7244748747553817,-0.1883303140900196
W4O,-4.911358,-5.513619,-2.5319652751589605,0.6115997581842133,0.7244748747553817,-0.1883303140900196
W4O,-1.377354,-2.800631,-2.2953268982861,0.18901346174009534,0.7244748747553817,-0.1883303140900196
W4O,-1.817415,-0.498619,-2.178026135263368,0.25135363064518257,0.7244748747553817,-0.1883303140900196
W4O,-2.068935,-0.852711,-2.1046305099028064,0.5371262897648786,0.7244748747553817,-0.1883303140900196
W4O,-3.01564,-3.120764,-2.0231208958529905,0.5607057666025302,0.7244748747553817,-0.1883303140900196
W4O,-3.112341,-0.458704,-2.139395618548415,0.4428077158196563,0.7244748747553817,-0.1883303140900196
W4O,-1.875596,-4.848538,-1.9055592308465592,0.6157559182713616,0.7244748747553817,-0.1883303140900196
W4O,-2.978659,-4.272556,-2.0749370339497504,0.49611760735278704,0.7244748747553817,-0.1883303140900196
W4O,0.442976,-8.004893,-1.8472703367209533,0.5986271691824679,0.7244748747553817,-0.1883303140900196
W4O,-1.776179,-4.898822,-2.000605462787002,0.6349770705490416,0.7244748747553817,-0.1883303140900196
W4O,-1.218811,-5.131334,-2.277496140391409,0.4414829555640034,0.7244748747553817,-0.1883303140900196
W4O,0.622981,-3.594906,-2.1981308936985364,0.4016409425001157,0.7244748747553817,-0.1883303140900196
W4O,-1.113283,-0.895719,-2.277496140391409,0.4414829555640034,0.7244748747553817,-0.1883303140900196
W4O,-2.232389,-1.457361,-2.656803041037861,0.5312517264469586,0.7244748747553817,-0.1883303140900196
W4O,-1.860792,2.439471,-2.2473984651928633,0.484677437492248,0.7244748747553817,-0.1883303140900196
W4O,0.035456,0.378618,-2.074467847497828,0.641696010452403,0.7244748747553817,-0.1883303140900196
W4O,-1.864167,0.385837,-1.885435280152354,0.3088095914506463,0.7244748747553817,-0.1883303140900196
W4O,-2.293592,-1.967348,-2.3349673863185214,0.20840759692512165,0.7244748747553817,-0.1883303140900196
W4O,0.036717,-6.341036,-2.5363117819986005,0.5073999473458881,0.7244748747553817,-0.1883303140900196
W4O,-2.754534,-5.256363,-2.6555603852521212,0.28740441741374834,0.7244748747553817,-0.1883303140900196
W4O,-2.743172,-5.245845,-2.653345219497268,0.2810522984220276,0.7244748747553817,-0.1883303140900196
W4O,-2.506798,-4.969029,-2.6624571871198395,0.2119910202984041,0.7244748747553817,-0.1883303140900196
W4O,-3.126283,-5.927341,-2.656803041037861,0.5312517264469586,0.7244748747553817,-0.1883303140900196
W4O,-1.080506,0.062364,-2.302236368160005,0.39267693889384614,0.7244748747553817,-0.1883303140900196
W4O,-0.571229,-4.342046,-2.4527637353701683,0.672463463383883,0.7244748747553817,-0.1883303140900196
W4O,-0.481645,-3.331373,-2.6612474393774055,0.3133217361536452,0.7244748747553817,-0.1883303140900196
W4O,0.557843,-0.945797,-2.6555603852521212,0.28740441741374834,0.7244748747553817,-0.1883303140900196
W4O,0.779302,-5.679917,-2.4603230744319666,0.4005630336084764,0.7244748747553817,-0.1883303140900196
W4O,-1.467969,-2.02531,-2.0682357781164726,0.9224731146657704,0.7244748747553817,-0.1883303140900196
W4O,1.062908,-3.050576,-2.324712423472984,0.6881970957651724,0.7244748747553817,-0.1883303140900196
W4O,-1.821304,-5.030209,-2.0711815699039446,0.6502345270710602,0.7244748747553817,-0.1883303140900196
W4O,-2.912658,-5.102293,-1.9782326332771232,0.4297263065681435,0.7244748747553817,-0.1883303140900196
W4O,-0.303454,-7.404477,-1.6675929935546572,0.7085326431010887,0.7244748747553817,-0.1883303140900196
W4O,-0.283698,-4.682045,-1.6291569265250223,0.8389693050560946,0.7244748747553817,-0.1883303140900196
W4O,-4.257397,-6.131116,-1.742932524564605,0.5302007161748414,0.7244748747553817,-0.1883303140900196
W4O,-0.204747,-5.758082,-1.9465644143634457,0.6977039235140207,0.7244748747553817,-0.1883303140900196
W4O,-1.872575,-8.688471,-1.956267249642181,0.8971638212535156,0.7244748747553817,-0.1883303140900196
W4O,-3.027595,-3.901433,-2.024093943490599,0.9103244507564718,0.7244748747553817,-0.1883303140900196
W4O,0.494241,-4.156875,-2.024093943490599,0.9103244507564718,0.7244748747553817,-0.1883303140900196
W4O,-2.48482,-9.234195,-1.6822735824203219,0.8951719457222127,0.7244748747553817,-0.1883303140900196
W4O,-0.312639,-6.711906,-1.9344057347662529,0.6075716624831402,0.7244748747553817,-0.1883303140900196
W4O,-3.131018,-5.91591,-2.0682357781164726,0.9224731146657704,0.7244748747553817,-0.1883303140900196
W4O,-1.706439,-4.71302,-1.6706529470998976,0.744311318465498,0.7244748747553817,-0.1883303140900196
W4O,-1.411483,-1.883404,-1.9467949687861035,0.713021511106417,0.7244748747553817,-0.1883303140900196
W4O,-2.394965,-0.622151,-1.792996569772555,0.7994899089075208,0.7244748747553817,-0.1883303140900196
W4O,-0.436671,-6.716038,-1.9690920722061556,0.4532807087487951,0.7244748747553817,-0.1883303140900196
W4O,-1.605671,-6.638612,-2.0464121757522986,0.6608118523868917,0.7244748747553817,-0.1883303140900196
W4O,-4.883544,-6.352352,-2.064366231956649,1.0227929095785064,0.7244748747553817,-0.1883303140900196
W4O,-3.578747,-1.660097,-1.713931111743578,0.8894675151821083,0.7244748747553817,-0.1883303140900196
W4O,-1.926975,-6.229726,-1.594179047320267,0.9666293023182391,0.7244748747553817,-0.1883303140900196
W4O,-1.076952,-1.679125,-1.5939951423587708,0.8419956086213106,0.7244748747553817,-0.1883303140900196
W4O,-2.204768,-11.605272,-2.1034096060326686,0.673189809858316,0.7244748747553817,-0.1883303140900196
W4O,-3.10507,-7.357292,-2.0770408270426066,0.7628764046152007,0.7244748747553817,-0.1883303140900196
W4O,-2.270595,-1.086846,-2.079472443634786,0.6743361832943539,0.7244748747553817,-0.1883303140900196
W4O,-0.922042,-7.30244,-2.438322007045678,0.9392299949237514,0.7244748747553817,-0.1883303140900196
W4O,0.60868,-1.473297,-2.3114701963057693,0.7061123731655612,0.7244748747553817,-0.1883303140900196
W4O,1.090667,-2.750773,-2.257347102147695,0.8769526582676582,0.7244748747553817,-0.1883303140900196
W4O,-2.56833,-5.199945,-2.627286986445693,0.46468230831305146,0.7244748747553817,-0.1883303140900196
W4O,2.417731,-1.653977,-2.700681075593642,0.21986233262848406,0.7244748747553817,-0.1883303140900196
W4O,-1.134407,-1.363329,-2.6757410336900964,0.45781283694209784,0.7244748747553817,-0.1883303140900196
W4O,-0.782083,-3.693854,-2.226627278052682,0.522354165589739,0.7244748747553817,-0.1883303140900196
W4O,-0.691327,-0.763368,-2.0699730364172675,0.7534664017430779,0.7244748747553817,-0.1883303140900196
W4O,-1.330283,-3.774401,-1.5785868417961983,1.073648766039787,0.7244748747553817,-0.1883303140900196
W4O,-1.231452,-4.784592,-2.181920648624045,0.5294810298581213,0.7244748747553817,-0.1883303140900196
W4O,-0.307753,-3.207285,-1.894339165981352,0.683446990394533,0.7244748747553817,-0.1883303140900196
W4O,1.001358,-2.90198,-2.0711815699039446,0.6502345270710602,0.7244748747553817,-0.1883303140900196
W4O,0.934405,-8.735961,-2.0023717440486406,0.3939772003556145,0.7244748747553817,-0.1883303140900196
W4O,-1.452681,-4.984132,-2.517922015580515,0.5039878897792519,0.7244748747553817,-0.1883303140900196
W4O,-1.661661,-3.923049,-2.105099358904166,0.6541226246880937,0.7244748747553817,-0.1883303140900196
W4O,-0.949197,-7.021849,-2.4567689246477684,0.633125733610056,0.7244748747553817,-0.1883303140900196
W4O,1.356834,-5.176873,-2.6010379329305464,0.47660713127555415,0.7244748747553817,-0.1883303140900196
W4O,-0.336845,-2.011292,-2.3794953845269085,0.6769847265468045,0.7244748747553817,-0.1883303140900196
W4O,-2.162506,-4.307657,-2.4111067841585623,0.6529744690881516,0.7244748747553817,-0.1883303140900196
W4O,-1.149534,-1.820118,-2.2889696650025004,0.7008235354675482,0.7244748747553817,-0.1883303140900196
W4O,-0.494472,-5.741659,-2.4527637353701683,0.672463463383883,0.7244748747553817,-0.1883303140900196
W4O,0.774755,-2.911459,-2.656803041037861,0.5312517264469586,0.7244748747553817,-0.1883303140900196
W4O,-2.391348,-3.691932,-1.963991502916792,0.4773936742018332,0.7244748747553817,-0.1883303140900196
W4O,-1.098156,-0.43893,-2.2199569900015215,0.36918400475953367,0.7244748747553817,-0.1883303140900196
W4O,-2.6342,-0.474645,-2.647074566447422,0.35092905926454715,0.7244748747553817,-0.1883303140900196
W4O,-5.243036,-5.952464,-2.480712173015203,0.62284738398528,0.7244748747553817,-0.1883303140900196
W4O,0.261029,-4.567815,-1.9673907581128045,0.6182616286567287,0.7244748747553817,-0.1883303140900196
W4O,-4.17061,0.527736,-2.6237762568131653,0.4771235062332919,0.7244748747553817,-0.1883303140900196
W4O,-6.159596,1.522282,-2.2891232790446785,0.41059336216797504,0.7244748747553817,-0.1883303140900196
W4O,0.491043,-3.263726,-1.8149548948856742,0.3708636283083255,0.7244748747553817,-0.1883303140900196
W4O,-5.581908,-1.200528,-1.9671830585338321,0.43103071806805027,0.7244748747553817,-0.1883303140900196
W4O,-2.193003,-0.097818,-2.1949765416603837,0.7051163238610928,0.7244748747553817,-0.1883303140900196
W4O,-1.907905,-2.379884,-2.091382367520123,0.6180464165780712,0.7244748747553817,-0.1883303140900196
W4O,-2.388879,-2.50889,-2.6310179247784657,0.6222221631156872,0.7244748747553817,-0.1883303140900196
W4O,-4.417149,-4.961203,-2.2889696650025004,0.7008235354675482,0.7244748747553817,-0.1883303140900196
W4O,-2.618415,-0.575998,-2.628381971657563,0.2336792209749276,0.7244748747553817,-0.1883303140900196
W4O,-2.42681,-1.278909,-2.4567689246477684,0.633125733610056,0.7244748747553817,-0.1883303140900196
W4O,-2.379664,-10.512635,-2.4016368361244615,0.3633787675823407,0.7244748747553817,-0.1883303140900196
W4O,-3.087456,-6.096973,-2.309688060680514,0.30328268887082027,0.7244748747553817,-0.1883303140900196
W4O,0.11232,-3.298069,-1.8632555115795355,0.4039989507053862,0.7244748747553817,-0.1883303140900196
W4O,-6.970808,3.73371,-1.7153375297935054,0.6740722267038576,0.7244748747553817,-0.1883303140900196
W4O,-2.630259,2.918409,-1.7757498227031958,0.4222014793402016,0.7244748747553817,-0.1883303140900196
W4O,-1.557359,-0.468711,-1.740337993953899,0.9482569223536675,0.7244748747553817,-0.1883303140900196
W4O,-4.834004,0.409069,-1.9782326332771232,0.4297263065681435,0.7244748747553817,-0.1883303140900196
W4O,0.370822,-3.770368,-2.46390516060624,0.4322435071120638,0.7244748747553817,-0.1883303140900196
W4O,-1.704753,-0.315249,-2.4711109350715352,0.6312038545847681,0.7244748747553817,-0.1883303140900196
W4O,0.625718,-1.362642,-1.9628728641539923,0.7134447883227389,0.7244748747553817,-0.1883303140900196
W4O,-1.372691,-1.294012,-1.9797195368911291,0.41831549258070444,0.7244748747553817,-0.1883303140900196
W4O,-1.978879,-3.157207,-2.1624242412114967,0.535346608906239,0.7244748747553817,-0.1883303140900196
W4O,1.199002,-4.542849,-1.963991502916792,0.4773936742018332,0.7244748747553817,-0.1883303140900196
W4O,0.547885,-3.97016,-1.976806560533275,0.6088833362122525,0.7244748747553817,-0.1883303140900196
W4O,-2.23189,-5.341799,-1.9467653243751029,0.5952995133244855,0.7244748747553817,-0.1883303140900196
W4O,0.231724,-5.559581,-2.0140086162125037,0.5021055534810984,0.7244748747553817,-0.1883303140900196
W4O,-4.564232,-4.7073,-2.1797181790569726,0.4906404086818486,0.7244748747553817,-0.1883303140900196
W4O,1.26646,-2.783062,-1.976806560533275,0.6088833362122525,0.7244748747553817,-0.1883303140900196
W4O,-2.875502,-3.307301,-2.5547846893558925,0.5992440383863515,0.7244748747553817,-0.1883303140900196
W4O,-4.334896,-2.465556,-2.173739464131772,0.5321464644738344,0.7244748747553817,-0.1883303140900196
W4O,-0.344529,0.322022,-2.0029082322589846,0.3873897250977295,0.7244748747553817,-0.1883303140900196
W4O,0.081683,-2.794038,-2.2400386537093064,0.43587626584595607,0.7244748747553817,-0.1883303140900196
W4O,-1.54207,-3.427534,-2.656803041037861,0.5312517264469586,0.7244748747553817,-0.1883303140900196
W4O,-0.197943,-9.531256,-1.7515964373682253,0.7964056824721087,0.7244748747553817,-0.1883303140900196
W4O,0.777028,-4.295688,-2.4468004295512142,0.677031754949564,0.7244748747553817,-0.1883303140900196
W4O,0.197356,0.481061,-2.6237762568131653,0.4771235062332919,0.7244748747553817,-0.1883303140900196
W4O,-2.850235,-10.363178,-2.5547846893558925,0.5992440383863515,0.7244748747553817,-0.1883303140900196
W4O,-0.990458,-8.794283,-2.0770408270426066,0.7628764046152007,0.7244748747553817,-0.1883303140900196
W4O,-1.15227,-4.052382,-2.024093943490599,0.9103244507564718,0.7244748747553817,-0.1883303140900196
W4O,-2.758435,-2.856291,-2.464863841642831,0.3889649728456495,0.7244748747553817,-0.1883303140900196
W4O,0.93065,-2.630081,-2.656803041037861,0.5312517264469586,0.7244748747553817,-0.1883303140900196
W4O,-3.732578,-5.513463,-1.9259039732893932,0.8488143024189911,0.7244748747553817,-0.1883303140900196
W4O,1.237527,-5.002679,-2.0254887323864326,0.6684496053544219,0.7244748747553817,-0.1883303140900196
W4O,-0.301127,-3.185336,-1.913056260859915,0.7152095627860244,0.7244748747553817,-0.1883303140900196
W4O,-1.63351,-5.23061,-1.5849906225386958,0.813607270960461,0.7244748747553817,-0.1883303140900196
W4O,-1.139958,-4.120053,-1.9993412945359035,0.39877402373372645,0.7244748747553817,-0.1883303140900196
W4O,-4.074748,-4.33321,-1.7444467966551664,0.5397879985517621,0.7244748747553817,-0.1883303140900196
W4O,-1.718021,-13.463447,-2.0149516745606455,0.6665160974877008,0.7244748747553817,-0.1883303140900196
W4O,-0.569266,-5.826716,-1.987628613576773,0.0797336535139298,0.7244748747553817,-0.1883303140900196
W4O,0.516403,-5.665014,-2.0029082322589846,0.3873897250977295,0.7244748747553817,-0.1883303140900196
W4O,-2.929534,-8.628558,-1.9363603561927913,0.2906082835128041,0.7244748747553817,-0.1883303140900196
W4O,1.170591,-11.216173,-2.485024375051718,0.3788684769399726,0.7244748747553817,-0.1883303140900196
W4O,-2.212933,-5.767033,-2.4407130812396542,0.4076678407913373,0.7244748747553817,-0.1883303140900196
W4O,-2.206388,-4.037279,-2.317134758285371,0.3839967360448348,0.7244748747553817,-0.1883303140900196
W4O,-0.866454,-1.478977,-2.4711109350715352,0.6312038545847681,0.7244748747553817,-0.1883303140900196
W4O,2.143677,0.727922,-2.0528797101516933,0.6563271233319928,0.7244748747553817,-0.1883303140900196
W4O,0.08178,-4.881356,-2.5319652751589605,0.6115997581842133,0.7244748747553817,-0.1883303140900196
W4O,-0.765428,-8.907498,-2.464863841642831,0.3889649728456495,0.7244748747553817,-0.1883303140900196
W4O,0.34316,-6.157489,-2.2683926980060534,0.6750640663893123,0.7244748747553817,-0.1883303140900196
W4O,1.24389,0.711954,-2.4429936955951,0.31857674936135716,0.7244748747553817,-0.1883303140900196
W4O,-0.068154,-4.392887,-2.074467847497828,0.641696010452403,0.7244748747553817,-0.1883303140900196
W4O,1.636984,-2.893362,-1.9454827626048579,0.5797406169419521,0.7244748747553817,-0.1883303140900196
W4O,-1.201642,-1.125114,-1.64846782394222,0.6476344821958706,0.7244748747553817,-0.1883303140900196
W4O,-2.30467,-1.308157,-1.9233031111260186,0.6183499293490412,0.7244748747553817,-0.1883303140900196
W4O,-0.779357,-1.271834,-1.628151581972176,0.71769009326253,0.7244748747553817,-0.1883303140900196
W4O,-0.403174,-0.902484,-1.7124517192386157,0.6980093338623894,0.7244748747553817,-0.1883303140900196
W4O,-1.405807,-1.783267,-1.9887795297189497,0.7061979242102626,0.7244748747553817,-0.1883303140900196
W4O,-5.414551,-2.995949,-1.7916655429845487,0.6632851998049306,0.7244748747553817,-0.1883303140900196
W4O,-0.424679,0.047513,-1.7816617490595752,0.6622103655165388,0.7244748747553817,-0.1883303140900196
W4O,-0.428019,-2.765146,-1.8877027813124232,0.5986712762406077,0.7244748747553817,-0.1883303140900196
W4O,-0.995017,0.905837,-2.063595164716925,0.628877304307319,0.7244748747553817,-0.1883303140900196
W4O,-0.068048,0.071946,-1.9031634040499523,0.7650523052976732,0.7244748747553817,-0.1883303140900196
W4O,-3.357765,-2.889292,-2.0682357781164726,0.9224731146657704,0.7244748747553817,-0.1883303140900196
W4O,-4.263995,-0.170183,-1.9769621379639473,0.6154871464491909,0.7244748747553817,-0.1883303140900196
W4O,-3.49547,-0.760688,-2.550523481060851,0.6053002331117472,0.7244748747553817,-0.1883303140900196
W4O,-3.110238,1.762434,-1.9052038047798192,0.9040039996811106,0.7244748747553817,-0.1883303140900196
W4O,-0.085609,-2.326909,-2.1949765416603837,0.7051163238610928,0.7244748747553817,-0.1883303140900196
W4O,-4.785104,0.796971,-2.4436190116336474,0.45758388316676424,0.7244748747553817,-0.1883303140900196
W4O,-0.621054,-5.221027,-2.2889696650025004,0.7008235354675482,0.7244748747553817,-0.1883303140900196
W4O,-2.506568,-3.160782,-2.3373966368032053,0.7079278908745704,0.7244748747553817,-0.1883303140900196
W4O,-0.40018,-4.173148,-2.0535438736459586,0.4040621632044448,0.7244748747553817,-0.1883303140900196
W4O,-2.272191,-7.382178,-1.974731472143432,0.8736029291952546,0.7244748747553817,-0.1883303140900196
W4O,2.677014,-12.272667,-1.7368163093466633,-0.6470236993692291,0.7244748747553817,-0.1883303140900196
W4O,-0.932089,-1.687336,-1.6391485997051796,1.0461195146681967,0.7244748747553817,-0.1883303140900196
W4O,-2.174827,-4.05023,-1.7589033899616924,0.9138030192376192,0.7244748747553817,-0.1883303140900196
W4O,-0.840471,-3.679383,-1.6152478516925943,0.8795171392236587,0.7244748747553817,-0.1883303140900196
W4O,0.597416,-3.571132,-1.59409908978481,1.0276003205340247,0.7244748747553817,-0.1883303140900196
W4O,4.444555,-8.91261,-1.5930726097760273,1.058365048487984,0.7244748747553817,-0.1883303140900196
W4O,-1.539449,-5.470346,-1.807743225865529,0.8841122065179416,0.7244748747553817,-0.1883303140900196
W4O,-2.354395,-4.274456,-1.7475262524005517,0.7058784775866035,0.7244748747553817,-0.1883303140900196
W4O,-1.741357,-7.133215,-2.337819064980928,0.5665374478706954,0.7244748747553817,-0.1883303140900196
W4O,1.061734,-4.97039,-2.6951713990017927,0.5009907605239267,0.7244748747553817,-0.1883303140900196
W4O,-1.102294,-6.399255,-2.1624242412114967,0.535346608906239,0.7244748747553817,-0.1883303140900196
W4O,-1.02567,-4.952526,-2.5346967192108822,0.5210819446964937,0.7244748747553817,-0.1883303140900196
W4O,0.004801,-5.479745,-2.412572206997623,0.6697378624343282,0.7244748747553817,-0.1883303140900196
W4O,-2.959509,-2.13052,-2.7262796061769667,0.3078886372899999,0.7244748747553817,-0.1883303140900196
W4O,-3.034943,-2.036947,-2.022768362014415,0.6344783417855648,0.7244748747553817,-0.1883303140900196
W4O,1.301805,-2.729255,-1.8082315197523569,0.7063688219253028,0.7244748747553817,-0.1883303140900196
W4O,-4.232225,-4.547525,-1.8737006137454681,0.6768877738317678,0.7244748747553817,-0.1883303140900196
W4O,-1.639455,0.361937,-1.9799767982474195,0.7542807489820453,0.7244748747553817,-0.1883303140900196
W4O,1.043383,-3.964761,-2.0912418930945087,0.6438442750633174,0.7244748747553817,-0.1883303140900196
W4O,1.834878,-3.105497,-2.1680631828143877,0.5192026802333455,0.7244748747553817,-0.1883303140900196
W4O,0.345177,-2.038789,-2.1680631828143877,0.5192026802333455,0.7244748747553817,-0.1883303140900196
W4O,0.399771,-1.930263,-2.63235177978726,0.4589174748857685,0.7244748747553817,-0.1883303140900196
W4O,1.092949,-4.324758,-2.7085850152098336,0.4856087049097197,0.7244748747553817,-0.1883303140900196
W4O,-0.792433,1.631052,-2.0650750082625544,0.6057330071828121,0.7244748747553817,-0.1883303140900196
W4O,-2.866772,-1.064215,-2.63235177978726,0.4589174748857685,0.7244748747553817,-0.1883303140900196
W4O,0.555045,-1.849768,-1.911535180413687,0.8238747727954437,0.7244748747553817,-0.1883303140900196
W4O,-0.018179,-6.73976,-1.8873303022772583,0.7184629719120427,0.7244748747553817,-0.1883303140900196
W4O,1.550873,-3.937717,-2.436059672571848,0.7035146406002223,0.7244748747553817,-0.1883303140900196
W4O,-2.152203,-1.941876,-1.8284439395119405,0.7899845443485345,0.7244748747553817,-0.1883303140900196
W4O,-2.123215,-7.602702,-1.8877027813124232,0.5986712762406077,0.7244748747553817,-0.1883303140900196
W4O,-1.906252,-3.964995,-1.5849906225386958,0.813607270960461,0.7244748747553817,-0.1883303140900196
W4O,0.968439,-0.823964,-1.9852060379843868,0.6039779638230404,0.7244748747553817,-0.1883303140900196
W4O,-2.201136,-8.31266,-1.956267249642181,0.8971638212535156,0.7244748747553817,-0.1883303140900196
W4O,-2.566776,-4.697739,-2.656803041037861,0.5312517264469586,0.7244748747553817,-0.1883303140900196
W4O,-2.839342,-0.485341,-2.318978550828462,0.6954439598776485,0.7244748747553817,-0.1883303140900196
W4O,-0.088283,0.85444,-1.9630114105747252,0.6931199654848638,0.7244748747553817,-0.1883303140900196
W4O,-0.634076,-3.456678,-2.6634626051322585,0.3151735939231437,0.7244748747553817,-0.1883303140900196
W4O,-2.903225,-4.366129,-2.656803041037861,0.5312517264469586,0.7244748747553817,-0.1883303140900196
W4O,-4.644419,-4.222784,-2.302236368160005,0.39267693889384614,0.7244748747553817,-0.1883303140900196
W4O,-3.894623,-2.579809,-2.473371215826789,0.289037155240495,0.7244748747553817,-0.1883303140900196
W4O,-0.797557,-3.49206,-2.485024375051718,0.3788684769399726,0.7244748747553817,-0.1883303140900196
W4O,-3.325227,-3.5497,-1.7515964373682253,0.7964056824721087,0.7244748747553817,-0.1883303140900196
W4O,-1.243569,-2.149651,-1.9208779444743134,0.7637561023500038,0.7244748747553817,-0.1883303140900196
W2O,-2.325544,1.837786,3.1668179449848983,-1.2740319141162102,0.7456556418786694,-0.24437003106653624
W2O,-1.070395,0.058615,3.5410308659653387,-1.321766930133197,0.7456556418786694,-0.24437003106653624
W2O,-1.566504,-0.147591,2.847660904993827,-1.287003924188813,0.7456556418786694,-0.24437003106653624
W2O,-2.414587,-3.89454,2.9015112781043295,-1.2715262087680463,0.7456556418786694,-0.24437003106653624
W2O,-0.835226,3.248807,2.93922247132005,-1.2684144319294204,0.7456556418786694,-0.24437003106653624
W2O,-1.023117,-0.435211,2.882215581430412,-1.2715262087680463,0.7456556418786694,-0.24437003106653624
W2O,0.32147,-1.114405,3.1267331316067035,-1.2715262087680463,0.7456556418786694,-0.24437003106653624
W2O,-1.673935,-1.280031,2.9909209262184606,-1.2684144319294204,0.7456556418786694,-0.24437003106653624
W2O,-1.301418,-2.774622,2.7480858426188957,-1.2715262087680463,0.7456556418786694,-0.24437003106653624
W2O,-0.871209,3.183879,2.920424416550742,-1.2684144319294204,0.7456556418786694,-0.24437003106653624
W2O,-1.803909,-0.915451,2.963250676335758,-1.2715262087680463,0.7456556418786694,-0.24437003106653624
W2O,-1.88089,-0.754804,3.181824224866199,-1.2684144319294204,0.7456556418786694,-0.24437003106653624
W2O,-1.679368,-1.848996,2.7768212513282347,-1.2715262087680463,0.7456556418786694,-0.24437003106653624
W2O,-1.559886,-2.871551,3.2542672929553804,-1.2684144319294204,0.7456556418786694,-0.24437003106653624
W2O,-3.271581,-0.318559,3.0295987010310483,-1.2684144319294204,0.7456556418786694,-0.24437003106653624
W2O,-4.176301,-5.345946,2.9326248638432073,-1.2715262087680463,0.7456556418786694,-0.24437003106653624
W2O,-3.938637,-5.046913,3.1802987593060994,-1.2684144319294204,0.7456556418786694,-0.24437003106653624
W2O,-5.236479,-1.367737,3.1923087315784735,-1.2740319141162102,0.7456556418786694,-0.24437003106653624
W2O,-1.804891,-1.216776,2.3592214842954027,-1.2771436909548357,0.7456556418786694,-0.24437003106653624
W2O,-1.944138,-1.867432,2.3781327609419387,-1.2781741569816656,0.7456556418786694,-0.24437003106653624
W2O,-2.229272,-5.936601,2.4704982791287122,-1.260113187096126,0.7456556418786694,-0.24437003106653624
W2O,-3.196857,-3.548692,2.4854580679636364,-1.2771436909548357,0.7456556418786694,-0.24437003106653624
W2O,-5.281698,-4.814296,2.524926643843343,-1.2867206685235457,0.7456556418786694,-0.24437003106653624
W2O,-3.308557,-3.43072,2.4828303583922064,-1.2740319141162102,0.7456556418786694,-0.24437003106653624
W2O,-2.683005,-5.397345,2.418866862433776,-1.2771436909548357,0.7456556418786694,-0.24437003106653624
W2O,-0.31916,-1.211935,2.540257524675012,-1.2699734203301032,0.7456556418786694,-0.24437003106653624
W2O,-2.302266,-6.747294,2.8795796983350357,-1.2684144319294204,0.7456556418786694,-0.24437003106653624
W2O,-4.714233,-4.299604,2.7307225135315547,-1.2684144319294204,0.7456556418786694,-0.24437003106653624
W2O,0.698012,4.657389,2.68530662965756,-1.3075899118856937,0.7456556418786694,-0.24437003106653624
W2O,-2.521464,-3.028973,2.4984953185513183,-1.287003924188813,0.7456556418786694,-0.24437003106653624
W2O,-2.848194,-3.948027,2.8391922728646684,-1.271178428505003,0.7456556418786694,-0.24437003106653624
W2O,-0.494627,-1.268934,2.4070090211216417,-1.2771436909548357,0.7456556418786694,-0.24437003106653624
W2O,-3.122248,-2.425547,2.4171180028664807,-1.2771436909548357,0.7456556418786694,-0.24437003106653624
W2O,1.121045,0.737721,2.448490699211138,-1.2771436909548357,0.7456556418786694,-0.24437003106653624
W2O,-1.743733,0.900572,2.4828303583922064,-1.2740319141162102,0.7456556418786694,-0.24437003106653624
W2O,-2.083644,-2.04926,2.4446374522877874,-1.2771436909548357,0.7456556418786694,-0.24437003106653624
W2O,-2.497441,-0.050022,2.448490699211138,-1.2771436909548357,0.7456556418786694,-0.24437003106653624
W2O,-3.421771,-0.120263,2.4445691295028995,-1.2742902053436291,0.7456556418786694,-0.24437003106653624
W2O,-0.355754,-1.098233,2.7221395528291925,-1.2715262087680463,0.7456556418786694,-0.24437003106653624
W2O,-3.01292,-1.259728,2.447485405140495,-1.2715262087680463,0.7456556418786694,-0.24437003106653624
W2O,-1.783387,-0.838482,2.4481521333164906,-1.2715262087680463,0.7456556418786694,-0.24437003106653624
W2O,-2.442913,-3.256683,2.3046144831587236,-1.2715262087680463,0.7456556418786694,-0.24437003106653624
W2O,-1.370211,-0.102938,2.71681444603299,-1.2715262087680463,0.7456556418786694,-0.24437003106653624
W2O,-0.086894,1.453797,2.486095919731892,-1.2715262087680463,0.7456556418786694,-0.24437003106653624
W2O,1.136866,-1.540273,2.9469109631307733,-1.2684144319294204,0.7456556418786694,-0.24437003106653624
W2O,0.546916,2.567478,2.424457272166428,-1.4219051806981504,0.7456556418786694,-0.24437003106653624
W2O,1.271768,2.347677,2.3802074013629477,-1.27506238014304,0.7456556418786694,-0.24437003106653624
W2O,-2.118543,-3.609988,2.715623674069645,-1.2771436909548357,0.7456556418786694,-0.24437003106653624
W2O,-1.075397,3.095026,2.583733713598877,-1.2715262087680463,0.7456556418786694,-0.24437003106653624
W2O,-1.858054,-5.087049,2.3662916403682233,-1.2781741569816656,0.7456556418786694,-0.24437003106653624
W2O,-3.17602,-0.815129,3.1266329359452256,-1.2923505622726836,0.7456556418786694,-0.24437003106653624
W2O,-0.852123,-0.835609,2.471300443700002,-1.281374030439675,0.7456556418786694,-0.24437003106653624
W2O,-3.755683,-3.059274,2.843797073625658,-1.2923505622726836,0.7456556418786694,-0.24437003106653624
W2O,-2.810089,3.349907,2.709028929439873,-1.3105893705472138,0.7456556418786694,-0.24437003106653624
W2O,-2.261415,-5.555258,2.57483969594339,-1.3105893705472138,0.7456556418786694,-0.24437003106653624
W2O,-5.560943,-9.821427,2.6007011728962737,-1.249024169406183,0.7456556418786694,-0.24437003106653624
W2O,-2.477552,-5.28624,2.5341070398906256,-1.5138200825889538,0.7456556418786694,-0.24437003106653624
W2O,-2.549202,-2.759502,2.8127886687192123,-1.5096456288086568,0.7456556418786694,-0.24437003106653624
W2O,-6.568043,-13.336093,2.5851711587467947,-1.6168677375330467,0.7456556418786694,-0.24437003106653624
W2O,-0.46469,-6.896401,2.623153572256529,-1.3189905219952656,0.7456556418786694,-0.24437003106653624
W2O,-2.201804,-3.181091,2.807499386680585,-1.3733284603586293,0.7456556418786694,-0.24437003106653624
W2O,-4.023211,0.282279,2.5304099091634766,-1.423713689268103,0.7456556418786694,-0.24437003106653624
W2O,-2.915213,-4.937656,2.735698012783508,-1.2790074458313423,0.7456556418786694,-0.24437003106653624
W2O,-1.496841,1.835327,2.8016509077117417,-1.2973946499418718,0.7456556418786694,-0.24437003106653624
W2O,-4.073876,-1.177093,2.3094943112967283,-1.27506238014304,0.7456556418786694,-0.24437003106653624
W2O,-3.602208,0.492754,2.4113275731144497,-1.2821192226699683,0.7456556418786694,-0.24437003106653624
W2O,-2.596864,-0.18948,2.3812986606144815,-1.3005064267804975,0.7456556418786694,-0.24437003106653624
W2O,-1.571113,-1.743528,2.3799058160269406,-1.2715137972056978,0.7456556418786694,-0.24437003106653624
W2O,-6.197581,-2.84233,2.311552039825538,-1.2600008689190203,0.7456556418786694,-0.24437003106653624
W2O,-0.600725,-1.809852,2.510972542603261,-1.2771436909548357,0.7456556418786694,-0.24437003106653624
W2O,-4.074418,-0.429193,2.6009938773752035,-1.2771436909548357,0.7456556418786694,-0.24437003106653624
W2O,-2.398504,-1.339303,2.691083283028023,-1.2715262087680463,0.7456556418786694,-0.24437003106653624
W2O,-3.27786,-0.050308,2.5603311761051,-1.2742902053436291,0.7456556418786694,-0.24437003106653624
W2O,-2.118814,-0.585008,2.849855103995181,-1.2715262087680463,0.7456556418786694,-0.24437003106653624
W2O,-3.294812,-1.958086,2.9022486890585615,-1.2715262087680463,0.7456556418786694,-0.24437003106653624
W2O,-0.674872,-1.694015,2.9029936148610083,-1.2715262087680463,0.7456556418786694,-0.24437003106653624
W2O,-2.971177,-0.525393,2.9022486890585615,-1.2715262087680463,0.7456556418786694,-0.24437003106653624
W2O,-1.826,-0.925358,3.181824224866199,-1.2684144319294204,0.7456556418786694,-0.24437003106653624
W2O,-1.332873,-4.558791,3.0735415462300626,-1.2715262087680463,0.7456556418786694,-0.24437003106653624
W2O,-4.457923,-3.767225,3.0962666182180554,-1.2684144319294204,0.7456556418786694,-0.24437003106653624
W2O,-4.211767,-1.04647,3.1185069293753283,-1.2715262087680463,0.7456556418786694,-0.24437003106653624
W2O,-2.935951,1.135777,2.7081392498093257,-1.2715262087680463,0.7456556418786694,-0.24437003106653624
W2O,-3.109553,-1.823508,2.9224161835431017,-1.2715262087680463,0.7456556418786694,-0.24437003106653624
W2O,-3.589421,-3.448241,2.893172064886724,-1.2715262087680463,0.7456556418786694,-0.24437003106653624
W2O,-2.605301,-4.78784,2.8679294733600544,-1.2771436909548357,0.7456556418786694,-0.24437003106653624
W2O,-3.571949,-2.47812,2.9631525121138726,-1.2740319141162102,0.7456556418786694,-0.24437003106653624
W2O,-2.223218,-2.800357,2.525490249908442,-1.2740319141162102,0.7456556418786694,-0.24437003106653624
W2O,-3.470527,-4.102409,2.825266786186157,-1.275320058413974,0.7456556418786694,-0.24437003106653624
W2O,-2.201397,-5.067531,3.4702861693153233,-1.3446231823684258,0.7456556418786694,-0.24437003106653624
W2O,0.302641,-2.865806,3.48043810319148,-1.3539483520089388,0.7456556418786694,-0.24437003106653624
W2O,-2.139665,-11.366539,3.449003652954689,-1.3483308698221494,0.7456556418786694,-0.24437003106653624
W2O,-2.724748,-11.43374,3.2320618572462645,-1.2813864420020236,0.7456556418786694,-0.24437003106653624
W2O,-3.739248,-10.817959,3.593673623251467,-1.3539483520089388,0.7456556418786694,-0.24437003106653624
W2O,-2.381123,-11.73233,2.890352947242825,-1.2867330800858943,0.7456556418786694,-0.24437003106653624
W2O,-0.894287,-7.731472,3.3777958207081293,-1.3696179064569765,0.7456556418786694,-0.24437003106653624
W2O,-2.882212,-3.410306,2.2917856076362835,-1.281374030439675,0.7456556418786694,-0.24437003106653624
W2O,0.804811,-7.38157,3.12948076447712,-1.2813864420020236,0.7456556418786694,-0.24437003106653624
W2O,-2.604873,4.119597,2.860315560974615,-1.2740319141162102,0.7456556418786694,-0.24437003106653624
W2O,-1.895087,-0.72051,2.3852246234854966,-1.2600008689190203,0.7456556418786694,-0.24437003106653624
W2O,-2.536937,-0.46078,2.445152084761197,-1.2684020203670723,0.7456556418786694,-0.24437003106653624
W2O,-0.267774,-4.28447,3.2203240871355034,-1.2684144319294204,0.7456556418786694,-0.24437003106653624
W2O,-1.092317,-1.179147,2.4157207190901584,-1.2771436909548357,0.7456556418786694,-0.24437003106653624
W2O,-1.961599,-0.091645,2.5707742861301943,-1.2771436909548357,0.7456556418786694,-0.24437003106653624
W2O,1.43403,0.184142,2.9634989549457584,-1.271178428505003,0.7456556418786694,-0.24437003106653624
W2O,0.748584,0.055674,2.460775635108455,-1.2740319141162102,0.7456556418786694,-0.24437003106653624
W2O,0.064763,-2.316496,2.938784834561607,-1.2684144319294204,0.7456556418786694,-0.24437003106653624
W2O,-4.209314,-4.317144,2.988837206920066,-1.2715262087680463,0.7456556418786694,-0.24437003106653624
W2O,-1.978314,-2.658008,3.0903467567870666,-1.2715262087680463,0.7456556418786694,-0.24437003106653624
W2O,-2.589715,-1.105189,3.155337706902958,-1.2715262087680463,0.7456556418786694,-0.24437003106653624
W2O,-3.711263,-3.698046,3.2033553364542415,-1.2715262087680463,0.7456556418786694,-0.24437003106653624
W2O,-3.28738,-3.152868,3.60067053606338,-1.2684144319294204,0.7456556418786694,-0.24437003106653624
W2O,-3.645611,-0.933544,3.004757701962472,-1.2715262087680463,0.7456556418786694,-0.24437003106653624
W2O,-2.64544,-2.653572,3.047990569621412,-1.2684144319294204,0.7456556418786694,-0.24437003106653624
W2O,-0.705072,-0.89978,2.9138915403748253,-1.2715262087680463,0.7456556418786694,-0.24437003106653624
W2O,-2.638268,-3.379524,2.6506332783822817,-1.2715262087680463,0.7456556418786694,-0.24437003106653624
W2O,-1.77765,-0.358833,2.6775267711186737,-1.2715262087680463,0.7456556418786694,-0.24437003106653624
W2O,-2.750183,-2.413211,2.5550195531155593,-1.2715262087680463,0.7456556418786694,-0.24437003106653624
W2O,-1.884267,0.037906,2.9015112781043295,-1.2715262087680463,0.7456556418786694,-0.24437003106653624
W2O,-2.281812,-1.937535,2.809445260360051,-1.2715262087680463,0.7456556418786694,-0.24437003106653624
W2O,-1.949401,-3.664252,3.2176525892113323,-1.2684144319294204,0.7456556418786694,-0.24437003106653624
W2O,-1.986627,-3.561676,3.6432834225755246,-1.319002933557614,0.7456556418786694,-0.24437003106653624
W2O,-2.33459,-2.581944,3.2320618572462645,-1.2813864420020236,0.7456556418786694,-0.24437003106653624
W2O,-0.337379,-3.141966,2.6874043561223817,-1.260113187096126,0.7456556418786694,-0.24437003106653624
W2O,1.159727,-0.380701,2.3866183844378774,-1.2600008689190203,0.7456556418786694,-0.24437003106653624
W2O,-1.712178,-4.414445,2.38816531442533,-1.2600008689190203,0.7456556418786694,-0.24437003106653624
W2O,-4.127906,-4.399907,2.331443471396526,-1.2973260939878162,0.7456556418786694,-0.24437003106653624
W2O,-2.861634,-5.509976,3.1923087315784735,-1.2740319141162102,0.7456556418786694,-0.24437003106653624
W2O,0.24806,2.517493,2.4196007232579197,-1.2684020203670723,0.7456556418786694,-0.24437003106653624
W2O,-1.959001,-4.77993,3.125573359471912,-1.27506238014304,0.7456556418786694,-0.24437003106653624
W2O,-1.916591,-1.098804,2.42588661260327,-1.2684020203670723,0.7456556418786694,-0.24437003106653624
W2O,-0.797097,0.132377,2.7869191116114194,-1.27506238014304,0.7456556418786694,-0.24437003106653624
W2O,-3.487696,0.140215,2.5242922935832595,-1.2715137972056978,0.7456556418786694,-0.24437003106653624
W2O,-3.617455,-0.343547,2.6636190380731843,-1.2771436909548357,0.7456556418786694,-0.24437003106653624
W2O,-3.692449,0.609506,3.036235122239917,-1.2684144319294204,0.7456556418786694,-0.24437003106653624
W2O,-3.65198,-1.424321,2.6874043561223817,-1.260113187096126,0.7456556418786694,-0.24437003106653624
W2O,-1.25423,1.274586,2.938784834561607,-1.2684144319294204,0.7456556418786694,-0.24437003106653624
W2O,0.592264,4.406669,2.847229618832165,-1.2740319141162102,0.7456556418786694,-0.24437003106653624
W2O,-1.337717,5.107978,2.443211709557654,-1.27506238014304,0.7456556418786694,-0.24437003106653624
W2O,-1.756834,2.184973,2.6426978218434,-1.2715262087680463,0.7456556418786694,-0.24437003106653624
W2O,-1.080943,1.577278,2.4768221058571194,-1.2715262087680463,0.7456556418786694,-0.24437003106653624
W2O,-3.145164,-1.408481,2.44873456870404,-1.2715262087680463,0.7456556418786694,-0.24437003106653624
W2O,-2.37185,-0.112973,2.7768212513282347,-1.2715262087680463,0.7456556418786694,-0.24437003106653624
W2O,-1.908572,2.640088,3.1795550261798162,-1.2684144319294204,0.7456556418786694,-0.24437003106653624
W2O,-0.1448,0.151108,3.1023183139668036,-1.2715262087680463,0.7456556418786694,-0.24437003106653624
W2O,-0.211492,-0.73808,2.9414138645710954,-1.2684144319294204,0.7456556418786694,-0.24437003106653624
W2O,-2.188195,2.455063,2.8366798355425273,-1.2715262087680463,0.7456556418786694,-0.24437003106653624
W2O,-0.988184,-1.240877,2.9546718018433404,-1.2715262087680463,0.7456556418786694,-0.24437003106653624
W2O,-1.884459,1.076005,2.9546718018433404,-1.2715262087680463,0.7456556418786694,-0.24437003106653624
W2O,0.63161,0.932977,2.990638325203273,-1.2684144319294204,0.7456556418786694,-0.24437003106653624
W2O,-1.1968,-1.407614,2.827834020275091,-1.2715262087680463,0.7456556418786694,-0.24437003106653624
W2O,-0.652937,2.289655,2.4256884449074065,-1.2742902053436291,0.7456556418786694,-0.24437003106653624
W2O,-1.981815,-0.257929,2.7258092038789936,-1.271178428505003,0.7456556418786694,-0.24437003106653624
W2O,0.574337,-0.358586,2.9142301147133054,-1.2684144319294204,0.7456556418786694,-0.24437003106653624
W2O,-0.775333,0.041842,2.4612927343441005,-1.2771436909548357,0.7456556418786694,-0.24437003106653624
W2O,-3.750658,-0.603868,2.5041343448646227,-1.2740319141162102,0.7456556418786694,-0.24437003106653624
W2O,-1.627426,-2.923523,2.448490699211138,-1.2771436909548357,0.7456556418786694,-0.24437003106653624
W2O,-1.493985,-3.321787,2.920424416550742,-1.2684144319294204,0.7456556418786694,-0.24437003106653624
W2O,-4.028335,-5.678062,2.7225566536092933,-1.386911573643766,0.7456556418786694,-0.24437003106653624
W2O,-3.247838,-7.664657,2.8467496708302202,-1.2684144319294204,0.7456556418786694,-0.24437003106653624
W2O,-1.883839,-6.960838,2.745375651066249,-1.374183867639757,0.7456556418786694,-0.24437003106653624
W2O,-2.942997,-10.349759,2.6260241058269904,-1.3189905219952656,0.7456556418786694,-0.24437003106653624
W2O,-1.293874,-3.02062,2.705096658442933,-1.4191073575028115,0.7456556418786694,-0.24437003106653624
W2O,-3.292902,-9.78292,2.720462893199013,-1.4192790338862766,0.7456556418786694,-0.24437003106653624
W2O,-3.385368,-4.497928,3.194352477750691,-1.3619168495552152,0.7456556418786694,-0.24437003106653624
W2O,-1.425271,-4.006589,2.7834513878456812,-1.3619168495552152,0.7456556418786694,-0.24437003106653624
W2O,-3.140928,-5.594559,2.4598128305891813,-1.281374030439675,0.7456556418786694,-0.24437003106653624
W2O,-1.157679,-6.778872,2.6436773904955726,-1.3189905219952656,0.7456556418786694,-0.24437003106653624
W2O,-2.018623,0.704115,2.506256125918093,-1.2867206685235457,0.7456556418786694,-0.24437003106653624
W2O,0.226238,-0.517394,2.456572561561241,-1.2740319141162102,0.7456556418786694,-0.24437003106653624
W2O,-3.650423,1.064769,2.465361178813033,-1.287003924188813,0.7456556418786694,-0.24437003106653624
W2O,-0.756054,0.286315,2.4358702803666463,-1.260113187096126,0.7456556418786694,-0.24437003106653624
W2O,-2.240396,-1.303642,2.5032244373284693,-1.2740319141162102,0.7456556418786694,-0.24437003106653624
W2O,-1.511095,-1.255801,2.4828303583922064,-1.2740319141162102,0.7456556418786694,-0.24437003106653624
W2O,-0.264382,2.970788,2.8627191169421478,-1.3246204157444035,0.7456556418786694,-0.24437003106653624
W2O,-1.894997,0.038516,2.5086236060305334,-1.2684144319294204,0.7456556418786694,-0.24437003106653624
W2O,-1.787668,-2.333978,2.478741348058839,-1.271178428505003,0.7456556418786694,-0.24437003106653624
W2O,-1.484621,-1.547524,2.796674460562015,-1.2715262087680463,0.7456556418786694,-0.24437003106653624
W2O,-0.337389,-0.585814,2.691083283028023,-1.2715262087680463,0.7456556418786694,-0.24437003106653624
W2O,-1.296369,-0.12946,2.9474212504084196,-1.2715262087680463,0.7456556418786694,-0.24437003106653624
W2O,-1.08135,-1.838342,2.493781873835067,-1.2715262087680463,0.7456556418786694,-0.24437003106653624
W2O,-1.78498,-0.961176,2.568874682011833,-1.2715262087680463,0.7456556418786694,-0.24437003106653624
W2O,-0.627572,-1.998084,2.8644900765609638,-1.2715262087680463,0.7456556418786694,-0.24437003106653624
W2O,-1.414146,-3.337488,2.6202401587995205,-1.2715262087680463,0.7456556418786694,-0.24437003106653624
W2O,-2.648682,-0.722321,2.849188375819186,-1.2715262087680463,0.7456556418786694,-0.24437003106653624
W2O,-2.75897,-1.999709,2.549978492280036,-1.2771436909548357,0.7456556418786694,-0.24437003106653624
W2O,-1.351711,1.548021,2.9022486890585615,-1.2715262087680463,0.7456556418786694,-0.24437003106653624
W2O,0.009581,0.689281,3.0741711893929757,-1.2715262087680463,0.7456556418786694,-0.24437003106653624
W2O,-1.930155,-1.053384,2.9691113268413125,-1.2715262087680463,0.7456556418786694,-0.24437003106653624
W2O,-1.67878,3.084677,2.7142665731928197,-1.2715262087680463,0.7456556418786694,-0.24437003106653624
W2O,-0.957317,0.911679,2.7310508399919837,-1.2771436909548357,0.7456556418786694,-0.24437003106653624
W2O,-0.760899,-0.651037,3.0741711893929757,-1.2715262087680463,0.7456556418786694,-0.24437003106653624
W2O,-3.408229,-0.35544,2.4346098621400114,-1.2742902053436291,0.7456556418786694,-0.24437003106653624
W2O,-1.457097,-0.968653,3.2203240871355034,-1.2684144319294204,0.7456556418786694,-0.24437003106653624
W2O,-0.940736,2.339502,3.281084876142944,-1.2684144319294204,0.7456556418786694,-0.24437003106653624
W2O,-2.580555,-1.038736,3.2383209126116936,-1.2684144319294204,0.7456556418786694,-0.24437003106653624
W2O,-1.86317,2.30264,3.0647984054414086,-1.2684144319294204,0.7456556418786694,-0.24437003106653624
W2O,-2.704149,2.562528,2.4380214856984064,-1.2740319141162102,0.7456556418786694,-0.24437003106653624
W2O,-6.493013,4.742457,3.980095063546721,-1.3483308698221494,0.7456556418786694,-0.24437003106653624
W2O,-5.681647,4.908418,3.0962527437401404,-1.319002933557614,0.7456556418786694,-0.24437003106653624
W2O,-3.978318,3.628397,3.4698791052612514,-1.319002933557614,0.7456556418786694,-0.24437003106653624
W2O,-6.003578,4.547202,3.0068788753549476,-1.3619168495552152,0.7456556418786694,-0.24437003106653624
W2O,-5.895985,1.705879,3.172963224826014,-1.3246204157444035,0.7456556418786694,-0.24437003106653624
W2O,-5.68132,5.008859,3.1364950261094613,-1.2740319141162102,0.7456556418786694,-0.24437003106653624
W2O,-6.718318,2.199113,2.3069851226272737,-1.27506238014304,0.7456556418786694,-0.24437003106653624
W2O,-2.731458,1.135315,3.100127021067769,-1.2813864420020236,0.7456556418786694,-0.24437003106653624
W2O,-3.899247,2.46303,3.192534016328351,-1.375235388643766,0.7456556418786694,-0.24437003106653624
W2O,-2.377734,0.824989,2.739397649286477,-1.2684144319294204,0.7456556418786694,-0.24437003106653624
W2O,-2.704622,-1.422362,2.4967530866562324,-1.2715262087680463,0.7456556418786694,-0.24437003106653624
W2O,-2.555866,-0.415055,2.525490249908442,-1.2740319141162102,0.7456556418786694,-0.24437003106653624
W2O,-0.740739,1.691886,2.4552435560371335,-1.2740319141162102,0.7456556418786694,-0.24437003106653624
W2O,-2.251668,-0.555132,2.42005575350423,-1.2740319141162102,0.7456556418786694,-0.24437003106653624
W2O,0.349821,3.739554,2.423841777720943,-1.27506238014304,0.7456556418786694,-0.24437003106653624
W2O,1.197262,4.729468,2.465361178813033,-1.287003924188813,0.7456556418786694,-0.24437003106653624
W2O,1.099395,1.77704,2.443211709557654,-1.27506238014304,0.7456556418786694,-0.24437003106653624
W2O,-3.203126,-0.534533,2.462564966111244,-1.2740319141162102,0.7456556418786694,-0.24437003106653624
W2O,-0.365917,3.646294,2.80813253757651,-1.2715262087680463,0.7456556418786694,-0.24437003106653624
W2O,-2.548616,2.174171,2.558390164746164,-1.2771436909548357,0.7456556418786694,-0.24437003106653624
W2O,-3.847709,-2.027117,2.962075042001781,-1.2684144319294204,0.7456556418786694,-0.24437003106653624
W2O,-2.447137,-6.928817,3.231572697436447,-1.2715262087680463,0.7456556418786694,-0.24437003106653624
W2O,-3.602738,-1.315497,2.4346098621400114,-1.2742902053436291,0.7456556418786694,-0.24437003106653624
W2O,-3.595678,-2.990233,3.240152693955155,-1.2684144319294204,0.7456556418786694,-0.24437003106653624
W2O,-3.896499,-3.642867,3.0728968865085475,-1.3246204157444035,0.7456556418786694,-0.24437003106653624
W2O,-3.622999,-1.861295,3.2176525892113323,-1.2684144319294204,0.7456556418786694,-0.24437003106653624
W2O,-1.818524,-1.740626,3.1882100649536564,-1.2813864420020236,0.7456556418786694,-0.24437003106653624
W2O,-2.778475,-4.141748,3.1915679400014443,-1.2684144319294204,0.7456556418786694,-0.24437003106653624
W2O,-3.232525,-0.957026,2.832921636022986,-1.2740319141162102,0.7456556418786694,-0.24437003106653624
W2O,-4.065967,-8.991105,3.4591883471937512,-1.319002933557614,0.7456556418786694,-0.24437003106653624
W2O,-1.540349,-8.397967,3.686223880803029,-1.3446231823684258,0.7456556418786694,-0.24437003106653624
W2O,-4.304975,-7.325509,2.7258092038789936,-1.271178428505003,0.7456556418786694,-0.24437003106653624
W2O,-3.87714,-5.385276,2.3524953239398183,-1.27506238014304,0.7456556418786694,-0.24437003106653624
W2O,-2.677256,-7.473847,2.8735980644098245,-1.271178428505003,0.7456556418786694,-0.24437003106653624
W2O,-4.868725,-5.786561,2.8021934277688247,-1.2715262087680463,0.7456556418786694,-0.24437003106653624
W2O,-5.339342,-6.585814,2.901349740352034,-1.287003924188813,0.7456556418786694,-0.24437003106653624
W2O,-4.097218,-9.067465,2.962255055263185,-1.2923505622726836,0.7456556418786694,-0.24437003106653624
W2O,-5.090644,-6.376707,2.8467496708302202,-1.2684144319294204,0.7456556418786694,-0.24437003106653624
W2O,-1.590154,2.655474,2.6865967089437293,-1.3793166075348575,0.7456556418786694,-0.24437003106653624
W2O,-1.016726,-5.056739,2.4626037072237965,-1.2919794559039455,0.7456556418786694,-0.24437003106653624
W2O,-2.648897,0.126021,2.9634989549457584,-1.271178428505003,0.7456556418786694,-0.24437003106653624
W2O,-1.351361,1.838219,2.383087481843969,-1.2821192226699683,0.7456556418786694,-0.24437003106653624
W2O,-1.816976,-1.997445,2.8435754212034006,-1.2740319141162102,0.7456556418786694,-0.24437003106653624
W2O,0.094684,2.470401,2.4193666761124164,-1.2781741569816656,0.7456556418786694,-0.24437003106653624
W2O,-1.050742,0.783043,2.3917758275089342,-1.263112645757646,0.7456556418786694,-0.24437003106653624
W2O,-2.429755,-1.415662,2.639841763869583,-1.2715262087680463,0.7456556418786694,-0.24437003106653624
W2O,-0.534484,0.586262,2.418849529159243,-1.2742902053436291,0.7456556418786694,-0.24437003106653624
W2O,-1.433063,-0.545854,2.4213387243168114,-1.2771436909548357,0.7456556418786694,-0.24437003106653624
W2O,-1.473847,-1.168621,2.5830396507643894,-1.2742902053436291,0.7456556418786694,-0.24437003106653624
W2O,-0.674091,2.20156,2.755785759196384,-1.2715262087680463,0.7456556418786694,-0.24437003106653624
W2O,-1.172912,0.432796,2.8955801963468093,-1.2715262087680463,0.7456556418786694,-0.24437003106653624
W2O,-0.735792,0.832113,2.755785759196384,-1.2715262087680463,0.7456556418786694,-0.24437003106653624
W2O,0.385091,0.478177,2.7489465901511565,-1.2742902053436291,0.7456556418786694,-0.24437003106653624
W2O,-0.770319,-0.248661,2.5603311761051,-1.2742902053436291,0.7456556418786694,-0.24437003106653624
W2O,-1.586156,-0.872018,2.8608312271354492,-1.2715262087680463,0.7456556418786694,-0.24437003106653624
W2O,-1.992963,-1.116787,2.777976178387725,-1.2715262087680463,0.7456556418786694,-0.24437003106653624
W2O,-0.944069,-1.790335,2.777976178387725,-1.2715262087680463,0.7456556418786694,-0.24437003106653624
W2O,-1.23275,-3.838937,2.493781873835067,-1.2715262087680463,0.7456556418786694,-0.24437003106653624
W2O,-1.006809,-1.284468,2.988837206920066,-1.2715262087680463,0.7456556418786694,-0.24437003106653624
W2O,-1.727413,-2.504837,2.81555382941676,-1.2740319141162102,0.7456556418786694,-0.24437003106653624
W2O,-0.77749,0.477292,2.9664101512320475,-1.2684144319294204,0.7456556418786694,-0.24437003106653624
W2O,-1.933352,1.25738,3.0647984054414086,-1.2684144319294204,0.7456556418786694,-0.24437003106653624
W2O,-3.105814,-4.882173,2.93741191907323,-1.2684144319294204,0.7456556418786694,-0.24437003106653624
W2O,-1.330502,-5.842583,3.1399352788697987,-1.2684144319294204,0.7456556418786694,-0.24437003106653624
W2O,-1.595566,-8.327855,3.1133845926934414,-1.2813864420020236,0.7456556418786694,-0.24437003106653624
W2O,-1.209487,-9.867866,3.1850388899933737,-1.2684144319294204,0.7456556418786694,-0.24437003106653624
W2O,-1.815655,-4.151831,3.661935731427484,-1.3446231823684258,0.7456556418786694,-0.24437003106653624
W2O,-3.370279,-4.989924,4.12005619284212,-1.319002933557614,0.7456556418786694,-0.24437003106653624
W2O,-0.448696,-5.100191,3.465772888837526,-1.3446231823684258,0.7456556418786694,-0.24437003106653624
W2O,-3.103702,-5.697136,3.0263278614578684,-1.2813864420020236,0.7456556418786694,-0.24437003106653624
W2O,-1.946329,-4.367648,3.447762641569952,-1.3446231823684258,0.7456556418786694,-0.24437003106653624
W2O,-1.947176,-3.530432,3.2686884268441236,-1.3246204157444035,0.7456556418786694,-0.24437003106653624
W2O,-3.291797,-0.484843,2.9589076048529894,-1.2867330800858943,0.7456556418786694,-0.24437003106653624
W2O,-3.918758,-7.726979,2.7854059334511025,-1.3075899118856937,0.7456556418786694,-0.24437003106653624
W2O,-0.561386,2.574669,3.4511810282509465,-1.3446231823684258,0.7456556418786694,-0.24437003106653624
W2O,-0.519249,-1.323346,2.961098929806684,-1.3799770886065188,0.7456556418786694,-0.24437003106653624
W2O,1.778417,3.591371,2.7972822058357067,-1.2740319141162102,0.7456556418786694,-0.24437003106653624
W2O,-2.891123,-1.389436,2.490291326479045,-1.4348771907707532,0.7456556418786694,-0.24437003106653624
W2O,-0.944531,7.574805,2.79894270620821,-1.5109145949631118,0.7456556418786694,-0.24437003106653624
W2O,-2.827288,-5.947255,2.6725260676080875,-1.444026939246387,0.7456556418786694,-0.24437003106653624
W2O,-4.587017,-1.304195,2.484231160403463,-1.3105893705472138,0.7456556418786694,-0.24437003106653624
W2O,-3.348527,-2.524307,2.9082579387924405,-1.287003924188813,0.7456556418786694,-0.24437003106653624
W2O,-2.066623,0.427788,3.185311305827254,-1.4923519616218675,0.7456556418786694,-0.24437003106653624
W2O,-2.289052,-1.780852,3.412801874324697,-1.3483308698221494,0.7456556418786694,-0.24437003106653624
W2O,-4.439546,-5.810958,2.8746730874450526,-1.4365727010730667,0.7456556418786694,-0.24437003106653624
W2O,-4.492526,-8.163177,3.485123378953199,-1.3246204157444035,0.7456556418786694,-0.24437003106653624
W2O,-3.858741,-7.239252,2.93741191907323,-1.2684144319294204,0.7456556418786694,-0.24437003106653624
W2O,-4.518505,-3.696807,2.44873456870404,-1.2715262087680463,0.7456556418786694,-0.24437003106653624
W2O,-4.167504,-3.013539,2.8394714282920224,-1.2715262087680463,0.7456556418786694,-0.24437003106653624
W2O,-2.689883,-2.204556,2.9664101512320475,-1.2684144319294204,0.7456556418786694,-0.24437003106653624
W2O,-1.858765,-3.111293,2.4291913200077966,-1.2715262087680463,0.7456556418786694,-0.24437003106653624
W2O,-2.859703,-2.540932,2.455071967526306,-1.260113187096126,0.7456556418786694,-0.24437003106653624
W2O,-2.819902,-7.52155,2.988965194351959,-1.2684144319294204,0.7456556418786694,-0.24437003106653624
S1C,5.003594,-0.006707,1.9554720282517204,0.565244424175818,0.518236827536232,-0.29720098490338154
S1C,3.837992,-0.912003,1.914590247723501,0.23688286224389865,0.518236827536232,-0.29720098490338154
S1C,6.482641,3.113274,2.0732450478387587,0.3720190940464636,0.518236827536232,-0.29720098490338154
S1C,6.319351,-9.032803,1.89080500361469,0.27938214894016833,0.518236827536232,-0.29720098490338154
S1C,8.94853,-6.04471,1.8234378923130328,0.31855323098540833,0.518236827536232,-0.29720098490338154
S1C,4.529427,-2.111865,1.7219700381332481,0.5733180474782921,0.518236827536232,-0.29720098490338154
S1C,7.901813,2.787612,1.8703954855438893,0.5425978663616301,0.518236827536232,-0.29720098490338154
S1C,4.41415,-1.960254,1.7523960318312004,0.494819084759431,0.518236827536232,-0.29720098490338154
S1C,4.78653,-2.517042,2.093063022584728,0.5951352937072697,0.518236827536232,-0.29720098490338154
S1C,5.31906,-2.335023,1.9424120858131284,0.38204865618937767,0.518236827536232,-0.29720098490338154
S1C,-1.714185,-5.130362,1.8721873239244815,0.35153293436104427,0.518236827536232,-0.29720098490338154
S1C,8.924982,-0.261523,2.087386732825665,0.2724640498581059,0.518236827536232,-0.29720098490338154
S1C,1.840098,-0.442061,2.274657886824024,0.5681300272212786,0.518236827536232,-0.29720098490338154
S1C,8.123522,1.469158,1.9137939909378945,0.502167309177525,0.518236827536232,-0.29720098490338154
S1C,1.918325,-1.250131,2.0904893616144546,0.4871266948363001,0.518236827536232,-0.29720098490338154
S1C,10.297668,1.73711,1.2902673354890262,0.1703085227766292,0.518236827536232,-0.29720098490338154
S1C,9.698817,-4.580203,2.3206162484340407,0.4032071864882343,0.518236827536232,-0.29720098490338154
S1C,5.510482,1.438052,1.9081837551885947,0.5813165300818076,0.518236827536232,-0.29720098490338154
S1C,8.04651,-0.658416,1.8831075122300456,0.45111956085048366,0.518236827536232,-0.29720098490338154
S1C,5.269222,-3.504208,1.8681307511373995,0.5121506376953234,0.518236827536232,-0.29720098490338154
S1C,3.127264,-0.626328,2.188260679288834,0.5843894301844684,0.518236827536232,-0.29720098490338154
S1C,7.209945,-0.789789,1.823997671888014,0.5083812089902906,0.518236827536232,-0.29720098490338154
S1C,8.742803,-3.298436,1.7222957720136882,0.47440270286487085,0.518236827536232,-0.29720098490338154
S1C,5.794664,-1.826096,1.8172011934898553,0.5125811520893166,0.518236827536232,-0.29720098490338154
S1C,4.019661,0.685055,1.9081837551885947,0.5813165300818076,0.518236827536232,-0.29720098490338154
S1C,5.209407,3.162814,1.7311264500756727,0.20641283882458622,0.518236827536232,-0.29720098490338154
S1C,7.84255,2.500748,1.793614535183546,0.32541463914022434,0.518236827536232,-0.29720098490338154
S1C,7.304261,0.499667,1.8069209975669238,0.13446093864743805,0.518236827536232,-0.29720098490338154
S1C,9.279417,3.156332,1.9859160547980836,0.2995293792525481,0.518236827536232,-0.29720098490338154
S1C,6.670613,0.624726,1.7077600187420297,0.19637781050321382,0.518236827536232,-0.29720098490338154
S1C,11.916832,5.050095,1.8857280922044932,0.48941230518205486,0.518236827536232,-0.29720098490338154
S1C,9.958709,-2.741999,2.054383915699686,0.6168448860985222,0.518236827536232,-0.29720098490338154
S1C,6.788454,1.377083,2.2657046202077016,0.5058391907494413,0.518236827536232,-0.29720098490338154
S1C,11.592138,2.445378,1.8123068944138212,0.2936761931476212,0.518236827536232,-0.29720098490338154
S1C,13.910729,5.272409,1.7925993101653868,0.27150630035144196,0.518236827536232,-0.29720098490338154
S1C,5.943092,2.139158,1.9502495519524499,0.30904659223307357,0.518236827536232,-0.29720098490338154
S1C,3.69175,2.411331,2.442115214507245,0.24522063645740175,0.518236827536232,-0.29720098490338154
S1C,6.180069,-3.678399,1.9713251653212627,0.25470730775634737,0.518236827536232,-0.29720098490338154
S1C,6.673009,1.048743,1.9400735167984635,0.25656245001694716,0.518236827536232,-0.29720098490338154
S1C,8.783725,0.192925,1.9088259052649543,0.4341735756821054,0.518236827536232,-0.29720098490338154
S1C,10.261599,-2.145191,2.04800936417956,0.59437587855648,0.518236827536232,-0.29720098490338154
S1C,8.477135,-2.758832,2.076824023508878,0.6321791913042114,0.518236827536232,-0.29720098490338154
S1C,6.811769,-2.597864,1.9404972682864703,0.3635797128038329,0.518236827536232,-0.29720098490338154
S1C,5.65414,0.358403,2.0039134642018968,0.5811135384525178,0.518236827536232,-0.29720098490338154
S1C,11.915079,0.440334,2.1548092794455447,0.5772187064154808,0.518236827536232,-0.29720098490338154
S1C,9.694551,5.264822,1.8824071225215466,0.5053939069614175,0.518236827536232,-0.29720098490338154
S1C,6.298965,2.911565,2.2082380430499016,0.7668669207536075,0.518236827536232,-0.29720098490338154
S1C,7.520134,1.748776,2.2063842053394036,0.7609650878889959,0.518236827536232,-0.29720098490338154
S1C,6.915426,3.245114,2.410096998426496,0.8562699984957232,0.518236827536232,-0.29720098490338154
S1C,9.31524,-2.504766,1.699983269388199,0.22168744814883107,0.518236827536232,-0.29720098490338154
S1C,8.833173,-0.457256,2.1727446198156666,0.6681009888879664,0.518236827536232,-0.29720098490338154
S1C,7.499251,-1.196784,1.8496863752220911,0.7133212756109436,0.518236827536232,-0.29720098490338154
S1C,8.778349,2.291663,1.8063864057378958,0.4894396054885608,0.518236827536232,-0.29720098490338154
S1C,9.317039,4.013674,2.2636729644476845,0.7978157101317465,0.518236827536232,-0.29720098490338154
S1C,5.875269,0.937502,1.5954614551419126,0.22002759359659513,0.518236827536232,-0.29720098490338154
S1C,5.693377,-1.99897,1.7936218418511016,0.5539864997965208,0.518236827536232,-0.29720098490338154
S1C,9.418718,6.005913,1.6733162242818636,0.4848840900317623,0.518236827536232,-0.29720098490338154
S1C,6.282184,2.041886,2.2800314627581217,0.7548794449960551,0.518236827536232,-0.29720098490338154
S1C,8.281458,11.517103,1.98334797231469,0.5671985447370158,0.518236827536232,-0.29720098490338154
S1C,6.391645,0.260967,1.7936218418511016,0.5539864997965208,0.518236827536232,-0.29720098490338154
S1C,9.013637,3.026229,1.3594626527449436,0.5404792596028221,0.518236827536232,-0.29720098490338154
S1C,11.939802,0.115244,1.8496863752220911,0.7133212756109436,0.518236827536232,-0.29720098490338154
S1C,10.38451,1.654075,2.1457047830194345,0.6596267720771465,0.518236827536232,-0.29720098490338154
S1C,9.225052,5.436426,2.0039134642018968,0.5811135384525178,0.518236827536232,-0.29720098490338154
S1C,10.458037,4.864548,2.4905447632252127,0.6598255223131407,0.518236827536232,-0.29720098490338154
S1C,6.85899,-3.192109,1.8969013721857524,0.4565451781023783,0.518236827536232,-0.29720098490338154
S1C,11.809669,3.43767,1.7220536719388413,0.33140790105751616,0.518236827536232,-0.29720098490338154
S1C,7.587214,3.318816,1.7311264500756727,0.18962107976930778,0.518236827536232,-0.29720098490338154
S1C,7.795782,3.675386,1.7033124171441731,0.34034127380254897,0.518236827536232,-0.29720098490338154
S1C,4.142112,3.903928,1.793951017992387,0.19467620786352163,0.518236827536232,-0.29720098490338154
S1C,2.609999,-4.258231,1.823997671888014,0.5083812089902906,0.518236827536232,-0.29720098490338154
S1C,4.441211,-1.671572,1.7733394493672905,0.26544355620651144,0.518236827536232,-0.29720098490338154
S1C,3.964514,-0.673583,1.7598165510489536,0.530167118362829,0.518236827536232,-0.29720098490338154
S1C,5.890832,-5.559594,1.9436347806500638,0.5779076067176151,0.518236827536232,-0.29720098490338154
S1C,5.453486,4.05315,1.9792205218816783,0.5768502203010989,0.518236827536232,-0.29720098490338154
S1C,5.134419,-3.507762,1.911716732935499,0.38148379464804705,0.518236827536232,-0.29720098490338154
S1C,4.512366,-4.131203,1.8786417487415308,0.5873776186897579,0.518236827536232,-0.29720098490338154
S1C,7.498487,3.368471,1.3782338241451961,0.057332165703688355,0.518236827536232,-0.29720098490338154
S1C,4.542928,3.278564,2.2937705189411033,0.56474164716074,0.518236827536232,-0.29720098490338154
S1C,6.880073,5.289734,1.7664906145055392,0.2579964599162146,0.518236827536232,-0.29720098490338154
S1C,6.941284,4.371005,2.2548144921596074,0.5373318087751928,0.518236827536232,-0.29720098490338154
S1C,4.542486,0.599736,2.009981544958177,0.6685174670380818,0.518236827536232,-0.29720098490338154
S1C,7.369225,2.795349,2.0794680192855357,0.5742410311728845,0.518236827536232,-0.29720098490338154
S1C,5.456126,1.61971,2.174385743140701,0.6758284106188048,0.518236827536232,-0.29720098490338154
S1C,11.043953,4.943096,1.8231396325255662,0.3299061069059569,0.518236827536232,-0.29720098490338154
S1C,3.829518,3.039782,1.834220546301072,0.32347198321708165,0.518236827536232,-0.29720098490338154
S1C,5.480053,0.803542,1.7385792094267571,0.36298104307972395,0.518236827536232,-0.29720098490338154
S1C,3.818046,2.359555,1.9923040348859997,0.6186339611734752,0.518236827536232,-0.29720098490338154
S1C,7.875886,3.949912,2.0120323542581375,0.5792262780173713,0.518236827536232,-0.29720098490338154
S1C,6.919964,-2.3026,1.912315384341892,0.4327690653203323,0.518236827536232,-0.29720098490338154
S1C,4.244585,6.387245,2.2658789938211084,0.7345870853472095,0.518236827536232,-0.29720098490338154
S1C,5.77347,0.373991,1.8783525000455015,0.4602724865071619,0.518236827536232,-0.29720098490338154
S1C,4.810638,5.350727,2.7927625277435952,0.7927008416117837,0.518236827536232,-0.29720098490338154
S1C,3.230991,1.879242,1.8956722111698874,0.5678927758171446,0.518236827536232,-0.29720098490338154
S1C,4.442694,-1.359123,1.993849395814223,0.6162858345090754,0.518236827536232,-0.29720098490338154
S1C,3.194626,1.044153,2.0747285456465243,0.0922398043319597,0.518236827536232,-0.29720098490338154
S1C,-0.206566,1.54865,2.095890467228956,0.24596105235153934,0.518236827536232,-0.29720098490338154
S1C,4.5499,2.161982,2.052909533844958,0.1987160929563868,0.518236827536232,-0.29720098490338154
S1C,5.546036,-6.421922,1.750964757515917,0.3435386382044835,0.518236827536232,-0.29720098490338154
S1C,6.24956,-4.831995,2.1128590419255757,0.6209952429688652,0.518236827536232,-0.29720098490338154
S1C,8.126454,-2.962277,1.9446381581156496,0.6449573456929573,0.518236827536232,-0.29720098490338154
S1C,4.748298,3.769257,1.9281952250655994,0.6644421885655704,0.518236827536232,-0.29720098490338154
S1C,1.681786,6.197034,2.2302868237878086,0.6388551645568503,0.518236827536232,-0.29720098490338154
S1C,7.152122,-3.722101,1.8956722111698874,0.5678927758171446,0.518236827536232,-0.29720098490338154
S1C,5.549824,0.799604,1.8561624704604582,0.40703406340845283,0.518236827536232,-0.29720098490338154
S1C,5.810438,-4.885343,2.2432454078520645,0.2146070426398782,0.518236827536232,-0.29720098490338154
S1C,5.39508,-7.284029,2.0022995992152848,0.3642019699422908,0.518236827536232,-0.29720098490338154
S1C,4.530971,-13.340809,1.608768788925981,0.11461183988794962,0.518236827536232,-0.29720098490338154
S1C,7.908118,-2.347212,1.943029261555581,0.022726439796213724,0.518236827536232,-0.29720098490338154
S1C,6.282647,-10.827795,2.197136045628785,0.28015296452261956,0.518236827536232,-0.29720098490338154
S1C,7.547839,-1.099069,1.8715619756257789,0.3617995248856357,0.518236827536232,-0.29720098490338154
S1C,6.229733,-1.939947,1.7252490546110664,0.582572294939422,0.518236827536232,-0.29720098490338154
S1C,7.753437,-0.31818,1.8049867241933726,0.322280159627845,0.518236827536232,-0.29720098490338154
S1C,7.234815,-7.789695,0.4204317285818808,0.08945934397085636,0.518236827536232,-0.29720098490338154
S1C,6.735244,0.911287,1.9424120858131284,0.38204865618937767,0.518236827536232,-0.29720098490338154
S1C,6.13108,-3.497043,1.5893688718580703,0.4249730328304334,0.518236827536232,-0.29720098490338154
S1C,2.799403,-7.293792,2.4481313246491743,0.18660154101050433,0.518236827536232,-0.29720098490338154
S1C,3.937023,-5.739527,1.8813917961152185,-0.21230843073078817,0.518236827536232,-0.29720098490338154
S1C,8.88665,4.305852,2.0338239448197415,0.2745489887223673,0.518236827536232,-0.29720098490338154
S1C,3.369373,-4.635948,2.061889843553143,0.41537887546653246,0.518236827536232,-0.29720098490338154
S1C,2.039823,-1.100722,1.9190454439076379,0.2523845345663335,0.518236827536232,-0.29720098490338154
S1C,2.289443,-0.779955,1.758423082339932,0.32405379533187023,0.518236827536232,-0.29720098490338154
S1C,4.686366,0.859501,1.90695528409067,0.24152145977564288,0.518236827536232,-0.29720098490338154
S1C,5.03975,-2.609467,1.9326490697736687,0.3451834785445286,0.518236827536232,-0.29720098490338154
S1C,7.460416,0.881519,1.395993116404867,0.40049657061973515,0.518236827536232,-0.29720098490338154
S1C,4.433379,0.192905,1.755243639396679,0.36487274006698284,0.518236827536232,-0.29720098490338154
S1C,3.964043,1.893677,1.7033124171441731,0.34034127380254897,0.518236827536232,-0.29720098490338154
S1C,7.911601,-2.380894,1.090107470822761,0.44879016011893874,0.518236827536232,-0.29720098490338154
S1C,6.289351,-3.840833,1.7217418037399255,0.13068522619886866,0.518236827536232,-0.29720098490338154
S1C,7.952063,1.579292,1.754851222272665,0.2417286111966238,0.518236827536232,-0.29720098490338154
S1C,7.967044,-3.020251,1.7435484377538648,0.21871730138075288,0.518236827536232,-0.29720098490338154
S1C,5.810596,-2.306957,1.7630878293966123,0.1029850997934516,0.518236827536232,-0.29720098490338154
S1C,5.009391,-5.532168,1.6872932819053603,0.1666405492962738,0.518236827536232,-0.29720098490338154
S1C,11.032417,5.501842,1.8979097552074629,0.26994110660537046,0.518236827536232,-0.29720098490338154
S1C,3.210384,1.132559,2.050039930194218,0.29125851474343445,0.518236827536232,-0.29720098490338154
S1C,10.229335,-0.904401,1.691185445337875,0.4337675661404682,0.518236827536232,-0.29720098490338154
S1C,7.583514,0.963866,2.0280870697010465,0.23815410477590707,0.518236827536232,-0.29720098490338154
S1C,7.658014,3.046934,1.9252897211240252,0.44446405488933655,0.518236827536232,-0.29720098490338154
S1C,8.811696,1.642391,1.8035718260914957,0.4708291027574658,0.518236827536232,-0.29720098490338154
S1C,3.097586,-2.67844,1.5433014399721838,0.21329503405964556,0.518236827536232,-0.29720098490338154
S1C,12.248106,3.669646,1.8790719255676727,0.22255066762712283,0.518236827536232,-0.29720098490338154
S1C,7.158391,-1.512401,0.0686739132114893,0.4724327146454065,0.518236827536232,-0.29720098490338154
S1C,8.737857,4.626783,2.062564268681753,0.3219394277006148,0.518236827536232,-0.29720098490338154
S1C,7.795281,1.186313,1.906068734046969,0.4552120877738225,0.518236827536232,-0.29720098490338154
S1C,7.124184,-0.115235,2.0571919174672284,0.4900532011461695,0.518236827536232,-0.29720098490338154
S1C,6.657836,-1.986434,2.0716284164367575,0.033829724946400526,0.518236827536232,-0.29720098490338154
S1C,6.338324,-0.874535,1.7686648359229915,0.3563076144138482,0.518236827536232,-0.29720098490338154
S1C,1.941903,-0.927768,2.0898054689135117,0.41849795671005785,0.518236827536232,-0.29720098490338154
S1C,5.958708,-3.498476,2.3124753583303783,0.7536345442224249,0.518236827536232,-0.29720098490338154
S1C,8.552407,-7.339454,2.038948876035619,0.044911090050519444,0.518236827536232,-0.29720098490338154
S1C,4.469198,-3.369759,1.9020034857489119,0.4612703216204865,0.518236827536232,-0.29720098490338154
S1C,10.17973,-3.881825,2.038038733102945,-0.014698589379017652,0.518236827536232,-0.29720098490338154
S1C,7.185869,-4.650442,2.0237674775858556,0.6144744700120297,0.518236827536232,-0.29720098490338154
S1C,7.109244,-3.909433,1.8956722111698874,0.5678927758171446,0.518236827536232,-0.29720098490338154
S1C,5.106759,1.248763,2.278122429563964,0.5004096226556741,0.518236827536232,-0.29720098490338154
S1C,6.383571,-6.368737,2.434696391774087,0.47993535994897146,0.518236827536232,-0.29720098490338154
S1C,6.170301,-2.706763,1.3331128532030496,0.284794353857995,0.518236827536232,-0.29720098490338154
S1C,5.618455,0.393903,1.9573868457783787,0.5826787049936124,0.518236827536232,-0.29720098490338154
S1C,2.793325,-2.91799,2.2287773759654743,0.24886306457349008,0.518236827536232,-0.29720098490338154
S1C,4.589295,2.382996,1.966562007621658,0.10746979822397248,0.518236827536232,-0.29720098490338154
S1C,8.678408,-5.393236,1.7891546937472596,0.3456806227869576,0.518236827536232,-0.29720098490338154
S1C,5.95027,-5.841996,1.8155062736091145,0.3903238574756353,0.518236827536232,-0.29720098490338154
S1C,13.600715,0.066144,2.0093610354961493,0.46708752243914026,0.518236827536232,-0.29720098490338154
S1C,8.691993,-4.389433,1.8852086506592132,0.03196306779384582,0.518236827536232,-0.29720098490338154
S1C,3.762342,-1.2984,2.0467337521378255,0.0612126806317703,0.518236827536232,-0.29720098490338154
S1C,0.056168,-3.812721,2.3465680616261464,0.1926242058792517,0.518236827536232,-0.29720098490338154
S1C,4.012526,0.272467,2.0345052071273946,0.2622782665309162,0.518236827536232,-0.29720098490338154
S1C,2.125494,-5.592636,2.0778881622402903,0.2492156744255557,0.518236827536232,-0.29720098490338154
S1C,1.497692,0.168845,2.1075664967765593,0.27950901741587375,0.518236827536232,-0.29720098490338154
S1C,1.02006,4.202919,2.3520112489903817,0.26871624435407604,0.518236827536232,-0.29720098490338154
S1C,0.692657,-1.884153,2.1147282968687455,0.29335149132978683,0.518236827536232,-0.29720098490338154
S1C,6.398221,-1.625762,2.0794680192855357,0.5742410311728845,0.518236827536232,-0.29720098490338154
S1C,7.170192,2.226164,2.0633791951403038,0.646901644722612,0.518236827536232,-0.29720098490338154
S1C,12.801322,-0.837496,2.1154526315590667,0.37140552485227113,0.518236827536232,-0.29720098490338154
S1C,4.658554,1.988421,1.891020478611606,0.270170903209032,0.518236827536232,-0.29720098490338154
S1C,4.883654,-3.181075,0.39956825911532245,0.43412549645225984,0.518236827536232,-0.29720098490338154
S1C,4.942266,1.291533,1.949340971901282,0.5338088498359493,0.518236827536232,-0.29720098490338154
S1C,4.785216,-2.34954,2.1424245347477417,0.4710040842040979,0.518236827536232,-0.29720098490338154
S1C,3.449044,1.163736,1.809635777542981,0.45980945275464385,0.518236827536232,-0.29720098490338154
S1C,2.493227,-2.320635,1.504209390574999,0.48967903075726144,0.518236827536232,-0.29720098490338154
S1C,6.549092,4.672188,1.5644612862884621,0.43403694355462175,0.518236827536232,-0.29720098490338154
S1C,8.476889,1.147842,1.5617942495919892,0.5572187062718189,0.518236827536232,-0.29720098490338154
S1C,7.65872,-1.328565,1.9020034857489119,0.4612703216204865,0.518236827536232,-0.29720098490338154
S1C,5.239335,1.308252,2.2037224541142137,0.7464231364689996,0.518236827536232,-0.29720098490338154
S1C,1.39972,-0.517662,1.7232574398085228,0.30684570822742907,0.518236827536232,-0.29720098490338154
S1C,3.282505,-0.356043,2.235691554841567,0.6624245411769082,0.518236827536232,-0.29720098490338154
S3C,-1.708824,-4.8773,2.7084724360769643,1.256545921335405,0.626463637642167,-0.1521088790509967
S3C,-0.424388,2.238468,2.710380843077334,1.6222784398137606,0.626463637642167,-0.1521088790509967
S3C,-0.205456,-10.766322,2.84295873478129,1.153340994332302,0.626463637642167,-0.1521088790509967
S3C,-1.907455,-11.831107,2.6830102313795163,1.2476114409188996,0.626463637642167,-0.1521088790509967
S3C,-0.957412,-10.545296,2.579959688359113,1.5721126110437922,0.626463637642167,-0.1521088790509967
S3C,0.617473,-0.476857,2.7237844822871735,1.5829303579420817,0.626463637642167,-0.1521088790509967
S3C,4.270398,-2.04476,2.8255145367245826,1.2605851168034177,0.626463637642167,-0.1521088790509967
S3C,0.537718,0.208519,2.5296253050673,1.5502885151231665,0.626463637642167,-0.1521088790509967
S3C,0.104565,-5.749807,2.8438136744967326,1.7093426981657627,0.626463637642167,-0.1521088790509967
S3C,3.227246,-4.408019,2.58345370528169,1.6502324227493042,0.626463637642167,-0.1521088790509967
S3C,0.996057,4.323712,2.709132576620356,1.417929700041037,0.626463637642167,-0.1521088790509967
S3C,1.525556,1.782406,2.800628631918342,1.6663836178161346,0.626463637642167,-0.1521088790509967
S3C,1.934984,2.741546,2.653102011827668,1.4276810699094917,0.626463637642167,-0.1521088790509967
S3C,1.340779,-1.968722,2.5694098260256157,1.4763801198693367,0.626463637642167,-0.1521088790509967
S3C,-0.556404,-3.72569,2.7282412105443723,1.4274297101579319,0.626463637642167,-0.1521088790509967
S3C,-5.02157,-12.258109,3.0025141373377178,0.20122326442310234,0.626463637642167,-0.1521088790509967
S3C,-3.824025,-5.918768,3.204325706838604,-0.4137396147146997,0.626463637642167,-0.1521088790509967
S3C,-1.422868,-5.819874,2.592698775581853,1.507177198879832,0.626463637642167,-0.1521088790509967
S3C,0.300447,-9.433122,2.8361297531486294,1.3376352519388208,0.626463637642167,-0.1521088790509967
S3C,-8.003186,-12.435867,2.769457965033369,-0.23622846198946207,0.626463637642167,-0.1521088790509967
S3C,-0.464371,-5.338196,2.523732880177114,1.334850428661399,0.626463637642167,-0.1521088790509967
S3C,-0.632328,-4.212529,2.746842033973868,0.7712858189384163,0.626463637642167,-0.1521088790509967
S3C,2.217956,-9.128347,2.667055917066897,0.92645113034533,0.626463637642167,-0.1521088790509967
S3C,-1.478546,-2.323062,2.7580797433365642,1.0221207221981943,0.626463637642167,-0.1521088790509967
S3C,9.065255,-10.563998,3.7726184769858664,-0.44640780606572966,0.626463637642167,-0.1521088790509967
S3C,4.859659,-2.859347,2.7146992964718084,-0.1863634167688919,0.626463637642167,-0.1521088790509967
S3C,-0.781834,-5.621651,2.5042463661562446,0.7093555459313476,0.626463637642167,-0.1521088790509967
S3C,3.458279,-4.3206,2.5644395378323632,0.5494726396492668,0.626463637642167,-0.1521088790509967
S3C,2.235711,-9.386072,2.6331933641128056,0.8163861568965425,0.626463637642167,-0.1521088790509967
S3C,7.387221,-7.388614,2.4581363140958357,1.1542523460405132,0.626463637642167,-0.1521088790509967
S3C,-6.546455,-8.276558,2.607255210109223,0.27725924203292074,0.626463637642167,-0.1521088790509967
S3C,-3.538046,-11.058212,2.7769890989917982,1.2614163659442734,0.626463637642167,-0.1521088790509967
S3C,2.945582,-6.155701,2.5984108585841836,1.4746876942461973,0.626463637642167,-0.1521088790509967
S3C,0.644852,-8.481474,2.428438146855306,1.5022413896259723,0.626463637642167,-0.1521088790509967
S3C,0.580804,-9.616372,2.6702146057927028,0.8663679019689329,0.626463637642167,-0.1521088790509967
S3C,-0.243047,-4.468897,2.5676497238181883,1.509697369069173,0.626463637642167,-0.1521088790509967
S3C,-3.675218,-2.232582,2.7152884268823168,0.2522034141096887,0.626463637642167,-0.1521088790509967
S3C,-1.642261,-4.747114,2.705722755580168,0.3888246933981626,0.626463637642167,-0.1521088790509967
S3C,-2.386309,-10.77719,2.478928383091339,1.3474695615236836,0.626463637642167,-0.1521088790509967
S3C,0.157835,-7.572201,2.6837608227950676,1.4177007664885684,0.626463637642167,-0.1521088790509967
S3C,1.306835,-7.625882,2.7663282634206494,1.509024057470036,0.626463637642167,-0.1521088790509967
S3C,-1.777218,-4.181404,3.1892595297106214,0.2832123046936638,0.626463637642167,-0.1521088790509967
S3C,-0.612288,-4.715944,2.8340163333921593,0.36731078759222285,0.626463637642167,-0.1521088790509967
S3C,4.295241,-4.847795,2.738130921591141,1.5856095649240423,0.626463637642167,-0.1521088790509967
S3C,1.502452,-2.156436,2.7492712436354383,1.55374974057815,0.626463637642167,-0.1521088790509967
S3C,3.388251,-9.663192,2.8548991483418273,1.553473307316284,0.626463637642167,-0.1521088790509967
S3C,0.418322,-6.772084,2.7663282634206494,1.4994471837336536,0.626463637642167,-0.1521088790509967
S3C,6.335147,-4.282044,2.7877896209681423,1.4182864371958497,0.626463637642167,-0.1521088790509967
S3C,-2.259614,-2.904049,2.7960866578641017,1.2476045625473853,0.626463637642167,-0.1521088790509967
S3C,2.76342,-7.094181,2.6748374710322325,1.5469433829230346,0.626463637642167,-0.1521088790509967
S3C,5.358033,-2.708883,2.841831710618723,1.2302343759930503,0.626463637642167,-0.1521088790509967
S3C,2.580062,-9.293887,2.6272978226708847,1.4271407057738208,0.626463637642167,-0.1521088790509967
S3C,5.696515,-6.154685,2.5181748333088807,1.2120824949727391,0.626463637642167,-0.1521088790509967
S3C,1.467292,-3.828735,2.87097371141132,1.2126470022799816,0.626463637642167,-0.1521088790509967
S3C,-1.731946,-4.619272,3.5032973263728278,-0.617594806722009,0.626463637642167,-0.1521088790509967
S3C,3.718019,-2.102881,2.5320269141792036,1.0638392126085525,0.626463637642167,-0.1521088790509967
S3C,0.807678,2.034995,2.857536189049487,0.4419856198631191,0.626463637642167,-0.1521088790509967
S3C,10.395903,-7.971405,2.628649583477396,1.210228417999877,0.626463637642167,-0.1521088790509967
S3C,3.926641,7.317139,2.6577907051573018,0.05457149528094243,0.626463637642167,-0.1521088790509967
S3C,3.524989,2.584843,3.201900308379651,0.12027468798512861,0.626463637642167,-0.1521088790509967
S3C,-2.69104,-0.055745,2.6545305539880166,0.785620811017239,0.626463637642167,-0.1521088790509967
S3C,1.202089,3.586562,2.3731984707479423,1.4923069192057563,0.626463637642167,-0.1521088790509967
S3C,2.73947,1.06651,2.439735905131773,1.2878451705474936,0.626463637642167,-0.1521088790509967
S3C,0.813889,4.43445,2.316563069175256,1.4238519720811245,0.626463637642167,-0.1521088790509967
S3C,4.411859,-1.159792,2.5644395378323632,0.5279460625431334,0.626463637642167,-0.1521088790509967
S3C,2.609436,-2.096128,3.215466978773424,0.14439485529041896,0.626463637642167,-0.1521088790509967
S3C,4.239504,0.937207,2.7444439977213393,0.21342686557903648,0.626463637642167,-0.1521088790509967
S3C,1.157227,1.646926,2.543772783417794,1.4639771336482768,0.626463637642167,-0.1521088790509967
S3C,0.782141,6.065877,2.576403245387041,0.18228110538594955,0.626463637642167,-0.1521088790509967
S3C,-0.267898,-0.616644,2.431525590948921,0.9033106885354797,0.626463637642167,-0.1521088790509967
S3C,-1.078294,6.963362,2.67536315316997,0.6201433188272728,0.626463637642167,-0.1521088790509967
S3C,2.226599,-0.199325,2.659612703519759,1.2609428805893466,0.626463637642167,-0.1521088790509967
S3C,-3.774729,-0.94335,2.88154761143896,0.025430640758797526,0.626463637642167,-0.1521088790509967
S3C,-0.676813,-1.185147,2.8669548388911705,1.1012633896341368,0.626463637642167,-0.1521088790509967
S3C,9.758283,-1.718248,3.1956086491163886,-0.4290498308320151,0.626463637642167,-0.1521088790509967
S3C,-1.269679,1.091849,2.744949295369471,0.7936740479025209,0.626463637642167,-0.1521088790509967
S3C,-3.982419,0.050617,2.5618589073950035,1.6530318287980652,0.626463637642167,-0.1521088790509967
S3C,-0.061334,-5.160027,2.84295873478129,1.1644615883732208,0.626463637642167,-0.1521088790509967
S3C,-0.733272,-1.327066,2.8228587658776916,1.5620980857704423,0.626463637642167,-0.1521088790509967
S3C,-3.299977,-3.023928,2.9178424763098056,1.8306067111149067,0.626463637642167,-0.1521088790509967
S3C,-2.881486,0.289859,2.803957838469167,1.8200981783976302,0.626463637642167,-0.1521088790509967
S3C,-2.936393,-1.827801,2.782883453691731,0.3429133465463831,0.626463637642167,-0.1521088790509967
S3C,-0.90534,-0.178843,2.703072937724428,1.3778217443351368,0.626463637642167,-0.1521088790509967
S3C,0.957897,-3.029817,2.703072937724428,1.3778217443351368,0.626463637642167,-0.1521088790509967
S3C,-0.389273,0.95287,2.7282412105443723,1.4274297101579319,0.626463637642167,-0.1521088790509967
S3C,3.45537,-5.135254,2.796821476820415,1.4134288336636633,0.626463637642167,-0.1521088790509967
S3C,4.424712,-3.984475,2.831096615900649,1.692738238777276,0.626463637642167,-0.1521088790509967
S3C,0.757057,-1.723704,2.7877896209681423,1.4182864371958497,0.626463637642167,-0.1521088790509967
S3C,-0.283484,-0.225099,2.6668613201911695,1.4071221998517032,0.626463637642167,-0.1521088790509967
S3C,-2.857883,-4.633865,2.8125545442594597,1.7864849298984269,0.626463637642167,-0.1521088790509967
S3C,-0.010937,-2.740742,2.89281978343476,1.741602175137305,0.626463637642167,-0.1521088790509967
S3C,1.183283,-4.091754,2.9041317908089646,1.7184174477579115,0.626463637642167,-0.1521088790509967
S3C,4.531595,-8.767795,2.8396237700712064,1.3497682717485742,0.626463637642167,-0.1521088790509967
S3C,-1.115023,-12.288817,2.593467806773417,1.440916858404501,0.626463637642167,-0.1521088790509967
S3C,-4.78955,-5.094111,2.676123242630671,1.59155513639624,0.626463637642167,-0.1521088790509967
S3C,3.418319,-4.742497,2.769529652800003,1.3520774599278174,0.626463637642167,-0.1521088790509967
S3C,5.497372,1.000161,2.8275811512505262,1.359691640714623,0.626463637642167,-0.1521088790509967
S3C,3.61692,-2.845022,2.5749468538625435,0.9319712269723633,0.626463637642167,-0.1521088790509967
S3C,2.220267,-1.170052,2.6688151373702595,1.6080767145258252,0.626463637642167,-0.1521088790509967
S3C,1.327985,-0.383012,2.593467806773417,1.440916858404501,0.626463637642167,-0.1521088790509967
S3C,3.24259,-0.89289,2.9139800373629736,1.7599542483868478,0.626463637642167,-0.1521088790509967
S3C,4.568857,-3.624268,2.8086776297877276,1.7113058628517555,0.626463637642167,-0.1521088790509967
S3C,2.260115,-1.417862,2.596403596844102,1.6674873309900746,0.626463637642167,-0.1521088790509967
S3C,4.298964,-8.788152,2.6575157050193305,1.3878449305650638,0.626463637642167,-0.1521088790509967
S3C,9.395442,-6.430411,2.8915946225587246,0.8612519369653637,0.626463637642167,-0.1521088790509967
S3C,7.269787,-5.27239,2.6948643748983176,1.3513528642960175,0.626463637642167,-0.1521088790509967
S3C,-3.501454,-10.982144,2.7469098205719233,1.2743289273652507,0.626463637642167,-0.1521088790509967
S3C,-4.597262,-18.666652,2.7631457870054046,0.13563142432182831,0.626463637642167,-0.1521088790509967
S3C,2.31531,-14.74827,2.9694790051983775,0.19333550931615331,0.626463637642167,-0.1521088790509967
S3C,0.729149,-3.362926,2.7284461391183483,0.155973015456552,0.626463637642167,-0.1521088790509967
S3C,0.753891,-8.934103,2.8614881698443906,0.44786860688190655,0.626463637642167,-0.1521088790509967
S3C,-4.764189,-7.506509,2.6892854303349103,0.9464837906972555,0.626463637642167,-0.1521088790509967
S3C,2.05797,-2.042682,2.873789312630585,0.3975901828672705,0.626463637642167,-0.1521088790509967
S3C,3.165914,1.087091,2.758914436375956,1.275027324792414,0.626463637642167,-0.1521088790509967
S3C,-0.980548,-7.139615,2.824477239635908,1.1363543268892342,0.626463637642167,-0.1521088790509967
S3C,0.325123,-12.716109,2.812962732111606,0.8752428722576086,0.626463637642167,-0.1521088790509967
S3C,-0.499095,-2.233232,2.6919411363443015,1.2789933552259725,0.626463637642167,-0.1521088790509967
S3C,2.936167,-7.371815,2.8361297531486294,1.3376352519388208,0.626463637642167,-0.1521088790509967
S3C,-2.563147,-3.322233,2.70238946870261,1.5268003563614958,0.626463637642167,-0.1521088790509967
S3C,-6.16203,1.111217,2.8504961129084916,1.1045031158955576,0.626463637642167,-0.1521088790509967
S3C,-1.073509,-2.491025,2.4353097956873286,1.3288193188908646,0.626463637642167,-0.1521088790509967
S3C,-0.340779,-4.865209,2.8669548388911705,1.0901427955932181,0.626463637642167,-0.1521088790509967
S3C,-1.578315,-6.380358,2.6051494662637436,1.2384348367666764,0.626463637642167,-0.1521088790509967
S3C,-1.906409,-3.895066,2.9027816729702276,0.11172730625408295,0.626463637642167,-0.1521088790509967
S3C,0.370568,-0.273171,2.703324719327639,0.23088422341083173,0.626463637642167,-0.1521088790509967
S3C,-6.891941,-0.566523,2.4233407343050364,1.1031850166560773,0.626463637642167,-0.1521088790509967
S3C,-7.024535,-3.583911,2.462869538838434,0.547022603362302,0.626463637642167,-0.1521088790509967
S3C,-7.020051,0.311334,2.462869538838434,0.0856359918638266,0.626463637642167,-0.1521088790509967
S3C,-0.317639,-9.320108,2.485148949300586,0.20517211635626464,0.626463637642167,-0.1521088790509967
S3C,-7.948068,-7.929576,2.739222611344681,-0.1810488569888749,0.626463637642167,-0.1521088790509967
S3C,-10.694759,-2.22712,3.0918641921972196,0.3911752126497438,0.626463637642167,-0.1521088790509967
S3C,-3.225228,-18.297605,2.8340163333921593,0.4417593017983405,0.626463637642167,-0.1521088790509967
S3C,-4.53742,-0.721718,2.6090737236757975,0.7696902224319803,0.626463637642167,-0.1521088790509967
S3C,-2.13913,-8.782,2.8635881200758493,1.179458371403175,0.626463637642167,-0.1521088790509967
S3C,0.334144,0.130712,2.79135545875166,1.0277070493386415,0.626463637642167,-0.1521088790509967
S3C,2.229197,-7.689098,2.5808219519669704,1.2216712185251002,0.626463637642167,-0.1521088790509967
S3C,-0.316673,-8.349078,2.753738802204584,1.0576013078031337,0.626463637642167,-0.1521088790509967
S3C,-1.560636,-14.652313,2.7282412105443723,1.4274297101579319,0.626463637642167,-0.1521088790509967
S3C,0.803532,-2.998782,2.7314425999237253,1.257492554030322,0.626463637642167,-0.1521088790509967
S3C,1.924998,-13.17474,2.7960866578641017,1.2476045625473853,0.626463637642167,-0.1521088790509967
S3C,-1.768079,-5.164165,2.751761066201699,1.4215693040320492,0.626463637642167,-0.1521088790509967
S3C,0.263992,-1.684716,2.8630028580962668,1.051445620034857,0.626463637642167,-0.1521088790509967
S3C,0.439107,4.756971,2.698895451780033,1.5112812012924832,0.626463637642167,-0.1521088790509967
S3C,4.476131,1.314519,2.5984108585841836,1.4746876942461973,0.626463637642167,-0.1521088790509967
S3C,-0.665269,-3.842327,2.7314425999237253,1.257492554030322,0.626463637642167,-0.1521088790509967
S3C,1.192582,-2.496129,2.7663282634206494,1.4994471837336536,0.626463637642167,-0.1521088790509967
S3C,-1.494818,-1.752888,2.427653217361327,0.9186529419549606,0.626463637642167,-0.1521088790509967
S3C,2.524971,-8.743845,2.7868354344866346,0.7993382394901687,0.626463637642167,-0.1521088790509967
S3C,1.628159,-2.409092,2.7186670237641475,1.5351102476414538,0.626463637642167,-0.1521088790509967
S3C,0.079622,-6.764131,2.84295873478129,1.1188323630711663,0.626463637642167,-0.1521088790509967
S3C,0.748093,-1.310208,2.671870630000823,1.4197182773163484,0.626463637642167,-0.1521088790509967
S3C,-0.911952,-2.299228,2.8990690907617718,1.7795299305591947,0.626463637642167,-0.1521088790509967
S3C,5.637022,-3.584093,2.6579611796158527,1.2295811638884602,0.626463637642167,-0.1521088790509967
S3C,5.08174,-6.555303,2.8534896532618195,1.2704416614886054,0.626463637642167,-0.1521088790509967
S3C,4.308322,-7.382282,2.832343518357243,1.056262314050086,0.626463637642167,-0.1521088790509967
S3C,4.981906,-10.422844,2.853990129831068,1.1109112299516006,0.626463637642167,-0.1521088790509967
S3C,-2.653745,-3.305959,2.807814184734339,1.0018450823987803,0.626463637642167,-0.1521088790509967
S3C,4.471477,-7.257547,2.8755974031910143,0.5003236011662818,0.626463637642167,-0.1521088790509967
S3C,3.25941,-11.564603,2.638768512491025,1.4694665179535467,0.626463637642167,-0.1521088790509967
S3C,2.883429,-10.404872,3.0244073817552564,0.3290752272310757,0.626463637642167,-0.1521088790509967
S3C,-2.329713,-3.860015,2.812962732111606,0.8007943580514908,0.626463637642167,-0.1521088790509967
S3C,-1.652196,-4.25543,2.7314425999237253,1.257492554030322,0.626463637642167,-0.1521088790509967
S3C,-0.086248,-0.068801,2.879447921965004,0.1684726359288954,0.626463637642167,-0.1521088790509967
S3C,7.204661,-10.146459,2.8681514054735335,0.43981823833144584,0.626463637642167,-0.1521088790509967
S3C,3.74629,-5.799061,2.707276700122543,0.2845284043135349,0.626463637642167,-0.1521088790509967
S3C,-1.361435,-19.898479,2.9287208708496926,0.6111416306594809,0.626463637642167,-0.1521088790509967
S3C,3.771267,-15.276913,2.758032847107578,-0.1582838348016186,0.626463637642167,-0.1521088790509967
S3C,6.302058,-12.785535,2.7393353253412127,0.3850490499664824,0.626463637642167,-0.1521088790509967
S3C,1.307205,-0.56043,2.7123339659997088,1.253277002103903,0.626463637642167,-0.1521088790509967
S3C,4.55618,-2.418069,2.458161465014777,1.4262138210174522,0.626463637642167,-0.1521088790509967
S3C,6.574499,1.676057,2.754494346004267,1.084052004138116,0.626463637642167,-0.1521088790509967
S3C,-2.435181,11.727928,2.692858567781133,-0.26095649868820053,0.626463637642167,-0.1521088790509967
S3C,0.37934,4.079469,2.7096747363750717,0.3199374339346572,0.626463637642167,-0.1521088790509967
S3C,2.18557,-4.360393,2.8659127221500045,0.3695598143444163,0.626463637642167,-0.1521088790509967
S3C,4.698451,-5.238893,2.7773111125580368,-0.042374516055081225,0.626463637642167,-0.1521088790509967
S3C,4.17158,-1.983374,2.606965595931639,0.27856380629716937,0.626463637642167,-0.1521088790509967
S3C,1.00748,3.09526,2.822866799008779,-0.053552853568986446,0.626463637642167,-0.1521088790509967
S3C,-1.171056,-5.555038,2.976432815280251,-0.38884846517912397,0.626463637642167,-0.1521088790509967
S3C,-2.389422,-4.727273,2.5553232577041753,0.9597458771096357,0.626463637642167,-0.1521088790509967
S3C,1.772535,-2.807906,2.838784835524955,1.0609916741427263,0.626463637642167,-0.1521088790509967
S3C,-1.006158,0.228675,2.4918115985436917,1.192341412164851,0.626463637642167,-0.1521088790509967
S3C,3.983949,-6.73891,2.5020846248496853,1.595313876359493,0.626463637642167,-0.1521088790509967
S3C,4.517034,-7.594975,2.7730236697225794,1.340558329543188,0.626463637642167,-0.1521088790509967
S3C,3.604091,-7.364862,2.6877314857925354,1.0128330607823073,0.626463637642167,-0.1521088790509967
S3C,2.220795,-4.976285,2.756420696103325,1.0701892355802476,0.626463637642167,-0.1521088790509967
S3C,5.560408,-2.843085,2.722838795836826,1.0148806925698075,0.626463637642167,-0.1521088790509967
S3C,2.302413,-0.382194,2.8504961129084916,1.1390117471566932,0.626463637642167,-0.1521088790509967
S3C,4.589406,-2.687829,2.653102011827668,1.4276810699094917,0.626463637642167,-0.1521088790509967
S3C,3.79944,-6.192727,2.7915680731764536,1.6192565578006126,0.626463637642167,-0.1521088790509967
S3C,4.941208,-12.574791,3.029550419287821,0.36164509616763535,0.626463637642167,-0.1521088790509967
S3C,0.454002,-6.807583,2.672210645751684,1.4642193654800286,0.626463637642167,-0.1521088790509967
S3C,3.373289,-8.211302,2.693887133037248,1.432148418466705,0.626463637642167,-0.1521088790509967
S3C,3.848418,-5.324864,2.8020458606172696,1.5456828979412924,0.626463637642167,-0.1521088790509967
S3C,1.350277,-7.237668,2.819101130015782,1.537058119487134,0.626463637642167,-0.1521088790509967
S3C,4.485509,-3.574916,2.7960866578641017,1.2476045625473853,0.626463637642167,-0.1521088790509967
S3C,7.866684,-1.086884,2.9335108386158892,1.7880866992284181,0.626463637642167,-0.1521088790509967
S3C,5.135387,-1.312244,2.8842411449941157,1.8761566272454573,0.626463637642167,-0.1521088790509967
S3C,5.734345,0.238941,2.64168273501961,1.5980549532011339,0.626463637642167,-0.1521088790509967
S3C,6.699245,-1.646063,2.592909579921525,1.6671505921419618,0.626463637642167,-0.1521088790509967
S3C,8.808002,-1.195818,2.9408801611679745,-0.09877860046577049,0.626463637642167,-0.1521088790509967
S3C,4.224044,-2.19841,2.4882144360482124,1.5460491305893969,0.626463637642167,-0.1521088790509967
S3C,9.243633,0.799898,2.877819838305985,-0.39012323398866633,0.626463637642167,-0.1521088790509967
S3C,6.052042,-1.285843,2.905179709222757,0.20610950822126045,0.626463637642167,-0.1521088790509967
S3C,5.151027,-0.844327,2.5553232577041753,0.9597458771096357,0.626463637642167,-0.1521088790509967
S3C,0.97435,7.18238,2.51988988777448,0.7949890241174346,0.626463637642167,-0.1521088790509967
S3C,6.633646,0.243998,2.812962732111606,0.8007943580514908,0.626463637642167,-0.1521088790509967
S3C,8.00268,-7.166625,2.4748332463931124,0.1798310690989847,0.626463637642167,-0.1521088790509967
S3C,0.104353,3.213199,2.5213762226882337,1.1139023990812045,0.626463637642167,-0.1521088790509967
S3C,1.946878,-2.103384,2.3827700339745364,1.272684894486392,0.626463637642167,-0.1521088790509967
S3C,3.020706,-5.110723,2.4099880562031566,1.1960371906832412,0.626463637642167,-0.1521088790509967
S3C,-2.590537,-5.620036,3.0025141373377178,0.1771008217268041,0.626463637642167,-0.1521088790509967
S3C,-0.057291,-2.894392,2.8228587658776916,1.5620980857704423,0.626463637642167,-0.1521088790509967
S3C,2.624764,-9.932637,2.8721033862684373,0.8551196744982102,0.626463637642167,-0.1521088790509967
S3C,1.10429,-7.971632,2.6220055714547104,1.2232021497771897,0.626463637642167,-0.1521088790509967
S3C,3.076999,-6.497974,2.51988988777448,0.9787440803904423,0.626463637642167,-0.1521088790509967
S3C,3.017508,-4.9766,2.6722044644441643,0.19751045765570893,0.626463637642167,-0.1521088790509967
S3C,3.413119,-3.213025,2.8361297531486294,1.3376352519388208,0.626463637642167,-0.1521088790509967
S3C,5.748214,1.343185,2.610820695044703,1.4797248814360797,0.626463637642167,-0.1521088790509967
S3C,1.905476,1.169385,2.426202280361053,1.5297581905566835,0.626463637642167,-0.1521088790509967
S3C,1.580024,0.17202,2.72679077663173,1.0065832956185157,0.626463637642167,-0.1521088790509967
S3C,6.263039,-1.744226,2.68696221217442,1.2431547272946244,0.626463637642167,-0.1521088790509967
S3C,-0.022727,3.823112,2.419317807503703,1.264730738223169,0.626463637642167,-0.1521088790509967
S3C,-0.780666,0.885662,2.4797534560489103,1.0492929714859123,0.626463637642167,-0.1521088790509967
S3C,-6.166107,-4.112315,2.7868354344866346,0.3454712368924806,0.626463637642167,-0.1521088790509967
S3C,-3.733991,-7.185142,2.9263822317061865,0.5375560931355824,0.626463637642167,-0.1521088790509967
S3C,-3.686224,-4.430852,2.7868354344866346,0.4199197510985983,0.626463637642167,-0.1521088790509967
S3C,-1.256134,-1.911462,2.686506546209704,-0.22827422143657988,0.626463637642167,-0.1521088790509967
S3C,-2.467662,-10.024753,2.453468841531458,0.09498192722403617,0.626463637642167,-0.1521088790509967
S3C,0.662694,-16.273478,2.953550057026565,0.09233934200874551,0.626463637642167,-0.1521088790509967
S3C,-2.075369,-7.747543,2.42888872560031,1.1073286754052791,0.626463637642167,-0.1521088790509967
S3C,0.921879,-3.954221,2.8340163333921593,0.4401387931319065,0.626463637642167,-0.1521088790509967
S3C,-4.128087,-13.882357,2.7836389974914137,0.3126494615529429,0.626463637642167,-0.1521088790509967
S3C,-3.079008,0.03312,2.842280624366208,0.1993512018443317,0.626463637642167,-0.1521088790509967
S3C,-2.017301,-9.771121,2.7558319869306516,-0.2156140561408045,0.626463637642167,-0.1521088790509967
S3C,-3.868013,-10.704734,2.462869538838434,0.6011143722696478,0.626463637642167,-0.1521088790509967
S3C,-3.060073,-7.167364,2.7868354344866346,0.8737867536962862,0.626463637642167,-0.1521088790509967
S3C,-4.477391,-16.351744,3.239817123051316,-0.45673026555050533,0.626463637642167,-0.1521088790509967
S3C,1.261265,-4.140802,2.812962732111606,0.4213758696599207,0.626463637642167,-0.1521088790509967
S3C,-3.134857,-7.252439,2.555595424435521,0.18231372109508404,0.626463637642167,-0.1521088790509967
S3C,2.55859,-7.19424,2.681229845472833,1.0339221776833165,0.626463637642167,-0.1521088790509967
S3C,3.422202,-5.055249,2.8048716819050123,1.0657658287416358,0.626463637642167,-0.1521088790509967
S3C,2.509234,1.470169,2.7558319869306516,-0.05234999979692757,0.626463637642167,-0.1521088790509967
S3C,5.105732,-11.758096,2.702834523801695,0.03866768681812076,0.626463637642167,-0.1521088790509967
S3C,4.474478,0.522119,3.313070422263578,-0.3146156643838752,0.626463637642167,-0.1521088790509967
S3C,5.767537,-8.234804,2.4965935442495093,1.0828374158893588,0.626463637642167,-0.1521088790509967
S3C,4.025052,-6.964468,2.492434162982976,0.5754024874399398,0.626463637642167,-0.1521088790509967
S3C,7.370961,-12.064528,2.7096747363750717,0.3960064568072088,0.626463637642167,-0.1521088790509967
S3C,4.445241,-15.448891,2.765885994632246,0.035570111132762226,0.626463637642167,-0.1521088790509967
S3C,4.691159,-10.328302,3.1506933083815865,0.3827517848109712,0.626463637642167,-0.1521088790509967
S3C,10.385057,-8.640506,3.0766944821555495,-0.16246694686210145,0.626463637642167,-0.1521088790509967
S3C,1.076706,-5.503299,2.820514724287399,1.5624865710686613,0.626463637642167,-0.1521088790509967
S3C,-1.912345,-4.095645,2.739580986263038,1.5777934918788226,0.626463637642167,-0.1521088790509967
S3C,0.81776,-6.180722,2.3471794415538114,1.5755020284807228,0.626463637642167,-0.1521088790509967
S3C,2.618161,0.347833,2.914953203577632,1.1722437382396114,0.626463637642167,-0.1521088790509967
S3C,2.002188,-0.264794,2.6437652876319726,1.32446890323853,0.626463637642167,-0.1521088790509967
S3C,1.442762,-8.269781,2.750861801366827,1.2869985328365932,0.626463637642167,-0.1521088790509967
S3C,-1.595041,-6.390576,2.6424087049565514,0.8649255005975245,0.626463637642167,-0.1521088790509967
S3C,-1.521962,-7.957364,2.638768512491025,1.4694665179535467,0.626463637642167,-0.1521088790509967
S3C,5.022404,0.69211,2.673781133084351,1.481447801527734,0.626463637642167,-0.1521088790509967
S3C,-2.144459,-4.774583,2.906658294568311,1.7180601899937111,0.626463637642167,-0.1521088790509967
S3C,-1.140912,-6.070186,2.7551406237357345,1.3405515852642942,0.626463637642167,-0.1521088790509967
S3C,-2.479746,-2.512122,2.86530949765975,1.345994352547708,0.626463637642167,-0.1521088790509967
S3C,1.959114,-7.037628,2.672210645751684,1.4371810800263867,0.626463637642167,-0.1521088790509967
S3C,0.129889,-0.817683,2.6733881387518834,1.563234606698814,0.626463637642167,-0.1521088790509967
S3C,4.193326,-0.834927,2.809575526315277,0.11512194013916892,0.626463637642167,-0.1521088790509967
S3C,5.352973,-9.952662,2.79135545875166,1.062215680599777,0.626463637642167,-0.1521088790509967
S3C,-0.100091,-6.419133,2.8165422539929703,1.2338487436119459,0.626463637642167,-0.1521088790509967
S3C,1.496391,0.120931,2.9139800373629736,1.7599542483868478,0.626463637642167,-0.1521088790509967
S3C,1.202703,-6.704731,2.5808219519669704,1.2216712185251002,0.626463637642167,-0.1521088790509967
S3C,6.237639,-3.338943,2.814860269457589,1.2624204037954518,0.626463637642167,-0.1521088790509967
S3C,-2.076355,-4.521703,2.698895451780033,1.5383194867461252,0.626463637642167,-0.1521088790509967
S3C,0.97657,-4.225193,2.6919270878352957,1.429221487674342,0.626463637642167,-0.1521088790509967
S3C,2.24012,2.043451,2.4659469623456243,1.5569224767049794,0.626463637642167,-0.1521088790509967
S3C,4.164737,-4.393955,2.703324719327639,0.23088422341083173,0.626463637642167,-0.1521088790509967
S3C,1.995641,-4.67337,2.6027514300112142,1.207317021493175,0.626463637642167,-0.1521088790509967
S3C,2.701868,-3.987703,2.5636977430232846,1.5088696245029714,0.626463637642167,-0.1521088790509967
S3C,-1.543637,-0.042364,2.56367407731426,1.4788352599855037,0.626463637642167,-0.1521088790509967
S3C,3.442519,-3.359788,2.4623673815847282,1.5825107767566655,0.626463637642167,-0.1521088790509967
S3C,4.38481,-4.596127,2.66825866495678,1.4363533354601856,0.626463637642167,-0.1521088790509967
S3C,4.441663,-2.634843,2.5490716928731474,1.5159954623992975,0.626463637642167,-0.1521088790509967
S3C,4.524373,0.452331,2.6688151373702595,1.5810384290721833,0.626463637642167,-0.1521088790509967
S3C,4.169761,-4.304943,3.0880105738689623,-0.4921339323176182,0.626463637642167,-0.1521088790509967
S3C,6.553953,-0.309599,2.91827340264275,0.33657800110432146,0.626463637642167,-0.1521088790509967
S3C,-0.957658,-6.638622,2.51988988777448,0.9787440803904423,0.626463637642167,-0.1521088790509967
S3C,-1.578552,-4.572119,2.9224302509112827,0.41006803362367605,0.626463637642167,-0.1521088790509967
S3C,3.430199,-6.439774,2.625448194098044,1.3632191690987923,0.626463637642167,-0.1521088790509967
S3C,-3.893501,-5.81439,2.763958074230526,1.040802721727947,0.626463637642167,-0.1521088790509967
S3C,0.806946,-14.194346,2.6422759096411688,1.5482059574208034,0.626463637642167,-0.1521088790509967
S3C,0.390537,-10.889252,2.8253940982612,1.1474732912768888,0.626463637642167,-0.1521088790509967
N1O,1.725191,-0.188072,0.6626329971468216,0.4592279130410775,0.672982556262231,-0.2784515761986301
N1O,0.977743,0.010508,0.6652384183009681,0.3915828963206161,0.672982556262231,-0.2784515761986301
N1O,0.524132,-0.778643,0.6611100252753188,0.38113072751786276,0.672982556262231,-0.2784515761986301
N1O,2.025373,1.502729,0.6669133549897329,0.3795444142314447,0.672982556262231,-0.2784515761986301
N1O,0.514459,-1.805004,0.687231623962241,0.4454240307120033,0.672982556262231,-0.2784515761986301
N1O,0.025929,-0.549524,0.7041646540838084,0.3688396890215511,0.672982556262231,-0.2784515761986301
N1O,-0.426906,0.290939,0.7357601421486653,0.5184238969505042,0.672982556262231,-0.2784515761986301
N1O,-0.029576,-0.769623,0.8532833949252641,0.45416653554439723,0.672982556262231,-0.2784515761986301
N1O,2.145102,3.047476,0.7571271253733542,0.391282503148835,0.672982556262231,-0.2784515761986301
N1O,1.174876,0.546289,0.5728868549805449,0.3931219152067904,0.672982556262231,-0.2784515761986301
N1O,0.442345,2.909462,0.6367341806374388,0.35512121022757326,0.672982556262231,-0.2784515761986301
N1O,0.237514,3.568455,0.6166766218602574,0.4182630458904801,0.672982556262231,-0.2784515761986301
N1O,-0.275771,0.204249,0.5962468009662342,0.367615567114732,0.672982556262231,-0.2784515761986301
N1O,1.783706,1.415951,0.6233215245138891,0.40669829759103576,0.672982556262231,-0.2784515761986301
N1O,0.859862,7.908748,0.6054770755731413,1.0617906926631784,0.672982556262231,-0.2784515761986301
N1O,0.844606,8.970006,0.7009559601924221,1.0005745683136098,0.672982556262231,-0.2784515761986301
N1O,1.215352,2.687111,0.7009559601924221,0.38898780438675296,0.672982556262231,-0.2784515761986301
N1O,-0.361523,2.586619,0.8094145125505956,0.3367133315312658,0.672982556262231,-0.2784515761986301
N1O,-0.632347,0.74905,0.700590238035783,0.3871307815864201,0.672982556262231,-0.2784515761986301
N1O,0.298437,0.272203,0.717613457737609,0.3853653813465172,0.672982556262231,-0.2784515761986301
N1O,-0.251168,0.258667,0.7253010735888402,0.42030998759740823,0.672982556262231,-0.2784515761986301
N1O,-1.068182,-1.056854,0.7743476061803095,0.417827448731126,0.672982556262231,-0.2784515761986301
N1O,0.037976,-1.097146,0.6379683207303595,0.37170695319206315,0.672982556262231,-0.2784515761986301
N1O,-1.374111,-2.088768,0.6028917036198658,0.37170695319206315,0.672982556262231,-0.2784515761986301
N1O,-0.79393,-1.820236,0.5947021082058302,0.3686517439321227,0.672982556262231,-0.2784515761986301
N1O,-0.730421,-2.69447,0.6737518712250065,0.2921211407927797,0.672982556262231,-0.2784515761986301
N1O,-1.648998,-4.283293,0.6737518712250065,0.2921211407927797,0.672982556262231,-0.2784515761986301
N1O,-0.097413,-0.732297,0.7120469972114651,0.4131652312954655,0.672982556262231,-0.2784515761986301
N1O,-0.371686,0.220841,0.6806157124534029,0.3853653813465172,0.672982556262231,-0.2784515761986301
N1O,-0.787796,-3.137704,0.6980661864438986,0.4241895599634817,0.672982556262231,-0.2784515761986301
N1O,-0.088052,-2.753157,0.6681533931317379,0.3885123519829168,0.672982556262231,-0.2784515761986301
N1O,-0.623295,-4.319031,0.657608548785571,0.3871307815864201,0.672982556262231,-0.2784515761986301
N1O,-0.297986,-4.560687,0.6681533931317379,0.3885123519829168,0.672982556262231,-0.2784515761986301
N1O,-0.329333,-3.498518,0.699180832356496,0.3915828963206161,0.672982556262231,-0.2784515761986301
N1O,0.608465,-1.665219,0.7137453865965026,0.3915828963206161,0.672982556262231,-0.2784515761986301
N1O,0.915309,-0.331981,0.6531510047238748,0.3826913848678443,0.672982556262231,-0.2784515761986301
N1O,1.636589,-0.707672,0.6531510047238748,0.3826913848678443,0.672982556262231,-0.2784515761986301
N1O,0.41889,-2.067483,0.6863238041293884,0.3813098144713476,0.672982556262231,-0.2784515761986301
N1O,-0.415595,-2.26581,0.6531510047238748,0.3826913848678443,0.672982556262231,-0.2784515761986301
N1O,0.385833,-2.746496,0.7077594988843523,0.40549256697838276,0.672982556262231,-0.2784515761986301
N1O,0.49638,-0.888693,0.7235063009896227,0.41273453262487947,0.672982556262231,-0.2784515761986301
N1O,2.325813,0.726702,0.7173819640866377,0.3972287700507643,0.672982556262231,-0.2784515761986301
N1O,0.178198,-2.422205,0.7761818074970062,0.39114810110925174,0.672982556262231,-0.2784515761986301
N1O,-0.164011,-0.482962,0.6922312851834858,0.4197458419568791,0.672982556262231,-0.2784515761986301
N1O,0.280292,-1.188998,0.779213661407754,0.39370044113879954,0.672982556262231,-0.2784515761986301
N1O,-0.537552,-0.618085,0.779213661407754,0.39370044113879954,0.672982556262231,-0.2784515761986301
N1O,-0.019294,0.45762,0.7077594988843523,0.40549256697838276,0.672982556262231,-0.2784515761986301
N1O,-0.363199,-2.480855,0.7085582301832745,0.39431303126024836,0.672982556262231,-0.2784515761986301
N1O,0.057905,-1.600567,0.7272737788271523,0.417827448731126,0.672982556262231,-0.2784515761986301
N1O,0.376147,-0.636321,0.6689791059735891,0.38251229791435953,0.672982556262231,-0.2784515761986301
N1O,0.648894,-2.091665,0.6611100252753188,0.38113072751786276,0.672982556262231,-0.2784515761986301
N1O,-0.592833,0.02128,0.6683657395998258,0.3929644667171128,0.672982556262231,-0.2784515761986301
N1O,-0.528715,-0.652072,0.6904125109393237,0.41402232726514654,0.672982556262231,-0.2784515761986301
N1O,-0.71546,2.03739,0.7567487611598387,0.4697316164649003,0.672982556262231,-0.2784515761986301
N1O,-0.493364,-0.788018,0.7157025833714845,0.4848553895711076,0.672982556262231,-0.2784515761986301
N1O,-0.349297,0.331194,0.6808984014152414,0.4574625128011746,0.672982556262231,-0.2784515761986301
N1O,-1.004954,0.725494,0.7009559601924221,0.4556577516837793,0.672982556262231,-0.2784515761986301
N1O,-1.147231,0.588442,0.6808984014152414,0.4574625128011746,0.672982556262231,-0.2784515761986301
N1O,-0.530299,-0.58501,0.7554719994988587,0.40832311771596647,0.672982556262231,-0.2784515761986301
N1O,0.26798,-1.121328,0.7240637218621371,0.41335799661179645,0.672982556262231,-0.2784515761986301
N1O,-0.400453,0.758247,0.6513849260054897,0.3932979213291491,0.672982556262231,-0.2784515761986301
N1O,-1.07773,-0.27497,0.6580803995472262,0.39191635093265237,0.672982556262231,-0.2784515761986301
N1O,-1.272443,0.182534,0.7132147677392402,0.37087626410694446,0.672982556262231,-0.2784515761986301
N1O,0.181858,-1.216912,0.8171940491513859,0.3367133315312658,0.672982556262231,-0.2784515761986301
N1O,-0.10946,-0.184675,0.6951375398662774,0.42690819956005605,0.672982556262231,-0.2784515761986301
N1O,-0.957351,1.091147,0.7949174812274513,0.2387688064246744,0.672982556262231,-0.2784515761986301
N1O,1.045965,-0.6854,0.7650327362160768,0.28578506752538085,0.672982556262231,-0.2784515761986301
N1O,1.25535,0.351979,0.7748599224502704,0.3190199778717535,0.672982556262231,-0.2784515761986301
N1O,1.042815,-0.741032,0.7109201145464881,0.40832311771596647,0.672982556262231,-0.2784515761986301
N1O,1.609897,1.10209,1.0860920524091318,0.45044716158584996,0.672982556262231,-0.2784515761986301
N1O,0.853486,-0.473588,0.6885210580898462,0.41871195288209545,0.672982556262231,-0.2784515761986301
N1O,0.974189,0.803215,0.6588931394596548,0.38325991804308496,0.672982556262231,-0.2784515761986301
N1O,0.53354,-0.232235,0.7058680460348751,0.4101821925953317,0.672982556262231,-0.2784515761986301
N1O,0.258857,-1.377539,0.6901212439296044,0.40294022694883497,0.672982556262231,-0.2784515761986301
N1O,-0.307363,0.596709,0.6904125109393237,0.41402232726514654,0.672982556262231,-0.2784515761986301
N1O,-0.251917,1.386076,0.6531510047238748,0.3826913848678443,0.672982556262231,-0.2784515761986301
N1O,0.10086,0.964272,0.7388058145380243,0.4173847205455699,0.672982556262231,-0.2784515761986301
N1O,0.726589,0.136346,0.70926267796284,0.420035816617764,0.672982556262231,-0.2784515761986301
N1O,-0.43237,1.240022,0.7151950986434583,0.3590152245766959,0.672982556262231,-0.2784515761986301
N1O,-0.351081,2.295815,0.7739527142356288,0.37792413028253086,0.672982556262231,-0.2784515761986301
N1O,0.181798,-0.647644,0.9810017802587322,0.3899810671802522,0.672982556262231,-0.2784515761986301
N1O,-0.88779,-0.341532,1.0671457200137424,0.3899810671802522,0.672982556262231,-0.2784515761986301
N1O,-0.667533,2.313728,1.0261524401396815,0.3899810671802522,0.672982556262231,-0.2784515761986301
N1O,-0.346313,-1.041907,1.1187968963250656,0.3874248879528619,0.672982556262231,-0.2784515761986301
N1O,-0.733585,0.386434,1.0929254968520248,0.3899810671802522,0.672982556262231,-0.2784515761986301
N1O,-0.537287,-0.138132,1.159698983853279,0.3899810671802522,0.672982556262231,-0.2784515761986301
N1O,0.635753,-0.137563,1.126637185458681,0.3899810671802522,0.672982556262231,-0.2784515761986301
N1O,0.53293,-0.433118,1.126637185458681,0.3899810671802522,0.672982556262231,-0.2784515761986301
N1O,0.519704,-0.666772,1.1582336005590816,0.3874248879528619,0.672982556262231,-0.2784515761986301
N1O,-0.672836,1.744764,1.1008574086203986,0.3899810671802522,0.672982556262231,-0.2784515761986301
N1O,-0.98228,1.126044,0.9810017802587322,0.3899810671802522,0.672982556262231,-0.2784515761986301
N1O,0.209531,-0.347839,0.9451993906365027,0.4017731930198355,0.672982556262231,-0.2784515761986301
N1O,0.87667,1.076624,0.6421509398405082,0.4447914585809098,0.672982556262231,-0.2784515761986301
N1O,-0.141687,-2.750121,0.9283496713939419,0.41631644265921675,0.672982556262231,-0.2784515761986301
N1O,0.341439,-3.625785,0.9173851684042548,0.40907447701272004,0.672982556262231,-0.2784515761986301
N1O,0.551719,-2.097326,0.6296182780250927,0.38029341249684795,0.672982556262231,-0.2784515761986301
N1O,0.16958,-4.475534,0.6296182780250927,0.38029341249684795,0.672982556262231,-0.2784515761986301
N1O,0.763684,-1.584709,0.722047613330324,0.39114810110925174,0.672982556262231,-0.2784515761986301
N1O,-0.035131,-4.955076,0.6727742559845757,0.41146998723559874,0.672982556262231,-0.2784515761986301
N1O,0.450176,-2.560384,0.7182685276549182,0.41024151094171957,0.672982556262231,-0.2784515761986301
N1O,0.625669,-3.262365,1.015916188150033,0.3899810671802522,0.672982556262231,-0.2784515761986301
N1O,-0.613292,-0.435205,1.0595787946593966,0.3899810671802522,0.672982556262231,-0.2784515761986301
N1O,0.390408,-1.239879,0.6451907819959846,0.37987786884348096,0.672982556262231,-0.2784515761986301
N1O,-1.638981,-3.536003,1.0860920524091318,0.45044716158584996,0.672982556262231,-0.2784515761986301
N1O,0.854758,-3.587871,0.6758776209028216,0.41024151094171957,0.672982556262231,-0.2784515761986301
N1O,0.409873,-0.325693,0.6758776209028216,0.41024151094171957,0.672982556262231,-0.2784515761986301
N1O,-0.006498,-1.217411,1.0268806911397195,0.3972230328267489,0.672982556262231,-0.2784515761986301
N1O,0.025684,-1.219233,0.7109201145464881,0.40832311771596647,0.672982556262231,-0.2784515761986301
N1O,1.383824,-3.271796,0.7357601421486653,0.5184238969505042,0.672982556262231,-0.2784515761986301
N1O,0.550015,-0.891729,0.68428201907159,1.1052204370393857,0.672982556262231,-0.2784515761986301
N1O,-0.275062,-0.543648,0.6817125221632345,0.41468522894832205,0.672982556262231,-0.2784515761986301
N1O,-1.422423,-1.706524,0.6817146313543322,0.38070757801353705,0.672982556262231,-0.2784515761986301
N1O,-1.371672,-1.285239,0.6412548845049066,0.38070757801353705,0.672982556262231,-0.2784515761986301
N1O,0.611859,-0.939878,0.6412548845049066,0.38070757801353705,0.672982556262231,-0.2784515761986301
N1O,-0.306394,-2.618015,0.664224460294409,0.4471894309519062,0.672982556262231,-0.2784515761986301
N1O,-0.834664,-1.49423,0.7048747223705104,0.428216283897255,0.672982556262231,-0.2784515761986301
N1O,-0.183601,-3.205392,0.7574839816651432,0.40549256697838276,0.672982556262231,-0.2784515761986301
N1O,-0.592098,2.030407,0.772668123561545,0.38487612126814263,0.672982556262231,-0.2784515761986301
N1O,-0.776069,-0.649232,0.772668123561545,0.38487612126814263,0.672982556262231,-0.2784515761986301
N1O,-0.118993,-2.539327,0.8377175699066258,0.5124586871740995,0.672982556262231,-0.2784515761986301
N1O,-0.636191,-1.69522,0.8377175699066258,0.5124586871740995,0.672982556262231,-0.2784515761986301
N1O,-0.495738,0.785965,0.7235063009896227,0.41273453262487947,0.672982556262231,-0.2784515761986301
N1O,-1.181787,2.164246,0.6855666097456735,1.103788491411519,0.672982556262231,-0.2784515761986301
N1O,-0.273597,0.527825,0.7005689981535367,0.3670048885271716,0.672982556262231,-0.2784515761986301
N1O,-0.433464,2.646502,0.8200793149518779,0.37345339702723,0.672982556262231,-0.2784515761986301
N1O,0.218494,1.426419,0.7348796505632489,1.01649456759449,0.672982556262231,-0.2784515761986301
N1O,-0.361748,1.727154,0.6838894687249455,0.3784418503207101,0.672982556262231,-0.2784515761986301
N1O,-1.177318,1.672863,0.6453585759319939,0.3947298669570157,0.672982556262231,-0.2784515761986301
N1O,-0.43302,1.418652,0.6779487965245904,0.3907532046266558,0.672982556262231,-0.2784515761986301
N1O,-0.252692,-0.243539,0.7181447035341093,0.4203916599996998,0.672982556262231,-0.2784515761986301
N1O,-0.561041,-2.268739,0.6381028616074869,0.38289612775776566,0.672982556262231,-0.2784515761986301
N1O,-1.130106,-0.249681,0.6993507771179824,0.41723756897786984,0.672982556262231,-0.2784515761986301
N1O,-2.153776,1.437924,0.6805114393763557,0.4491395345236435,0.672982556262231,-0.2784515761986301
N1O,-2.135491,1.570834,0.6785621628983536,0.44939773696069046,0.672982556262231,-0.2784515761986301
N1O,-1.432091,0.213895,0.8169186992897421,0.4939188104268247,0.672982556262231,-0.2784515761986301
N1O,-0.420873,-0.07775,0.8824700271920805,0.47957434455769327,0.672982556262231,-0.2784515761986301
N1O,-1.161517,-1.565025,0.7377944154355942,0.3983900667557484,0.672982556262231,-0.2784515761986301
N1O,-0.986449,-1.228911,0.7567487611598387,0.4697316164649003,0.672982556262231,-0.2784515761986301
N1O,-0.080382,2.32514,0.7688564154749451,1.1424037925138022,0.672982556262231,-0.2784515761986301
N1O,-1.376226,-2.981612,0.7137477110085728,0.3629582459458019,0.672982556262231,-0.2784515761986301
N1O,1.130993,0.816663,0.7151950986434583,0.3590152245766959,0.672982556262231,-0.2784515761986301
N1O,-1.845653,2.603659,0.7151950986434583,1.087176689722627,0.672982556262231,-0.2784515761986301
N1O,-2.214095,1.988279,0.7972156831432762,1.1219455225407744,0.672982556262231,-0.2784515761986301
N1O,-0.426031,0.971774,0.73820226231129,1.0938314546913057,0.672982556262231,-0.2784515761986301
N1O,-0.92434,-0.797107,0.6655090509684926,0.4457574853240395,0.672982556262231,-0.2784515761986301
N1O,-2.431001,-2.508909,0.6655090509684926,0.4457574853240395,0.672982556262231,-0.2784515761986301
N1O,-3.070705,2.159551,0.7056977195918344,0.464206068468093,0.672982556262231,-0.2784515761986301
N1O,-0.503886,0.26181,0.7235063009896227,0.41273453262487947,0.672982556262231,-0.2784515761986301
N1O,-0.44937,3.886389,0.772668123561545,0.38487612126814263,0.672982556262231,-0.2784515761986301
N1O,0.975204,0.155759,0.7262417055951992,0.4264508836573521,0.672982556262231,-0.2784515761986301
N1O,-0.585055,-1.932518,0.7235063009896227,0.41273453262487947,0.672982556262231,-0.2784515761986301
N1O,-0.267484,-0.599887,0.7235063009896227,0.41273453262487947,0.672982556262231,-0.2784515761986301
N1O,-0.796404,0.702527,0.8727697959365831,0.3623662549992698,0.672982556262231,-0.2784515761986301
N1O,-2.065949,0.32791,1.2255443884514885,0.44691883267388505,0.672982556262231,-0.2784515761986301
N1O,-1.362814,-1.508982,1.0354424410880931,0.3972230328267489,0.672982556262231,-0.2784515761986301
N1O,-0.989638,-0.905031,1.0354424410880931,0.3972230328267489,0.672982556262231,-0.2784515761986301
N1O,-0.814814,-1.238627,1.0256944379056574,0.3899810671802522,0.672982556262231,-0.2784515761986301
N1O,0.605965,-1.89948,0.9923238821270911,0.3972230328267489,0.672982556262231,-0.2784515761986301
N1O,-0.010297,-1.094414,0.6805114393763557,0.4491395345236435,0.672982556262231,-0.2784515761986301
N1O,-0.858937,1.308817,0.6805114393763557,0.4491395345236435,0.672982556262231,-0.2784515761986301
N1O,0.88747,-2.629786,0.68428201907159,0.4741574469539363,0.672982556262231,-0.2784515761986301
N1O,1.005065,-1.788128,0.7005689981535367,0.47610755052567366,0.672982556262231,-0.2784515761986301
N1O,-2.157479,-2.334638,0.6993507771179824,0.41723756897786984,0.672982556262231,-0.2784515761986301
N1O,-0.445927,-1.851097,0.8571640557771316,0.48565501349920603,0.672982556262231,-0.2784515761986301
N1O,-1.058555,-2.597761,0.897984923249412,0.4506382066324324,0.672982556262231,-0.2784515761986301
N1O,-1.101398,-0.21782,0.897984923249412,0.4506382066324324,0.672982556262231,-0.2784515761986301
N1O,-1.575283,-0.224481,0.7396858682850717,0.39370044113879954,0.672982556262231,-0.2784515761986301
N1O,-0.159807,-1.454298,0.6815117677890046,0.4470103439984213,0.672982556262231,-0.2784515761986301
N1O,-0.041888,-0.701954,0.7443051716065066,0.4181174233920109,0.672982556262231,-0.2784515761986301
N1O,-1.336277,1.146083,0.7443051716065066,0.4181174233920109,0.672982556262231,-0.2784515761986301
N1O,-1.086737,-4.616496,0.7443051716065066,0.4181174233920109,0.672982556262231,-0.2784515761986301
N1O,-1.501453,-0.250985,0.8377175699066258,0.37600573705677787,0.672982556262231,-0.2784515761986301
N1O,-1.609419,-2.633551,0.7600645844651371,1.1395073032377374,0.672982556262231,-0.2784515761986301
N1O,-1.30089,-2.316154,0.707289182739422,0.3632893847155313,0.672982556262231,-0.2784515761986301
N1O,-0.597247,-3.003384,0.7768242919579992,0.35806434545279137,0.672982556262231,-0.2784515761986301
N1O,-1.919532,-2.883885,0.8094145125505956,0.42884945113621825,0.672982556262231,-0.2784515761986301
N1O,-1.60639,-1.439383,0.6993280656703551,0.2928637179254999,0.672982556262231,-0.2784515761986301
N1O,-1.206861,0.580655,0.6993280656703551,0.2928637179254999,0.672982556262231,-0.2784515761986301
N1O,-0.512824,1.244576,0.68428201907159,0.3650547849554342,0.672982556262231,-0.2784515761986301
N1O,-1.412586,0.748569,0.7949174812274513,0.2926370048473039,0.672982556262231,-0.2784515761986301
N1O,0.492461,0.37284,0.664224460294409,0.4471894309519062,0.672982556262231,-0.2784515761986301
N1O,-0.568249,0.265454,0.70926267796284,0.420035816617764,0.672982556262231,-0.2784515761986301
N1O,-0.303589,-2.283312,0.70926267796284,0.420035816617764,0.672982556262231,-0.2784515761986301
N1O,-0.22602,-1.863545,0.6901212439296044,0.40294022694883497,0.672982556262231,-0.2784515761986301
N1O,0.067618,-0.953718,0.7615754064530061,0.39114810110925174,0.672982556262231,-0.2784515761986301
N1O,0.37915,-2.199178,0.722047613330324,0.39114810110925174,0.672982556262231,-0.2784515761986301
N1O,-0.685338,-2.373323,1.0244851632867646,0.3899810671802522,0.672982556262231,-0.2784515761986301
N1O,-0.837548,-1.069909,1.0244851632867646,0.3899810671802522,0.672982556262231,-0.2784515761986301
N1O,-0.542061,0.252809,0.9830338811786796,0.3899810671802522,0.672982556262231,-0.2784515761986301
N1O,0.274928,-1.188694,0.7704304389226381,0.39114810110925174,0.672982556262231,-0.2784515761986301
N1O,0.410138,0.15426,0.7704304389226381,0.39114810110925174,0.672982556262231,-0.2784515761986301
N1O,-0.815279,0.178979,0.8803466682946642,0.4480858666028846,0.672982556262231,-0.2784515761986301
N1O,-0.344543,0.130008,0.7370447328227491,0.38609591240312613,0.672982556262231,-0.2784515761986301
N1O,-0.621075,-1.428187,0.9919662832484188,0.3972230328267489,0.672982556262231,-0.2784515761986301
N1O,0.085088,-2.070911,0.7377944154355942,0.3983900667557484,0.672982556262231,-0.2784515761986301
N1O,-0.069362,-3.468586,0.7154905112371602,0.40191839566771315,0.672982556262231,-0.2784515761986301
N1O,-0.353546,-1.264738,0.810619394687126,0.46243033247201565,0.672982556262231,-0.2784515761986301
N1O,0.051202,-0.863492,0.7574839816651432,0.40549256697838276,0.672982556262231,-0.2784515761986301
N1O,-0.013021,-2.18814,0.7359067826096658,0.41279385097126736,0.672982556262231,-0.2784515761986301
N1O,0.34246,-1.326461,0.797136490374205,0.42169083464910206,0.672982556262231,-0.2784515761986301
N1O,-0.576702,-0.359142,0.7365446647798161,0.42238251743178845,0.672982556262231,-0.2784515761986301
N1O,0.51017,-3.021424,0.7151950986434583,0.3580081237271932,0.672982556262231,-0.2784515761986301
N1O,-2.353087,-2.368213,0.699284407479453,1.025849104060827,0.672982556262231,-0.2784515761986301
N1O,-0.757459,-0.605637,0.6771975513868281,0.45389504028956246,0.672982556262231,-0.2784515761986301
N1O,-0.150154,-0.238181,0.7056120417186938,0.3704924342635383,0.672982556262231,-0.2784515761986301
N1O,-1.150036,0.253739,0.7181447035341093,0.4203916599996998,0.672982556262231,-0.2784515761986301
N1O,-0.44994,3.305995,0.6936901522313919,0.42610008160870866,0.672982556262231,-0.2784515761986301
N1O,-0.333671,1.747889,0.6639175878209052,0.45779596741321094,0.672982556262231,-0.2784515761986301
N1O,-0.37341,1.616194,0.6422312546331359,0.393348296560519,0.672982556262231,-0.2784515761986301
N1O,-0.541696,-0.216017,0.7615754064530061,0.39114810110925174,0.672982556262231,-0.2784515761986301
N1O,0.21187,1.40447,0.897984923249412,0.4506382066324324,0.672982556262231,-0.2784515761986301
N1O,0.548742,2.222554,0.6993507771179824,0.41723756897786984,0.672982556262231,-0.2784515761986301
N1O,-1.129556,0.520469,0.8532833949252641,0.45416653554439723,0.672982556262231,-0.2784515761986301
N1O,-0.661519,2.134795,0.897984923249412,0.4506382066324324,0.672982556262231,-0.2784515761986301
N1O,-1.065298,-1.481175,0.7157025833714845,0.4848553895711076,0.672982556262231,-0.2784515761986301
N1O,-0.337105,1.40206,0.702234012370104,0.45124499782707583,0.672982556262231,-0.2784515761986301
N1O,-0.945994,1.101666,0.7430205809324227,0.42506941437762275,0.672982556262231,-0.2784515761986301
N1O,-0.741078,2.630429,0.810619394687126,0.46243033247201565,0.672982556262231,-0.2784515761986301
N1O,-0.181606,-1.174013,0.7123473820748267,0.39114810110925174,0.672982556262231,-0.2784515761986301
N1O,0.223467,-0.862082,0.722047613330324,0.39114810110925174,0.672982556262231,-0.2784515761986301
N1O,-1.078359,-0.286097,0.6727742559845757,0.41146998723559874,0.672982556262231,-0.2784515761986301
N1O,-0.69911,-0.430347,0.665965720057964,0.4074432633018253,0.672982556262231,-0.2784515761986301
N1O,-0.311307,-0.898782,0.6517997288510737,0.3820891484100339,0.672982556262231,-0.2784515761986301
N1O,-1.198962,-2.511679,0.6817146313543322,0.38070757801353705,0.672982556262231,-0.2784515761986301
N1O,-1.621406,-2.655196,0.8818234584230066,0.3795405440845376,0.672982556262231,-0.2784515761986301
N1O,-1.705779,-1.389109,0.88758600365359,0.38092211448103436,0.672982556262231,-0.2784515761986301
N1O,-1.393046,-2.043048,0.6745570830244221,0.3814481881791058,0.672982556262231,-0.2784515761986301
N1O,-1.100708,-0.775962,0.6296182780250927,0.38029341249684795,0.672982556262231,-0.2784515761986301
N1O,-0.084007,-2.206446,0.6798467535724371,0.3652091526139856,0.672982556262231,-0.2784515761986301
N1O,-0.347108,-2.481766,0.6855666097456735,1.103788491411519,0.672982556262231,-0.2784515761986301
N1O,-0.3604,-5.092932,0.7757598293046337,1.0263388257197248,0.672982556262231,-0.2784515761986301
N1O,-0.486641,-1.714848,0.6839751465980861,0.3893212589987892,0.672982556262231,-0.2784515761986301
N1O,-0.866725,-2.630944,0.7194064778680013,0.5089195659353446,0.672982556262231,-0.2784515761986301
N1O,-0.893258,-2.339229,0.6597891947952561,0.44734379861045764,0.672982556262231,-0.2784515761986301
N1O,-0.987263,-2.479014,0.6597891947952561,0.44734379861045764,0.672982556262231,-0.2784515761986301
N1O,-0.119968,-2.271382,0.6591758284214928,0.45779596741321094,0.672982556262231,-0.2784515761986301
N1O,-0.450216,-3.067517,0.6501003353314061,0.3947298669570157,0.672982556262231,-0.2784515761986301
N1O,-0.011092,-2.534273,0.6798467535724371,0.3652091526139856,0.672982556262231,-0.2784515761986301
N1O,0.050871,-3.720957,0.6972551101640091,0.4712167148443595,0.672982556262231,-0.2784515761986301
N1O,-0.508671,-5.240807,0.6993280656703551,0.9314338755421028,0.672982556262231,-0.2784515761986301
N1O,0.20082,-7.535703,0.7949174812274513,0.9586105981791032,0.672982556262231,-0.2784515761986301
N1O,0.159025,-9.12951,0.7949174812274513,0.8825534942693196,0.672982556262231,-0.2784515761986301
N1O,0.329247,-4.696651,0.7056977195918344,1.0970344587934449,0.672982556262231,-0.2784515761986301
N1O,-1.262766,-7.821201,0.7202622738318408,0.38898780438675296,0.672982556262231,-0.2784515761986301
N1O,0.509275,-3.512503,0.7002047150546601,0.45212964004965955,0.672982556262231,-0.2784515761986301
N1O,0.349508,-2.342607,0.6779487965245904,0.3907532046266558,0.672982556262231,-0.2784515761986301
N1O,1.517224,-2.721246,0.6779487965245904,0.3907532046266558,0.672982556262231,-0.2784515761986301
N1O,1.596093,-2.658738,0.6466431666060773,0.3932979213291491,0.672982556262231,-0.2784515761986301
N1O,-0.439853,-2.599298,0.9561638936261894,0.4090151586663322,0.672982556262231,-0.2784515761986301
N1O,0.667829,-2.137385,1.1008574086203986,0.3899810671802522,0.672982556262231,-0.2784515761986301
N1O,1.328749,-1.58321,1.0681593051007214,0.3972230328267489,0.672982556262231,-0.2784515761986301
N1O,2.483928,-2.753645,1.0571948021110344,0.3899810671802522,0.672982556262231,-0.2784515761986301
N1O,3.076884,-3.970388,1.1008574086203986,0.3899810671802522,0.672982556262231,-0.2784515761986301
N1O,2.892642,-1.046664,1.1742697385729532,0.44691883267388505,0.672982556262231,-0.2784515761986301
N1O,-0.957402,-4.422901,1.0359004433221168,0.3972230328267489,0.672982556262231,-0.2784515761986301
N1O,1.392277,-2.6472,1.0359004433221168,0.3972230328267489,0.672982556262231,-0.2784515761986301
N1O,1.888737,-1.29121,0.8137800103492615,0.4652608832095994,0.672982556262231,-0.2784515761986301
N1O,1.234055,-1.164854,1.00036241790097,0.4017731930198355,0.672982556262231,-0.2784515761986301
N1O,-1.218592,-4.854597,0.8137800103492615,0.4652608832095994,0.672982556262231,-0.2784515761986301
N1O,1.458536,0.329315,0.7412916163620398,0.4709600927587795,0.672982556262231,-0.2784515761986301
N1O,0.487297,-1.524415,1.16570798862458,0.44691883267388505,0.672982556262231,-0.2784515761986301
N1O,0.328644,-1.950754,0.7058680460348751,0.4101821925953317,0.672982556262231,-0.2784515761986301
N1O,1.043386,-0.160638,1.0595787946593966,0.3899810671802522,0.672982556262231,-0.2784515761986301
N1O,0.419645,-0.248112,1.1678313475219968,0.36119922107027025,0.672982556262231,-0.2784515761986301
N1O,0.014161,-2.658485,1.0256944379056574,0.3899810671802522,0.672982556262231,-0.2784515761986301
N1O,0.989564,-1.396579,1.0354424410880931,0.3972230328267489,0.672982556262231,-0.2784515761986301
N1O,1.19346,-2.16714,1.0256944379056574,0.3899810671802522,0.672982556262231,-0.2784515761986301
N1O,0.767522,-2.087218,0.7398457267103952,0.40294022694883497,0.672982556262231,-0.2784515761986301
N1O,-0.547365,-0.316155,0.9919662832484188,0.3972230328267489,0.672982556262231,-0.2784515761986301
N1O,0.752711,-2.25381,1.0253946177461677,0.3899810671802522,0.672982556262231,-0.2784515761986301
N1O,1.188295,-4.064395,0.723653361407292,0.4684077527292318,0.672982556262231,-0.2784515761986301
N1O,1.2716,-1.166979,0.6472565329798408,0.3828457525263958,0.672982556262231,-0.2784515761986301
N1O,0.033276,-4.412008,0.6453585759319939,0.3947298669570157,0.672982556262231,-0.2784515761986301
N1O,1.08404,0.27238,0.6544355953979584,0.38125943923997774,0.672982556262231,-0.2784515761986301
N1O,1.412154,0.365427,0.6805114393763557,0.4491395345236435,0.672982556262231,-0.2784515761986301
N1O,0.715597,-0.343,0.6727742559845757,0.41146998723559874,0.672982556262231,-0.2784515761986301
N1O,2.236375,-0.853245,0.6792268487022721,0.45301039806697874,0.672982556262231,-0.2784515761986301
N1O,0.788028,0.936535,0.6931357585982988,0.3772609939432479,0.672982556262231,-0.2784515761986301
N1O,0.08223,1.110434,0.757163655517807,0.34082502515383195,0.672982556262231,-0.2784515761986301
N1O,1.622102,-0.963579,0.7688822479610912,0.33360176870166974,0.672982556262231,-0.2784515761986301
N1O,0.617813,-0.549543,0.6993280656703551,0.2928637179254999,0.672982556262231,-0.2784515761986301
N1O,2.077052,-0.911199,0.7015693265661855,0.36487569800194936,0.672982556262231,-0.2784515761986301
N1O,2.505212,1.899724,0.5824403847628509,0.3701553630180659,0.672982556262231,-0.2784515761986301
N1O,2.816054,1.212405,0.5844317495010506,0.3829161689084271,0.672982556262231,-0.2784515761986301
N1O,2.301395,1.911261,0.7814315676898258,1.054315003144107,0.672982556262231,-0.2784515761986301
N1O,0.143198,0.381449,0.6315430675443136,0.9587743896744767,0.672982556262231,-0.2784515761986301
N1O,-0.41232,-0.401934,0.6294598561464891,0.7850685620155419,0.672982556262231,-0.2784515761986301
N1O,-1.106337,-1.255611,0.7013994776333352,1.0717690187255138,0.672982556262231,-0.2784515761986301
N1O,-1.556983,-3.228107,0.7085231201660106,0.3210291116905131,0.672982556262231,-0.2784515761986301
N1O,-1.441158,-3.558363,0.6395844012352874,0.35117818885846724,0.672982556262231,-0.2784515761986301
N4C,8.135096,4.638705,0.9440136136318701,-5.071654533715108,0.47665457314090026,-0.26962370450097856
N4C,7.953156,-1.813799,0.37445994405870536,-7.093368699943306,0.47665457314090026,-0.26962370450097856
N4C,9.533929,-1.557183,0.4748221673957323,-7.391938173019506,0.47665457314090026,-0.26962370450097856
N4C,8.731638,-1.277405,0.5974224747041673,-5.663678945398515,0.47665457314090026,-0.26962370450097856
N4C,6.521751,-0.761749,0.9505718720197691,-7.65042112361167,0.47665457314090026,-0.26962370450097856
N4C,8.065901,1.416802,0.02660280695560984,-6.175455115762906,0.47665457314090026,-0.26962370450097856
N4C,5.322372,-0.080006,-0.19681669424616183,-7.35613484304135,0.47665457314090026,-0.26962370450097856
N4C,10.53555,4.44713,0.8640292764975739,-7.349236109871923,0.47665457314090026,-0.26962370450097856
N4C,5.914316,-4.935466,0.06603504482213406,-7.173730473602035,0.47665457314090026,-0.26962370450097856
N4C,7.468186,3.124907,0.33768246521279194,-5.5623203987318375,0.47665457314090026,-0.26962370450097856
N4C,11.152078,3.452328,0.7245805048071391,-6.7874852033111575,0.47665457314090026,-0.26962370450097856
N4C,11.744661,2.224479,-0.20289785454453793,-5.601305396486553,0.47665457314090026,-0.26962370450097856
N4C,13.634091,8.033472,0.019047599539736816,-5.872294552649367,0.47665457314090026,-0.26962370450097856
N4C,8.948658,-2.484013,-0.571380954784826,-7.53485223783504,0.47665457314090026,-0.26962370450097856
N4C,11.113289,1.434201,0.9111962985787532,-5.463409019859814,0.47665457314090026,-0.26962370450097856
N4C,11.113159,2.193224,0.6742140805819733,-6.6274084243841624,0.47665457314090026,-0.26962370450097856
N4C,7.58833,0.015077,-0.2539551033480792,-7.689653452357651,0.47665457314090026,-0.26962370450097856
N4C,10.912001,2.918969,0.3588162160491187,-6.714052183291918,0.47665457314090026,-0.26962370450097856
N4C,6.904452,-5.605375,0.7763218821917522,-6.611672411091936,0.47665457314090026,-0.26962370450097856
N4C,6.606634,-0.688416,0.40546249298551773,-5.857983795028359,0.47665457314090026,-0.26962370450097856
N4C,8.517122,-3.642777,0.2811808270968642,-7.445719512882209,0.47665457314090026,-0.26962370450097856
N4C,10.148772,-9.338382,-0.027582125500610413,-7.55388384377392,0.47665457314090026,-0.26962370450097856
N4C,7.106435,-7.458528,0.1824323002012407,-5.4992673446397795,0.47665457314090026,-0.26962370450097856
N4C,5.737217,-10.160425,0.7616451659803174,-5.504062133607793,0.47665457314090026,-0.26962370450097856
N4C,5.335642,-3.842348,-0.4115813118622065,-6.9923274704189025,0.47665457314090026,-0.26962370450097856
N4C,5.8638,-8.493285,-0.40854993725140754,-6.816437261867246,0.47665457314090026,-0.26962370450097856
N4C,6.152238,-4.725682,0.12486534869409906,-6.771457281236467,0.47665457314090026,-0.26962370450097856
N4C,3.099062,-4.0842,0.7756485196354527,-6.971984196632428,0.47665457314090026,-0.26962370450097856
N4C,3.951323,-6.81128,-0.37661785281245186,-7.714851326480155,0.47665457314090026,-0.26962370450097856
N4C,1.517536,0.023562,-0.38572660184879237,-7.620506604137342,0.47665457314090026,-0.26962370450097856
N4C,4.914679,-2.244699,-0.31316760722722803,-6.813039713361495,0.47665457314090026,-0.26962370450097856
N4C,2.519647,-9.665913,-0.443634986149113,-6.84420994092346,0.47665457314090026,-0.26962370450097856
N4C,2.60332,-0.763375,0.0012339145847679693,-6.448061533240859,0.47665457314090026,-0.26962370450097856
N4C,7.399707,-4.271622,-0.4874568941440911,-7.65456642796941,0.47665457314090026,-0.26962370450097856
N4C,4.257509,-3.491161,0.3802020414525204,-5.09636870420376,0.47665457314090026,-0.26962370450097856
N4C,1.018274,-1.856902,-0.4198734994863702,-6.996181843881689,0.47665457314090026,-0.26962370450097856
N4C,1.320579,-1.65076,-0.39860494407061803,-7.722330288765506,0.47665457314090026,-0.26962370450097856
N4C,0.481819,-5.822556,0.4282613075890657,-4.6325248686807114,0.47665457314090026,-0.26962370450097856
N4C,5.160693,2.295481,0.9505718720197691,-7.65042112361167,0.47665457314090026,-0.26962370450097856
N4C,0.826325,2.172271,0.6757011560372963,-4.994641387423152,0.47665457314090026,-0.26962370450097856
N4C,1.483232,4.936779,0.13875920813547232,-5.923730834126762,0.47665457314090026,-0.26962370450097856
N4C,0.464473,1.389072,0.9216467813102024,-5.390941889972221,0.47665457314090026,-0.26962370450097856
N4C,1.39788,0.287055,-0.4903180346063838,-7.126123129969642,0.47665457314090026,-0.26962370450097856
N4C,0.769163,2.398743,-0.13917658268333866,-5.468285750122806,0.47665457314090026,-0.26962370450097856
N4C,0.467883,-0.073342,0.0661259982548945,-5.245582593400596,0.47665457314090026,-0.26962370450097856
N4C,1.289022,1.978673,0.12130063006012091,-6.963702217165201,0.47665457314090026,-0.26962370450097856
N4C,5.803046,-2.049378,-0.060851647373802664,-6.956706566804795,0.47665457314090026,-0.26962370450097856
N4C,-0.009814,2.900441,-0.517659203466747,-6.145414570911576,0.47665457314090026,-0.26962370450097856
N4C,5.179861,-0.886772,0.937282710975623,-6.504912662056811,0.47665457314090026,-0.26962370450097856
N4C,2.973258,2.541976,0.04115792360645179,-6.420401870115263,0.47665457314090026,-0.26962370450097856
N4C,3.863939,0.303852,0.08516567648686223,-5.640819305943294,0.47665457314090026,-0.26962370450097856
N4C,6.235857,-6.482844,-0.20289785454453793,-5.601305396486553,0.47665457314090026,-0.26962370450097856
N4C,5.37228,-0.339554,-0.3406936156324199,-5.849112167846184,0.47665457314090026,-0.26962370450097856
N4C,-3.018188,1.764626,-0.45060651411871977,-5.620543847228209,0.47665457314090026,-0.26962370450097856
N4C,1.786922,0.789666,0.07607171408437226,-6.927317601404755,0.47665457314090026,-0.26962370450097856
N4C,5.74113,3.803008,0.5003483137855863,-7.757149987769165,0.47665457314090026,-0.26962370450097856
N4C,0.850158,-7.87487,0.3603778833889416,-5.8567897110144145,0.47665457314090026,-0.26962370450097856
N4C,-0.723653,-4.582371,0.2741674579807634,-8.02895036229861,0.47665457314090026,-0.26962370450097856
N4C,4.311034,-0.926929,-0.05246578764273012,-6.880231864458922,0.47665457314090026,-0.26962370450097856
N4C,4.863484,-0.009405,0.39830935711878473,-5.7310221638084675,0.47665457314090026,-0.26962370450097856
N4C,3.002758,-1.980299,0.6279935985194943,-6.375828239694268,0.47665457314090026,-0.26962370450097856
N4C,2.70069,0.101754,0.9111962985787532,-5.463409019859814,0.47665457314090026,-0.26962370450097856
N4C,6.964819,3.075242,0.08944982003077759,-6.830231649887578,0.47665457314090026,-0.26962370450097856
N4C,0.804332,-0.215152,0.398613962604699,-6.139018077396378,0.47665457314090026,-0.26962370450097856
N4C,3.226975,0.842166,-0.10678145370563288,-6.7709224803129295,0.47665457314090026,-0.26962370450097856
N4C,5.426188,-3.668877,0.4580121303796724,-5.749652782663118,0.47665457314090026,-0.26962370450097856
N4C,3.566239,0.845303,-0.7859979849387945,-7.121741408399942,0.47665457314090026,-0.26962370450097856
N4C,6.450056,1.39657,0.2898456097353995,-6.711435404747153,0.47665457314090026,-0.26962370450097856
N4C,6.868659,-3.002606,0.15142304239834825,-5.813064158213059,0.47665457314090026,-0.26962370450097856
N4C,2.678754,-6.281666,0.12603201601623185,-6.603369162429273,0.47665457314090026,-0.26962370450097856
N4C,9.364825,-1.882479,0.5428675081565238,-7.01709458071753,0.47665457314090026,-0.26962370450097856
N4C,6.552532,-7.25977,0.3784920413462815,-6.004305828292964,0.47665457314090026,-0.26962370450097856
N4C,4.263344,-0.723316,0.4209681996876592,-6.269566653107964,0.47665457314090026,-0.26962370450097856
N4C,1.28676,-5.008607,0.2806714435323824,-6.8162349956665444,0.47665457314090026,-0.26962370450097856
N4C,7.024515,-2.721209,0.14897615444577358,-6.629053436788365,0.47665457314090026,-0.26962370450097856
N4C,2.138501,-2.891351,0.7034302120833577,-4.070231561497718,0.47665457314090026,-0.26962370450097856
N4C,-0.547993,-3.855614,0.3381139828156986,-4.204883664268372,0.47665457314090026,-0.26962370450097856
N4C,2.620337,-4.269203,0.3642787369751727,-4.56991970903564,0.47665457314090026,-0.26962370450097856
N4C,6.803512,-4.059311,0.16551676563845177,-5.549553424255289,0.47665457314090026,-0.26962370450097856
N4C,4.806579,-3.10922,0.8751238037993038,-7.040911643811339,0.47665457314090026,-0.26962370450097856
N4C,2.105448,-3.38061,0.08342197632705539,-7.294162471585886,0.47665457314090026,-0.26962370450097856
N4C,5.067906,-6.863268,0.3205073972116029,-5.404554541733978,0.47665457314090026,-0.26962370450097856
N4C,6.406831,-0.509686,1.0102221106416598,-5.794194537673013,0.47665457314090026,-0.26962370450097856
N4C,6.669773,-6.328794,0.4796973404462933,-6.952175330354272,0.47665457314090026,-0.26962370450097856
N4C,5.192823,4.481414,0.4508105741594388,-5.205644010305535,0.47665457314090026,-0.26962370450097856
N4C,4.835624,-3.166673,0.35532627394397576,-5.3406238232618355,0.47665457314090026,-0.26962370450097856
N4C,5.602484,-1.122752,1.1105340491264462,-5.7855642762615425,0.47665457314090026,-0.26962370450097856
N4C,3.388454,-2.203028,0.2281395074533051,-5.662578452523837,0.47665457314090026,-0.26962370450097856
N4C,3.716726,-0.681239,0.4041084780395026,-5.983396245057511,0.47665457314090026,-0.26962370450097856
N4C,3.767897,0.889708,0.6540795639858248,-5.902985231295205,0.47665457314090026,-0.26962370450097856
N4C,3.957391,-3.563483,1.0209363593934104,-5.466177905557162,0.47665457314090026,-0.26962370450097856
N4C,8.120891,-4.557975,0.1688163550230958,-7.215814914609111,0.47665457314090026,-0.26962370450097856
N4C,9.445037,-2.177227,-0.4903180346063838,-7.126123129969642,0.47665457314090026,-0.26962370450097856
N4C,6.004112,-0.397613,0.3603778833889416,-5.8567897110144145,0.47665457314090026,-0.26962370450097856
N4C,5.087591,-2.0424,0.405372674182498,-6.003750739211619,0.47665457314090026,-0.26962370450097856
N4C,3.556931,-0.080616,-0.1790989985624361,-7.289867883672256,0.47665457314090026,-0.26962370450097856
N4C,6.742336,-6.187792,-0.18072309187540336,-7.675529427498656,0.47665457314090026,-0.26962370450097856
N4C,6.104451,-3.952802,-0.025216151630067622,-7.1850441405769745,0.47665457314090026,-0.26962370450097856
N4C,7.934017,-0.629546,-0.28136838698693006,-6.806664399549026,0.47665457314090026,-0.26962370450097856
N4C,3.935869,-1.374515,-0.06566182167291938,-7.584013269501718,0.47665457314090026,-0.26962370450097856
N4C,4.344488,0.901746,0.4065481618966238,-5.42427187103169,0.47665457314090026,-0.26962370450097856
N4C,5.759122,-5.395492,0.4273983945265068,-6.673072263219969,0.47665457314090026,-0.26962370450097856
N4C,5.963405,-2.259364,-0.04247163298728204,-7.380142431016881,0.47665457314090026,-0.26962370450097856
N4C,4.50199,-2.879916,0.6124848815020972,-5.61289083341963,0.47665457314090026,-0.26962370450097856
N4C,3.65632,0.058869,0.5651721063696291,-5.413120860404633,0.47665457314090026,-0.26962370450097856
N4C,5.464309,-3.280364,0.4129299638474808,-5.737369481184804,0.47665457314090026,-0.26962370450097856
N4C,3.764143,-4.791535,0.4497968533755831,-6.8247129155823725,0.47665457314090026,-0.26962370450097856
N4C,3.694698,-2.878906,0.29993251301390333,-4.23314255370158,0.47665457314090026,-0.26962370450097856
N4C,3.713176,-3.884531,0.35444003219566494,-6.612188459539748,0.47665457314090026,-0.26962370450097856
N4C,8.078359,-6.832616,-0.024186898762342736,-7.2999592290424395,0.47665457314090026,-0.26962370450097856
N4C,5.14031,-3.965245,-0.060851647373802664,-6.956706566804795,0.47665457314090026,-0.26962370450097856
N4C,2.989711,-1.354489,0.1628959802712738,-5.808795833204359,0.47665457314090026,-0.26962370450097856
N4C,2.801333,-1.544751,0.1628959802712738,-5.808795833204359,0.47665457314090026,-0.26962370450097856
N4C,3.666344,-4.998081,0.20920250807422383,-5.551352787559114,0.47665457314090026,-0.26962370450097856
N4C,4.658287,2.167627,0.2325695997690507,-6.791806000278616,0.47665457314090026,-0.26962370450097856
N4C,8.237634,-4.397147,0.5808623378042418,-5.272759356224254,0.47665457314090026,-0.26962370450097856
N4C,10.734565,-2.216675,0.3225680762264292,-6.819585784346855,0.47665457314090026,-0.26962370450097856
N4C,3.616846,2.025612,0.8117328686629272,-5.462525834262525,0.47665457314090026,-0.26962370450097856
N4C,5.316242,-1.140049,1.0075533576178966,-6.27793173820258,0.47665457314090026,-0.26962370450097856
N4C,5.679027,1.56296,0.5036006168032886,-3.626536279349935,0.47665457314090026,-0.26962370450097856
N4C,2.382489,0.566229,0.6402795073408835,-5.76912881197732,0.47665457314090026,-0.26962370450097856
N4C,3.908017,-0.915298,-0.10678145370563288,-6.7709224803129295,0.47665457314090026,-0.26962370450097856
N4C,4.265367,0.359283,0.0857158107418289,-7.373299646028974,0.47665457314090026,-0.26962370450097856
N4C,3.569942,-2.324913,0.3071841322501361,-4.861001282590435,0.47665457314090026,-0.26962370450097856
N4C,5.661701,-0.456381,-0.0009967100767053782,-7.122204156166021,0.47665457314090026,-0.26962370450097856
N4C,4.670109,1.329809,0.035549926993125106,-6.827923827187885,0.47665457314090026,-0.26962370450097856
N4C,8.24632,-1.674112,0.4497968533755831,-6.8247129155823725,0.47665457314090026,-0.26962370450097856
N4C,7.422509,0.794633,0.4492915426101268,-5.817310078638965,0.47665457314090026,-0.26962370450097856
N4C,8.646274,3.303841,0.15309985030041887,-6.914568450062649,0.47665457314090026,-0.26962370450097856
N4C,5.002055,1.679381,-0.0009967100767053782,-7.122204156166021,0.47665457314090026,-0.26962370450097856
N4C,6.503983,5.300218,-0.28136838698693006,-6.8029402592216455,0.47665457314090026,-0.26962370450097856
N4C,5.97318,-0.37354,0.1904274833342417,-5.684380757633858,0.47665457314090026,-0.26962370450097856
N4C,7.82258,1.397078,-0.4754174400549972,-7.349853437420925,0.47665457314090026,-0.26962370450097856
N4C,2.634032,5.96557,0.35444003219566494,-6.612188459539748,0.47665457314090026,-0.26962370450097856
N4C,5.304299,4.073278,0.49147560325024653,-4.826133324087791,0.47665457314090026,-0.26962370450097856
N4C,10.007498,1.106073,0.29118085847615216,-6.607306725788063,0.47665457314090026,-0.26962370450097856
N4C,4.972581,2.395416,-0.13484613353431488,-7.216392889656187,0.47665457314090026,-0.26962370450097856
N4C,5.510362,4.195567,-0.6567751538450428,-6.9788034800075565,0.47665457314090026,-0.26962370450097856
N4C,5.865755,4.008037,0.35884363594837565,-7.296318232361045,0.47665457314090026,-0.26962370450097856
N4C,4.394229,-0.217267,0.5808623378042418,-5.272759356224254,0.47665457314090026,-0.26962370450097856
N4C,6.056901,-0.891726,0.08840338816502602,-7.0525332149392295,0.47665457314090026,-0.26962370450097856
N4C,6.392515,-3.522614,-0.7775166839895605,-7.101531072432452,0.47665457314090026,-0.26962370450097856
N4C,3.513682,1.819368,0.46385421578450614,-5.171448461208851,0.47665457314090026,-0.26962370450097856
N4C,1.401092,-0.036824,0.3294760859776263,-6.78973078157739,0.47665457314090026,-0.26962370450097856
N4C,2.360002,1.025143,-0.011280918891792325,-6.814455398741005,0.47665457314090026,-0.26962370450097856
N4C,2.734175,1.740673,0.9169065391945284,-7.4101803065885,0.47665457314090026,-0.26962370450097856
N4C,3.342608,-7.201008,0.5045939378872777,-8.20348393003233,0.47665457314090026,-0.26962370450097856
N4C,5.344051,-5.025995,-0.356596905847545,-7.433800004003169,0.47665457314090026,-0.26962370450097856
N4C,7.161969,1.802786,-0.09288062516552929,-6.039671021926466,0.47665457314090026,-0.26962370450097856
N4C,6.55423,-4.279614,0.16178118262038638,-6.429389831469538,0.47665457314090026,-0.26962370450097856
N4C,5.661151,4.577709,0.2607899666166378,-4.325097492668088,0.47665457314090026,-0.26962370450097856
N4C,5.250107,-0.120567,-0.06187619350659015,-5.520682622261706,0.47665457314090026,-0.26962370450097856
N4C,3.938778,-3.607078,0.07607171408437226,-6.927317601404755,0.47665457314090026,-0.26962370450097856
N4C,2.510233,4.633132,0.16478628081232977,-6.449252213990137,0.47665457314090026,-0.26962370450097856
N4C,5.564862,-0.741116,0.5716195485773825,-6.661248217741761,0.47665457314090026,-0.26962370450097856
N4C,4.016228,-9.851013,0.3282753602479731,-6.2074439741318965,0.47665457314090026,-0.26962370450097856
N4C,2.186519,-4.992522,0.3328748824671645,-6.056591288638251,0.47665457314090026,-0.26962370450097856
N4C,2.566041,-11.510266,-0.6123605179728293,-7.361901969482649,0.47665457314090026,-0.26962370450097856
N4C,7.25998,-4.743685,0.5753335158199413,-6.446648732765404,0.47665457314090026,-0.26962370450097856
N4C,7.819398,-9.50801,0.4508105741594388,-5.205644010305535,0.47665457314090026,-0.26962370450097856
N4C,6.798266,-8.434516,0.4425468028030977,-5.497976302099106,0.47665457314090026,-0.26962370450097856
N4C,5.788811,-0.01709,0.022671584771299394,-6.994872444727166,0.47665457314090026,-0.26962370450097856
N4C,8.346721,-5.608813,0.1564571926876052,-6.115531894632648,0.47665457314090026,-0.26962370450097856
N4C,9.529991,-0.675163,-0.48264177430135496,-7.38573999680553,0.47665457314090026,-0.26962370450097856
N4C,11.682216,-1.734497,0.42494797479050556,-6.481014537431965,0.47665457314090026,-0.26962370450097856
N4C,9.194638,0.43768,0.2116535691815431,-7.024292017990177,0.47665457314090026,-0.26962370450097856
N4C,9.202261,1.999928,0.06266545569173976,-7.033085283263205,0.47665457314090026,-0.26962370450097856
N4C,5.724522,-2.390959,-0.24697257777619255,-6.332303804301796,0.47665457314090026,-0.26962370450097856
N4C,7.952955,-2.483508,-0.10392448503936405,-7.2157225432203385,0.47665457314090026,-0.26962370450097856
N4C,4.273842,-1.203876,-0.3426464838325051,-6.360649355486035,0.47665457314090026,-0.26962370450097856
N4C,8.405653,-1.426398,-0.1619526738850892,-6.524780552619066,0.47665457314090026,-0.26962370450097856
N4C,6.53674,-5.350176,0.39194789764673466,-6.0434927213280085,0.47665457314090026,-0.26962370450097856
N4C,5.639988,-8.168091,0.689117743906738,-7.078617666317273,0.47665457314090026,-0.26962370450097856
N4C,4.335106,-3.261147,0.3322617656746624,-6.83701451246014,0.47665457314090026,-0.26962370450097856
N4C,3.315018,-8.259837,0.5130238756533133,-6.882096974106997,0.47665457314090026,-0.26962370450097856
N4C,7.169608,-2.249449,0.11755366049199914,-6.878050770020206,0.47665457314090026,-0.26962370450097856
N4C,3.590664,-7.192714,0.06044381155433989,-5.929431644391003,0.47665457314090026,-0.26962370450097856
N4C,2.923438,-3.19247,-0.4428721422581368,-7.345440433410652,0.47665457314090026,-0.26962370450097856
N4C,2.579827,-7.269488,-0.4826016246041531,-7.276516754225309,0.47665457314090026,-0.26962370450097856
N4C,5.956342,-5.239217,0.6544660745253076,-5.779315643562003,0.47665457314090026,-0.26962370450097856
N4C,3.024314,-4.359023,0.24245773820327268,-5.955150045239794,0.47665457314090026,-0.26962370450097856
N4C,0.365844,-1.306552,1.0060323248788832,-5.258134433719577,0.47665457314090026,-0.26962370450097856
N4C,3.100986,-2.432334,0.09553669258202796,-6.905605006377526,0.47665457314090026,-0.26962370450097856
N4C,3.312218,-1.171813,0.6432285314740294,-5.687777791385046,0.47665457314090026,-0.26962370450097856
N4C,1.755729,4.140028,0.085179071479219,-4.377675839320692,0.47665457314090026,-0.26962370450097856
N4C,0.986018,-1.47557,-0.23415969827554492,-5.072269754170973,0.47665457314090026,-0.26962370450097856
N4C,6.356722,-0.919845,0.9754617801211971,-5.876974400317252,0.47665457314090026,-0.26962370450097856
N4C,5.219641,0.863412,0.20510739867274969,-6.841348888052309,0.47665457314090026,-0.26962370450097856
N4C,1.424572,-0.763682,0.9455039651304112,-6.790616092619675,0.47665457314090026,-0.26962370450097856
N4C,5.044044,-0.242857,0.007643809908237661,-6.8564205846938,0.47665457314090026,-0.26962370450097856
N4C,4.842399,5.137467,0.23117160005600715,-6.7797714564185085,0.47665457314090026,-0.26962370450097856
N4C,6.09601,-2.579399,0.23785719603688235,-6.877385963525685,0.47665457314090026,-0.26962370450097856
N4C,6.262791,-3.437144,0.1628959802712738,-5.808795833204359,0.47665457314090026,-0.26962370450097856
N4C,3.927463,1.617375,0.2424670792322227,-5.691378898281298,0.47665457314090026,-0.26962370450097856
N4C,3.585943,0.051687,0.08516567648686223,-5.640819305943294,0.47665457314090026,-0.26962370450097856
N4C,4.375919,1.647821,1.1117000660048713,-5.753972614514269,0.47665457314090026,-0.26962370450097856
N4C,3.273337,-0.812431,-0.5352670547081892,-7.739862484261683,0.47665457314090026,-0.26962370450097856
N4C,5.535025,0.253989,0.492322987036032,-5.512691882011371,0.47665457314090026,-0.26962370450097856
N4C,4.530443,-1.330008,-0.21522205765640573,-7.114657430880387,0.47665457314090026,-0.26962370450097856
N4C,4.42671,-3.735132,0.4888283109106074,-5.0493722685272315,0.47665457314090026,-0.26962370450097856
N4C,1.093316,-5.098124,0.28910034795934403,-4.5108955003061855,0.47665457314090026,-0.26962370450097856
N4C,2.230433,-5.262893,0.02660280695560984,-6.175455115762906,0.47665457314090026,-0.26962370450097856
N4C,6.584576,-0.888084,0.6880305664424803,-6.679686378625357,0.47665457314090026,-0.26962370450097856
N4C,3.881551,-3.001094,0.5893313918524893,-4.865481105064176,0.47665457314090026,-0.26962370450097856
N4C,6.702755,3.770945,-0.21003115896153976,-5.899491141705784,0.47665457314090026,-0.26962370450097856
N4C,3.913959,-9.755933,0.1876178452037961,-5.584913571965232,0.47665457314090026,-0.26962370450097856
N4C,2.805502,-3.755062,0.1379859327053012,-6.408378802655956,0.47665457314090026,-0.26962370450097856
N4C,6.977036,1.768598,0.5169058629206964,-7.499540221562565,0.47665457314090026,-0.26962370450097856
N4C,1.332371,-0.490579,0.09553669258202796,-6.905605006377526,0.47665457314090026,-0.26962370450097856
N4C,4.527071,1.750893,0.28276529551924234,-5.17755162629706,0.47665457314090026,-0.26962370450097856
N4C,5.834953,3.273088,0.405372674182498,-6.003750739211619,0.47665457314090026,-0.26962370450097856
N4C,7.134497,7.407661,0.32190758093943844,-5.916534409164672,0.47665457314090026,-0.26962370450097856
N4C,8.896283,2.966003,0.08516567648686223,-5.640819305943294,0.47665457314090026,-0.26962370450097856
N4C,5.29926,2.176024,0.45752573559598403,-6.933639528957036,0.47665457314090026,-0.26962370450097856
N4C,4.123286,-1.106065,0.42494797479050556,-6.481014537431965,0.47665457314090026,-0.26962370450097856
N4C,2.300157,0.347646,1.2736847704918426,-6.446223280818292,0.47665457314090026,-0.26962370450097856
N4C,4.386882,2.127167,0.22023586593493197,-6.982155528582592,0.47665457314090026,-0.26962370450097856
N4C,3.744726,7.141734,0.6989844578741097,-5.76167311901253,0.47665457314090026,-0.26962370450097856
N4C,3.786779,3.031742,0.8736797071086347,-5.194927145428632,0.47665457314090026,-0.26962370450097856
N4C,5.04507,-0.700556,0.6763598302632144,-6.950250750329671,0.47665457314090026,-0.26962370450097856
N4C,5.511407,-1.876616,0.8483635593829386,-5.849171970570307,0.47665457314090026,-0.26962370450097856
N4C,8.686686,-4.165819,0.8723727309089365,-5.721813901369738,0.47665457314090026,-0.26962370450097856
N4C,5.996929,0.998042,0.6690497891408522,-6.365936559057148,0.47665457314090026,-0.26962370450097856
N4C,8.3445,3.678092,0.3349011836722218,-6.952306972463948,0.47665457314090026,-0.26962370450097856
N4C,3.687361,4.890256,0.410238470086017,-6.386439802730667,0.47665457314090026,-0.26962370450097856
N4C,3.304328,-4.832501,0.410238470086017,-6.386439802730667,0.47665457314090026,-0.26962370450097856
N4C,3.905438,1.22795,0.4493391103581974,-5.226384010549075,0.47665457314090026,-0.26962370450097856
N4C,2.69052,-1.315244,0.35532627394397576,-5.3406238232618355,0.47665457314090026,-0.26962370450097856
N4C,4.782797,-4.291047,0.9668676709178233,-5.91317603073322,0.47665457314090026,-0.26962370450097856
N4C,3.75937,-6.398592,0.6432016269001174,-5.319736549004838,0.47665457314090026,-0.26962370450097856
N4C,3.578712,-5.595873,1.3483291724826791,-5.921539106623339,0.47665457314090026,-0.26962370450097856
N4C,5.971618,-2.304476,0.53183513205527,-5.0059680517839755,0.47665457314090026,-0.26962370450097856
N4C,12.183274,0.748613,0.9555625372496972,-4.919939760849389,0.47665457314090026,-0.26962370450097856
N4C,6.416325,-4.338786,0.49087523448823844,-5.823889769793207,0.47665457314090026,-0.26962370450097856
N4C,4.054561,-3.368062,0.08987530044701128,-5.4252888692611885,0.47665457314090026,-0.26962370450097856
N4C,8.061366,2.09794,0.7365057475354836,-6.860974902245242,0.47665457314090026,-0.26962370450097856
N4C,5.588803,-2.316311,0.12376009241211625,-5.593551471707083,0.47665457314090026,-0.26962370450097856
N4C,8.552679,2.505471,0.7028226223241474,-6.922935909259885,0.47665457314090026,-0.26962370450097856
N4C,7.533159,1.513905,0.6873216749512795,-4.45265331420255,0.47665457314090026,-0.26962370450097856
N4C,9.624662,-4.330489,-0.45058730904915667,-7.467528546935298,0.47665457314090026,-0.26962370450097856
N4C,3.765826,-7.236106,0.19783461285309303,-5.829505516457088,0.47665457314090026,-0.26962370450097856
N4C,10.76904,-2.653942,0.8909491072939226,-5.270346246390678,0.47665457314090026,-0.26962370450097856
N4C,6.309443,4.23967,0.6432285314740294,-5.687777791385046,0.47665457314090026,-0.26962370450097856
N4C,7.788182,5.071319,0.9208968307888855,-6.41203190344061,0.47665457314090026,-0.26962370450097856
N4C,11.250234,1.571562,0.28380847960059474,-5.59238268791787,0.47665457314090026,-0.26962370450097856
N4C,4.932728,-2.591741,0.37445994405870536,-7.093368699943306,0.47665457314090026,-0.26962370450097856
N4C,5.754499,-0.528602,1.2122116136189638,-5.6003299577812875,0.47665457314090026,-0.26962370450097856
N4C,7.286209,-4.946085,-0.027505648353553114,-5.287545778285103,0.47665457314090026,-0.26962370450097856
N4C,4.086617,-4.419103,-0.16288432023282615,-5.417055033186336,0.47665457314090026,-0.26962370450097856
N4C,5.823178,-3.501576,0.36528153012086373,-6.160002653807797,0.47665457314090026,-0.26962370450097856
N4C,8.622446,-1.304715,0.2731534403728584,-5.708366142744877,0.47665457314090026,-0.26962370450097856
N4C,6.489858,-0.659487,0.658487644241172,-5.592413381199045,0.47665457314090026,-0.26962370450097856
N4C,11.289685,3.41106,0.23483119519086268,-4.278375811868715,0.47665457314090026,-0.26962370450097856
N4C,11.261367,2.910372,1.0753626809507564,-6.23270620067983,0.47665457314090026,-0.26962370450097856
N4C,4.468275,-3.190545,0.2607899666166378,-4.325097492668088,0.47665457314090026,-0.26962370450097856
N4C,5.768152,2.662956,0.20043230049510127,-4.142980760107111,0.47665457314090026,-0.26962370450097856
N4C,8.334284,-1.165636,1.1311397197624773,-5.248990411787284,0.47665457314090026,-0.26962370450097856
N4C,3.492946,-0.545801,0.665913883728863,-5.5747708566495735,0.47665457314090026,-0.26962370450097856
N4C,2.749661,-5.69409,0.06678534238246943,-4.357206304860648,0.47665457314090026,-0.26962370450097856
N4C,9.151638,6.434102,0.7650514938890685,-4.653092656866304,0.47665457314090026,-0.26962370450097856
N4C,6.092948,4.218428,0.49934049778786405,-3.610112537373458,0.47665457314090026,-0.26962370450097856
N4C,12.960361,0.213533,0.392542131667487,-6.483736284837526,0.47665457314090026,-0.26962370450097856
N4C,5.344965,2.508299,0.12019117027096957,-5.701742422701926,0.47665457314090026,-0.26962370450097856
N4C,12.342171,7.269392,0.7186076959823147,-6.6080346137034915,0.47665457314090026,-0.26962370450097856
N4C,8.668701,5.032681,0.3300206502596803,-5.7767627114095355,0.47665457314090026,-0.26962370450097856
N4C,10.474574,2.988357,1.0753626809507564,-6.23270620067983,0.47665457314090026,-0.26962370450097856
N4C,6.008223,1.388073,0.8320167499356221,-5.939907283044334,0.47665457314090026,-0.26962370450097856
N4C,6.623839,5.706433,0.5069978967131972,-7.095599097858976,0.47665457314090026,-0.26962370450097856
N4C,7.471001,3.269853,0.3282477733996197,-6.899834157836981,0.47665457314090026,-0.26962370450097856
N4C,5.176858,3.723302,0.3944474346720735,-7.278494401472068,0.47665457314090026,-0.26962370450097856
N4C,3.472114,-0.533461,0.4888283109106074,-5.0493722685272315,0.47665457314090026,-0.26962370450097856
N4C,5.58312,3.198035,0.3071841322501361,-4.861001282590435,0.47665457314090026,-0.26962370450097856
N4C,6.47987,4.207707,1.1105340491264462,-5.7855642762615425,0.47665457314090026,-0.26962370450097856
N4C,5.504433,3.805233,-0.04247163298728204,-7.380142431016881,0.47665457314090026,-0.26962370450097856
N4C,5.98769,1.500855,0.405372674182498,-6.003750739211619,0.47665457314090026,-0.26962370450097856
N4C,3.975447,-0.29404,0.398613962604699,-6.139018077396378,0.47665457314090026,-0.26962370450097856
N4C,5.173046,2.038056,0.7928912821734554,-3.6011617711887327,0.47665457314090026,-0.26962370450097856
N4C,1.047221,-1.345088,-0.521876948924525,-6.865388854830305,0.47665457314090026,-0.26962370450097856
N4C,3.59233,-2.214559,0.5517941641252865,-5.88835269859845,0.47665457314090026,-0.26962370450097856
N4C,5.304062,1.785082,1.0102221106416598,-5.794194537673013,0.47665457314090026,-0.26962370450097856
N4C,2.803463,4.393308,0.7939101298460532,-6.696621055820209,0.47665457314090026,-0.26962370450097856
N4C,3.369655,4.316639,0.39830935711878473,-5.7310221638084675,0.47665457314090026,-0.26962370450097856
N4C,6.508606,0.433328,0.4888283109106074,-5.0493722685272315,0.47665457314090026,-0.26962370450097856
N4C,7.006266,-3.043875,0.5509787044335502,-6.773060865967508,0.47665457314090026,-0.26962370450097856
N4C,7.584288,-0.341878,0.9826912632544035,-5.757700482765008,0.47665457314090026,-0.26962370450097856
N4C,7.548239,-5.452032,-0.4752117787271508,-7.008543874202592,0.47665457314090026,-0.26962370450097856
N4C,7.801518,-8.301504,0.3997663809936057,-4.8473295202344735,0.47665457314090026,-0.26962370450097856
N4C,10.168141,-2.619956,0.063819883239069,-5.74265589855268,0.47665457314090026,-0.26962370450097856
N4C,6.758936,-3.61031,1.0113121241175578,-6.329597226778062,0.47665457314090026,-0.26962370450097856
N4C,10.933384,-7.741945,0.4692501192100978,-5.141723664762989,0.47665457314090026,-0.26962370450097856
W4C,-0.041206,-6.9003,3.0609437028665427,0.6884257266028192,0.6511378905332681,-0.17216784442270064
W4C,-1.55659,4.727173,2.8329786394353715,0.7413133648182534,0.6511378905332681,-0.17216784442270064
W4C,2.061357,-11.394989,3.4597669814506395,0.3913489069196479,0.6511378905332681,-0.17216784442270064
W4C,-1.225207,-7.089933,2.6639323441436202,0.7435663322451974,0.6511378905332681,-0.17216784442270064
W4C,1.199799,-4.660074,2.725713394699718,0.6872153068551621,0.6511378905332681,-0.17216784442270064
W4C,2.254844,-6.461148,3.329535120830559,0.7819822567134171,0.6511378905332681,-0.17216784442270064
W4C,2.778613,0.597096,4.111450112032876,0.41387487204967766,0.6511378905332681,-0.17216784442270064
W4C,2.105216,0.110639,2.800055681793435,0.4385594263133178,0.6511378905332681,-0.17216784442270064
W4C,-0.23133,-4.177139,2.848663343955962,0.6652351885613034,0.6511378905332681,-0.17216784442270064
W4C,1.814793,-3.779634,3.0596326080739913,0.7379928108293702,0.6511378905332681,-0.17216784442270064
W4C,0.82021,-5.375261,3.405382816305162,0.5312946706391283,0.6511378905332681,-0.17216784442270064
W4C,-3.620504,-4.721779,3.583263061553136,0.48203759434317067,0.6511378905332681,-0.17216784442270064
W4C,-0.957892,-1.992845,2.8417881071217836,0.7479536508152053,0.6511378905332681,-0.17216784442270064
W4C,-1.116577,-2.798685,3.1326787382506143,0.801259734083357,0.6511378905332681,-0.17216784442270064
W4C,3.246655,-0.355881,2.88582886987923,0.46206667985707556,0.6511378905332681,-0.17216784442270064
W4C,1.237698,0.472339,2.8485752706104512,0.6220575712465477,0.6511378905332681,-0.17216784442270064
W4C,4.654993,0.468438,2.8620694018065502,0.5406032869325411,0.6511378905332681,-0.17216784442270064
W4C,-0.232932,1.872804,3.8042950727417892,1.1552313275422377,0.6511378905332681,-0.17216784442270064
W4C,5.000711,-2.643052,3.539601458787607,0.40002236321890755,0.6511378905332681,-0.17216784442270064
W4C,1.32348,1.416255,2.9009762881148027,0.6125755533481843,0.6511378905332681,-0.17216784442270064
W4C,4.451848,-1.026931,2.87968360569848,0.5909187612198471,0.6511378905332681,-0.17216784442270064
W4C,1.67645,4.130964,3.9895829757869183,-0.33608592818241456,0.6511378905332681,-0.17216784442270064
W4C,-1.248065,-4.64414,2.4918951986831748,1.1508087372594682,0.6511378905332681,-0.17216784442270064
W4C,-1.595861,-3.943544,2.782872102104272,0.5513146708017319,0.6511378905332681,-0.17216784442270064
W4C,1.424785,-4.393772,2.782872102104272,0.5949741213126822,0.6511378905332681,-0.17216784442270064
W4C,-0.549054,-5.130235,2.825235649242829,0.6650522083804036,0.6511378905332681,-0.17216784442270064
W4C,-0.250214,-5.080198,2.713245603504318,0.8410392884806529,0.6511378905332681,-0.17216784442270064
W4C,2.352554,-4.357051,3.1083309130186207,0.5467520785808212,0.6511378905332681,-0.17216784442270064
W4C,0.603379,-4.737897,3.124794369530056,0.6814563466018692,0.6511378905332681,-0.17216784442270064
W4C,-0.834451,-2.948617,4.029478345492533,-0.03363631638410794,0.6511378905332681,-0.17216784442270064
W4C,2.977535,-7.194152,3.6577759642055176,0.7797934793675728,0.6511378905332681,-0.17216784442270064
W4C,0.363846,-10.104449,3.4985175811476763,0.30829314661504176,0.6511378905332681,-0.17216784442270064
W4C,0.351141,-8.619171,3.262668252597074,0.22038078112586643,0.6511378905332681,-0.17216784442270064
W4C,-0.026895,-3.228784,3.542761678240434,0.4028154490845022,0.6511378905332681,-0.17216784442270064
W4C,-0.173304,-9.136394,3.5486030435127556,0.4512355137320758,0.6511378905332681,-0.17216784442270064
W4C,0.079381,-7.621507,3.5399306770359895,0.39625332584628287,0.6511378905332681,-0.17216784442270064
W4C,0.31672,-8.181899,3.5662689554140625,0.27567260280724615,0.6511378905332681,-0.17216784442270064
W4C,2.947872,-12.940947,3.5721103206863845,0.37436200574079564,0.6511378905332681,-0.17216784442270064
W4C,-0.562263,-5.933157,3.147320316561694,0.5406127650804836,0.6511378905332681,-0.17216784442270064
W4C,0.293743,-9.252158,3.3637611643984613,0.6348060192173521,0.6511378905332681,-0.17216784442270064
W4C,-2.22915,-4.956893,3.5091037284001225,0.33437077143318017,0.6511378905332681,-0.17216784442270064
W4C,0.001939,0.319126,3.2045443328740264,0.6426434477563263,0.6511378905332681,-0.17216784442270064
W4C,-0.705615,-10.07733,3.1083309130186207,0.5467520785808212,0.6511378905332681,-0.17216784442270064
W4C,-0.429652,-1.59862,3.539404519266223,0.3351025672504602,0.6511378905332681,-0.17216784442270064
W4C,-0.253878,-1.630905,3.440505300936048,0.546931158938289,0.6511378905332681,-0.17216784442270064
W4C,0.205301,-7.77375,2.766609080609213,0.44581674831694235,0.6511378905332681,-0.17216784442270064
W4C,0.135585,-2.545942,3.409959196870091,0.470349960293935,0.6511378905332681,-0.17216784442270064
W4C,-0.269962,-1.819749,2.9009762881148027,0.6125755533481843,0.6511378905332681,-0.17216784442270064
W4C,-1.745891,-1.557517,3.553412421478218,0.6401992607394882,0.6511378905332681,-0.17216784442270064
W4C,1.222984,4.011555,2.9842541645269276,0.7363147286991301,0.6511378905332681,-0.17216784442270064
W4C,-1.63646,-0.29124,2.6586437121452864,0.8259210988132849,0.6511378905332681,-0.17216784442270064
W4C,-1.093099,0.559773,3.3841625912629105,0.6420143176913453,0.6511378905332681,-0.17216784442270064
W4C,1.348507,-0.326449,3.409533543351861,0.5459021785329314,0.6511378905332681,-0.17216784442270064
W4C,0.343954,1.415953,2.6858716349743634,0.8075530912990284,0.6511378905332681,-0.17216784442270064
W4C,-2.383445,0.298032,4.46795687369162,-0.026799895301792317,0.6511378905332681,-0.17216784442270064
W4C,-1.214114,-2.335512,2.6782836681930386,0.7733533097687051,0.6511378905332681,-0.17216784442270064
W4C,-1.201707,-4.110987,2.7247000372087156,0.6748632131206246,0.6511378905332681,-0.17216784442270064
W4C,-1.368301,-4.581516,2.654381230806673,0.7018336102773745,0.6511378905332681,-0.17216784442270064
W4C,0.096726,-7.410411,3.3531777748148532,0.3008069968757727,0.6511378905332681,-0.17216784442270064
W4C,1.813674,-0.665348,3.0539544897705313,0.5565190154011352,0.6511378905332681,-0.17216784442270064
W4C,-1.145272,-8.813424,3.437988914704562,0.39038298579071834,0.6511378905332681,-0.17216784442270064
W4C,-2.750464,-5.038972,3.2860486438512293,0.14934157958382094,0.6511378905332681,-0.17216784442270064
W4C,-2.100537,-2.49736,3.4035686447204787,0.5435316980946254,0.6511378905332681,-0.17216784442270064
W4C,-2.787238,-2.078935,3.618303930376857,0.2832324601305274,0.6511378905332681,-0.17216784442270064
W4C,-1.653345,-3.058481,3.5140296944484817,0.43763533282449707,0.6511378905332681,-0.17216784442270064
W4C,-0.433841,-0.058014,3.295991140139745,0.12385243505698376,0.6511378905332681,-0.17216784442270064
W4C,-3.452632,0.994859,3.353616487196954,0.5735762487301911,0.6511378905332681,-0.17216784442270064
W4C,1.696481,-4.252899,3.492800001244964,0.21549664441996214,0.6511378905332681,-0.17216784442270064
W4C,0.778976,4.05904,3.409959196870091,0.470349960293935,0.6511378905332681,-0.17216784442270064
W4C,1.666573,0.157821,3.259045637538277,0.2183487690752618,0.6511378905332681,-0.17216784442270064
W4C,0.904041,2.277181,3.599805619363849,0.33323083370019047,0.6511378905332681,-0.17216784442270064
W4C,1.432372,-4.639768,3.043128324693264,0.7848446903032191,0.6511378905332681,-0.17216784442270064
W4C,0.254157,-12.419947,3.56951853606669,0.1940531029047817,0.6511378905332681,-0.17216784442270064
W4C,-0.001473,-6.389096,3.2107688851349807,0.18129589533723342,0.6511378905332681,-0.17216784442270064
W4C,-3.297287,-6.046059,4.252602903524444,0.5223159464069524,0.6511378905332681,-0.17216784442270064
W4C,2.014883,-9.840825,3.0517563520649755,0.664315938726675,0.6511378905332681,-0.17216784442270064
W4C,-1.914974,-2.64182,3.5486030435127556,0.44302515619368904,0.6511378905332681,-0.17216784442270064
W4C,-1.753371,-8.81245,3.1405258560455813,0.32573605906717756,0.6511378905332681,-0.17216784442270064
W4C,2.685662,-7.691068,3.5612841556091173,0.5784465357770443,0.6511378905332681,-0.17216784442270064
W4C,1.067432,-7.755634,3.2860486438512293,0.14934157958382094,0.6511378905332681,-0.17216784442270064
W4C,2.191345,-5.207396,3.3438106866480486,0.31983429939764674,0.6511378905332681,-0.17216784442270064
W4C,0.810111,-5.363527,3.5448566430843496,0.48970717343667397,0.6511378905332681,-0.17216784442270064
W4C,-1.20891,-5.092842,3.1676492831131577,0.24425361990890826,0.6511378905332681,-0.17216784442270064
W4C,-3.358883,-10.552052,2.6334097220503527,0.5722639658552322,0.6511378905332681,-0.17216784442270064
W4C,0.007571,1.178287,2.756291250747932,0.7286400218085226,0.6511378905332681,-0.17216784442270064
W4C,4.006282,-7.08502,4.168115893017131,0.3794562394605328,0.6511378905332681,-0.17216784442270064
W4C,3.713301,-4.657405,2.799113745472244,0.6656204338436459,0.6511378905332681,-0.17216784442270064
W4C,1.952094,-4.300871,3.539601458787607,0.40002236321890755,0.6511378905332681,-0.17216784442270064
W4C,0.054548,-3.691045,3.1691851400347146,0.45360820912946204,0.6511378905332681,-0.17216784442270064
W4C,4.320471,-4.959704,3.941794876938944,0.2161255357890137,0.6511378905332681,-0.17216784442270064
W4C,-1.39538,-5.629218,3.2712738450667382,0.6259176068052743,0.6511378905332681,-0.17216784442270064
W4C,0.449086,-5.08634,3.539601458787607,0.40002236321890755,0.6511378905332681,-0.17216784442270064
W4C,2.901002,-4.176051,3.1658958352883673,0.5803643105927108,0.6511378905332681,-0.17216784442270064
W4C,3.06243,-7.310584,3.517104736322204,0.312806138604779,0.6511378905332681,-0.17216784442270064
W4C,0.604845,-2.717642,2.819120372701805,0.7373694326421503,0.6511378905332681,-0.17216784442270064
W4C,-0.570908,-3.711412,2.848663343955962,0.6711462973301104,0.6511378905332681,-0.17216784442270064
W4C,1.250156,-2.251917,3.409533543351861,0.5459021785329314,0.6511378905332681,-0.17216784442270064
W4C,-3.209477,-1.932225,2.884181292702598,0.7352203608362685,0.6511378905332681,-0.17216784442270064
W4C,4.622041,-2.867159,3.510761728516918,0.5672601687620793,0.6511378905332681,-0.17216784442270064
W4C,1.289527,-0.892373,3.262668252597074,0.22038078112586643,0.6511378905332681,-0.17216784442270064
W4C,0.745407,0.52256,3.2371051259419845,0.5527090823328894,0.6511378905332681,-0.17216784442270064
W4C,-3.229549,1.417539,2.8447042719058966,0.6337582692338637,0.6511378905332681,-0.17216784442270064
W4C,3.498117,-11.018764,3.386900515103097,0.4569983540508831,0.6511378905332681,-0.17216784442270064
W4C,1.788695,-5.474792,2.8280827494900582,0.43013616011860945,0.6511378905332681,-0.17216784442270064
W4C,1.827335,-8.021938,3.343699424214469,0.5833861989130259,0.6511378905332681,-0.17216784442270064
W4C,1.324443,-10.248182,2.796433540296016,0.46284956560110213,0.6511378905332681,-0.17216784442270064
W4C,0.49295,-10.770328,3.1417135429112464,0.5966819659104355,0.6511378905332681,-0.17216784442270064
W4C,2.200241,-0.586796,2.6291048797896126,0.702604363480897,0.6511378905332681,-0.17216784442270064
W4C,0.933446,-4.421738,2.6990151401075684,0.8248559619409987,0.6511378905332681,-0.17216784442270064
W4C,0.57627,0.387038,2.8485752706104512,0.6279686800153548,0.6511378905332681,-0.17216784442270064
W4C,2.603213,-0.408714,2.708240953546809,0.864079260511732,0.6511378905332681,-0.17216784442270064
W4C,0.018128,-1.389591,2.632181824956578,1.1290059827231107,0.6511378905332681,-0.17216784442270064
W4C,-2.425689,-0.447434,2.6652264602264033,0.6960466085011197,0.6511378905332681,-0.17216784442270064
W4C,0.708027,3.091959,2.569881825636037,0.6866683844190588,0.6511378905332681,-0.17216784442270064
W4C,-2.55826,5.66574,2.4972462317050743,1.2103730769752343,0.6511378905332681,-0.17216784442270064
W4C,-1.863776,1.58571,3.0429088237975566,1.0783685717970786,0.6511378905332681,-0.17216784442270064
W4C,-0.863604,-6.407213,3.597424983268313,0.5348763260293841,0.6511378905332681,-0.17216784442270064
W4C,-1.494574,-3.77069,2.66517552003012,0.7603495603227336,0.6511378905332681,-0.17216784442270064
W4C,0.3813,-6.187545,3.400220276725719,0.49066110843231714,0.6511378905332681,-0.17216784442270064
W4C,-0.178356,-3.432281,2.819120372701805,0.743280541410957,0.6511378905332681,-0.17216784442270064
W4C,-2.114066,-3.210967,2.669185532276469,0.721465083549809,0.6511378905332681,-0.17216784442270064
W4C,-0.60517,-6.120481,2.8485752706104512,0.6279686800153548,0.6511378905332681,-0.17216784442270064
W4C,0.986142,-4.34659,2.907940760775278,0.6505304772263844,0.6511378905332681,-0.17216784442270064
W4C,2.891986,-0.91621,2.890096469503174,0.5634493693224656,0.6511378905332681,-0.17216784442270064
W4C,-0.413761,-3.597534,2.6352513860101823,0.7599793107215972,0.6511378905332681,-0.17216784442270064
W4C,3.870581,-1.217233,2.8669511839245505,0.5271460727435564,0.6511378905332681,-0.17216784442270064
W4C,-2.37561,-4.312354,3.5815619291494767,0.2711296197665526,0.6511378905332681,-0.17216784442270064
W4C,-0.493238,-4.430187,3.2045443328740264,0.6426434477563263,0.6511378905332681,-0.17216784442270064
W4C,-0.340324,-7.620047,3.500617051315411,0.5019595953637217,0.6511378905332681,-0.17216784442270064
W4C,-0.100689,-9.754424,3.5399306770359895,0.4159367851897368,0.6511378905332681,-0.17216784442270064
W4C,4.204929,-4.149486,3.5504276238648753,0.2205565144843182,0.6511378905332681,-0.17216784442270064
W4C,-0.180227,-3.845172,3.591504425437991,0.25465343656156203,0.6511378905332681,-0.17216784442270064
W4C,0.810027,-3.845478,3.5628616346886868,0.4742091340069201,0.6511378905332681,-0.17216784442270064
W4C,0.963958,-2.648695,2.6387359241060446,0.6721712682182496,0.6511378905332681,-0.17216784442270064
W4C,-0.924828,-6.347933,2.6297161236451503,0.8404619210370635,0.6511378905332681,-0.17216784442270064
W4C,0.294814,-5.814295,2.8263569182424106,0.7790942699482387,0.6511378905332681,-0.17216784442270064
W4C,-0.81203,-3.217778,2.728495678856183,0.6452797949239407,0.6511378905332681,-0.17216784442270064
W4C,-0.710112,-3.033798,3.351904503665911,0.26807105292138844,0.6511378905332681,-0.17216784442270064
W4C,-0.007092,-1.834645,4.080122396647081,0.20334383756868424,0.6511378905332681,-0.17216784442270064
W4C,3.737022,0.129787,3.527198838268179,0.3482572256957363,0.6511378905332681,-0.17216784442270064
W4C,0.595098,-3.36449,3.7768671284244193,0.7949799397480648,0.6511378905332681,-0.17216784442270064
W4C,0.035076,-5.364255,4.507650742022896,-0.558399711820547,0.6511378905332681,-0.17216784442270064
W4C,0.40384,-2.940655,3.331960488310206,0.1970150518625547,0.6511378905332681,-0.17216784442270064
W4C,1.833325,-2.217992,3.186322824879134,0.5725053474723574,0.6511378905332681,-0.17216784442270064
W4C,2.803855,0.662638,3.6533829734913867,0.10423343748301615,0.6511378905332681,-0.17216784442270064
W4C,-0.383913,-1.266349,3.4964226163037613,0.2175286564705668,0.6511378905332681,-0.17216784442270064
W4C,0.227192,1.444894,3.5474175807732906,0.2970166813111642,0.6511378905332681,-0.17216784442270064
W4C,0.339313,-5.883789,3.5293445297835446,0.36653925956981126,0.6511378905332681,-0.17216784442270064
W4C,0.986649,3.544978,3.960096398882454,0.3851179658415288,0.6511378905332681,-0.17216784442270064
W4C,1.016196,-0.017403,3.500617051315411,0.5019595953637217,0.6511378905332681,-0.17216784442270064
W4C,0.427802,3.085515,3.4155274935066693,0.6140632137619435,0.6511378905332681,-0.17216784442270064
W4C,-3.022206,1.182548,2.7864947171630696,0.6298067053063644,0.6511378905332681,-0.17216784442270064
W4C,0.111508,-0.881427,3.517104736322204,0.312806138604779,0.6511378905332681,-0.17216784442270064
W4C,-0.159942,0.216679,2.9240175190583297,0.7127032955867282,0.6511378905332681,-0.17216784442270064
W4C,-0.554974,-0.865982,3.517104736322204,0.312806138604779,0.6511378905332681,-0.17216784442270064
W4C,0.118518,-2.087329,3.509870307223667,0.26036103107003533,0.6511378905332681,-0.17216784442270064
W4C,-0.893825,3.506434,3.509870307223667,0.26036103107003533,0.6511378905332681,-0.17216784442270064
W4C,-3.161188,3.478651,2.9009762881148027,0.6125755533481843,0.6511378905332681,-0.17216784442270064
W4C,-0.188422,7.216921,3.0950438015079675,0.5912237200690004,0.6511378905332681,-0.17216784442270064
W4C,3.240628,0.202565,2.870653802055362,0.8119366804119963,0.6511378905332681,-0.17216784442270064
W4C,-2.749965,2.852596,3.5241017521856732,0.3864332431229914,0.6511378905332681,-0.17216784442270064
W4C,-3.249967,-5.78085,3.851801978738363,0.6560587593384289,0.6511378905332681,-0.17216784442270064
W4C,-1.342086,-4.973675,2.8975278969705838,0.7157241727375778,0.6511378905332681,-0.17216784442270064
W4C,-1.518277,-8.747638,4.135326247690616,0.43773874820124853,0.6511378905332681,-0.17216784442270064
W4C,-0.694404,-7.410227,3.0758742514419635,0.7737615367862523,0.6511378905332681,-0.17216784442270064
W4C,-2.318532,-9.193421,3.553412421478218,0.6401992607394882,0.6511378905332681,-0.17216784442270064
W4C,-0.973242,-15.27486,3.939286357214596,-0.293120747993952,0.6511378905332681,-0.17216784442270064
W4C,-1.828724,-15.65054,3.067764774852584,0.877204585919247,0.6511378905332681,-0.17216784442270064
W4C,0.742121,-8.462734,2.8485419111593133,0.6873298850658878,0.6511378905332681,-0.17216784442270064
W4C,-0.538003,0.38321,3.9061139552737414,0.15529654263763545,0.6511378905332681,-0.17216784442270064
W4C,1.360881,-12.929148,2.8227828958474817,0.5027126878428396,0.6511378905332681,-0.17216784442270064
W4C,1.067243,-4.340024,2.640693589303152,1.207176460204446,0.6511378905332681,-0.17216784442270064
W4C,1.021604,-12.173224,3.4748384655110516,0.43270576283448536,0.6511378905332681,-0.17216784442270064
W4C,2.278755,-10.882691,3.5280825070569306,0.20119746829061655,0.6511378905332681,-0.17216784442270064
W4C,1.386864,-9.146672,3.721359208500481,0.23260654220098345,0.6511378905332681,-0.17216784442270064
W4C,0.146505,-5.96216,3.806640272871319,0.48082679133396017,0.6511378905332681,-0.17216784442270064
W4C,1.141359,2.096301,4.152603779716326,0.2503591810053445,0.6511378905332681,-0.17216784442270064
W4C,0.266342,-10.210544,4.307311222278824,0.029965552299741755,0.6511378905332681,-0.17216784442270064
W4C,1.870195,-1.282466,3.542761678240434,0.4230050209400631,0.6511378905332681,-0.17216784442270064
W4C,0.659731,-2.318917,3.3376780682129197,0.28074618205763446,0.6511378905332681,-0.17216784442270064
W4C,0.325614,-3.561299,3.3376780682129197,0.28074618205763446,0.6511378905332681,-0.17216784442270064
W4C,3.441396,-1.003156,3.527198838268179,0.3482572256957363,0.6511378905332681,-0.17216784442270064
W4C,1.557856,-2.615378,3.262668252597074,0.22038078112586643,0.6511378905332681,-0.17216784442270064
W4C,-0.553264,-3.210118,3.511699131666245,0.3346681055998202,0.6511378905332681,-0.17216784442270064
W4C,-0.811677,-3.876361,2.9034430737711596,0.5163175538189219,0.6511378905332681,-0.17216784442270064
W4C,2.597458,-4.783927,4.12688682055535,0.20107075144849237,0.6511378905332681,-0.17216784442270064
W4C,-0.082359,-4.587416,3.540485127576359,0.2460456590111554,0.6511378905332681,-0.17216784442270064
W4C,3.022808,-4.115981,3.1000895491337657,0.7675153527105791,0.6511378905332681,-0.17216784442270064
W4C,-1.317454,0.304597,2.994433105494226,0.6701159843650295,0.6511378905332681,-0.17216784442270064
W4C,-3.857451,0.024373,2.9964153507026,0.7136081584540928,0.6511378905332681,-0.17216784442270064
W4C,-2.460687,-0.970069,3.509887420208877,0.2777961498918466,0.6511378905332681,-0.17216784442270064
W4C,0.130636,-4.342758,3.509887420208877,0.21730445795197548,0.6511378905332681,-0.17216784442270064
W4C,2.273392,0.514106,2.6990151401075684,0.8248559619409987,0.6511378905332681,-0.17216784442270064
W4C,0.387211,-4.658674,2.8485419111593133,0.6873298850658878,0.6511378905332681,-0.17216784442270064
W4C,5.110454,-1.276334,3.409533543351861,0.5459021785329314,0.6511378905332681,-0.17216784442270064
W4C,1.498167,-7.467504,4.116037758330926,-0.49395692344860315,0.6511378905332681,-0.17216784442270064
W4C,-2.486078,-3.982394,3.902588814232423,0.4921833767343436,0.6511378905332681,-0.17216784442270064
W4C,7.125281,0.18334,3.2436446864619772,0.751924654214969,0.6511378905332681,-0.17216784442270064
W4C,3.032743,-6.884742,3.270148553095765,0.8840494797945617,0.6511378905332681,-0.17216784442270064
W4C,5.493652,-3.06166,3.4174246891073934,0.46437919547009754,0.6511378905332681,-0.17216784442270064
W4C,3.442196,-9.821251,3.2534913197799415,0.6519896920252094,0.6511378905332681,-0.17216784442270064
W4C,1.124883,-8.071428,3.1000895491337657,0.7675153527105791,0.6511378905332681,-0.17216784442270064
W4C,5.28998,-0.672593,3.0517563520649755,0.664315938726675,0.6511378905332681,-0.17216784442270064
W4C,2.600475,-2.261466,3.2534913197799415,0.6519896920252094,0.6511378905332681,-0.17216784442270064
W4C,0.735537,-9.243707,4.111450112032876,0.41387487204967766,0.6511378905332681,-0.17216784442270064
W4C,1.904789,-10.54896,3.6577759642055176,0.7797934793675728,0.6511378905332681,-0.17216784442270064
W4C,-0.078738,-7.277684,3.0742016905280747,0.6099458223507571,0.6511378905332681,-0.17216784442270064
W4C,1.443548,-7.006764,3.764413406080934,0.5115878766656755,0.6511378905332681,-0.17216784442270064
W4C,-1.642124,-6.184502,3.421095619079725,0.42719713905527973,0.6511378905332681,-0.17216784442270064
W4C,2.395844,-5.397578,3.3223841338083338,0.813228172450512,0.6511378905332681,-0.17216784442270064
W4C,-1.310881,-4.328042,3.529462022977707,0.3544966083692664,0.6511378905332681,-0.17216784442270064
W4C,-2.824157,-13.272416,3.3487413643973425,0.2105727291564718,0.6511378905332681,-0.17216784442270064
W4C,-3.458812,-12.410457,3.31157272090428,0.3669224314321209,0.6511378905332681,-0.17216784442270064
W4C,2.310828,-8.797197,3.3817855124175056,0.4740773264493258,0.6511378905332681,-0.17216784442270064
W4C,-2.195905,-1.331098,2.7447373222241547,0.6794283602603322,0.6511378905332681,-0.17216784442270064
W4C,0.816195,-1.267385,3.2436446864619772,0.751924654214969,0.6511378905332681,-0.17216784442270064
W4C,1.026449,-8.478847,4.135275731160834,-0.5132443584933495,0.6511378905332681,-0.17216784442270064
W4C,0.74097,-4.77918,3.4993179352015447,0.656035384852697,0.6511378905332681,-0.17216784442270064
W4C,-0.562369,-4.035596,3.3891321164874113,0.5372158833489816,0.6511378905332681,-0.17216784442270064
W4C,0.378386,0.788925,3.3891321164874113,0.5372158833489816,0.6511378905332681,-0.17216784442270064
W4C,-1.64409,-4.889588,3.531163155381368,0.575946463946029,0.6511378905332681,-0.17216784442270064
W4C,0.514071,-4.699349,3.4690201050423077,0.7180962020926785,0.6511378905332681,-0.17216784442270064
W4C,-3.02139,-7.635548,3.0517563520649755,0.664315938726675,0.6511378905332681,-0.17216784442270064
W4C,-0.521108,-2.642673,2.851724810958921,0.6794134533423987,0.6511378905332681,-0.17216784442270064
W4C,2.935377,1.938825,4.095949720352878,0.709287299504637,0.6511378905332681,-0.17216784442270064
W4C,0.14998,-0.392475,3.597424983268313,0.5348763260293841,0.6511378905332681,-0.17216784442270064
W4C,-0.919868,0.862495,2.8929058656056,1.356512517574762,0.6511378905332681,-0.17216784442270064
W4C,-2.153372,-0.105679,3.3795509991531367,0.7082387516658647,0.6511378905332681,-0.17216784442270064
W4C,4.631715,-0.892017,3.0722194453197007,0.5441571669053268,0.6511378905332681,-0.17216784442270064
W4C,-1.048514,-1.02777,3.9704540820231142,0.4139162904492061,0.6511378905332681,-0.17216784442270064
W4C,-0.255619,6.885867,3.2534913197799415,0.6519896920252094,0.6511378905332681,-0.17216784442270064
W4C,1.756496,-5.283212,4.2000694163121,-0.5090050424306489,0.6511378905332681,-0.17216784442270064
W4C,0.012625,1.077542,3.837272311760713,1.1595722625964335,0.6511378905332681,-0.17216784442270064
W4C,-0.548241,2.861773,3.3370476621844625,0.3584561345276619,0.6511378905332681,-0.17216784442270064
W4C,6.644638,-5.06909,3.8619588857235603,1.1413141742024941,0.6511378905332681,-0.17216784442270064
W4C,-1.163802,-4.771698,2.902703735909074,0.9159932230637935,0.6511378905332681,-0.17216784442270064
W4C,-1.562423,-9.336727,3.926565367322139,0.4205465929699062,0.6511378905332681,-0.17216784442270064
W4C,0.944387,-8.217468,3.926565367322139,0.4205465929699062,0.6511378905332681,-0.17216784442270064
W4C,-1.294851,-3.190417,2.677832908354354,0.6970463194860331,0.6511378905332681,-0.17216784442270064
W4C,0.010613,-8.075256,2.4887605077950967,0.4669597438002261,0.6511378905332681,-0.17216784442270064
W4C,2.953773,-11.22232,3.5794610323552054,0.1685639583779445,0.6511378905332681,-0.17216784442270064
W4C,1.154365,-10.495272,3.3355831033690033,0.19904706391315932,0.6511378905332681,-0.17216784442270064
W4C,0.291073,-6.640078,3.4985175811476763,0.30829314661504176,0.6511378905332681,-0.17216784442270064
W4C,1.699854,-8.182145,3.552716957487181,0.399907596077663,0.6511378905332681,-0.17216784442270064
W4C,2.059656,-3.447485,3.5531351606760033,0.3650995259102841,0.6511378905332681,-0.17216784442270064
W4C,0.982937,-3.453441,3.630954104065278,0.3055281383343999,0.6511378905332681,-0.17216784442270064
W4C,0.206544,-1.768617,3.5794610323552054,0.1685639583779445,0.6511378905332681,-0.17216784442270064
W4C,4.287901,-3.730028,3.627331489006481,0.31107239825349225,0.6511378905332681,-0.17216784442270064
W4C,1.013843,-3.098006,3.1803290351822247,0.6488896318319995,0.6511378905332681,-0.17216784442270064
W4C,-0.66214,-3.136975,2.860007167002186,0.5654769630285389,0.6511378905332681,-0.17216784442270064
W4C,1.648566,0.504866,3.496994436256614,0.49604848659491474,0.6511378905332681,-0.17216784442270064
W4C,-0.607958,-1.421084,2.870653802055362,0.8119366804119963,0.6511378905332681,-0.17216784442270064
W4C,4.954072,-3.845915,3.531163155381368,0.575946463946029,0.6511378905332681,-0.17216784442270064
W4C,0.576919,-5.584716,3.233057370559416,0.5427837988280166,0.6511378905332681,-0.17216784442270064
W4C,2.826307,-0.175791,3.561244832388384,0.6965888791759123,0.6511378905332681,-0.17216784442270064
W4C,-0.431588,-6.476343,3.977199555379977,0.438786372363042,0.6511378905332681,-0.17216784442270064
W4C,0.683592,-5.791678,4.4738271135273235,-0.14002754082019706,0.6511378905332681,-0.17216784442270064
W4C,1.415012,-10.264476,3.5794610323552054,0.1685639583779445,0.6511378905332681,-0.17216784442270064
W4C,-2.150026,-3.465657,3.56951853606669,0.1940531029047817,0.6511378905332681,-0.17216784442270064
W4C,-0.440094,-6.721426,3.62781307856202,0.15687019419493742,0.6511378905332681,-0.17216784442270064
W4C,-2.635785,-7.28905,3.16771000687305,0.613370009771375,0.6511378905332681,-0.17216784442270064
W4C,-2.28659,-4.830855,2.6855202137336454,0.7971045430590229,0.6511378905332681,-0.17216784442270064
W4C,-0.152892,-7.351617,3.531163155381368,0.575946463946029,0.6511378905332681,-0.17216784442270064
W4C,-1.171859,-1.779802,3.4497300783441065,0.6607607054852764,0.6511378905332681,-0.17216784442270064
W4C,6.689893,-1.611407,2.8508099635441058,0.45989257336866984,0.6511378905332681,-0.17216784442270064
W4C,-0.586896,-5.608061,3.552716957487181,0.399907596077663,0.6511378905332681,-0.17216784442270064
W4C,-1.010822,-3.496727,2.4367925298953534,1.1931073806104566,0.6511378905332681,-0.17216784442270064
W4C,0.284063,-5.434175,2.733413997178843,1.3689743421947218,0.6511378905332681,-0.17216784442270064
W4C,0.775144,-6.45543,2.8508099635441058,0.45989257336866984,0.6511378905332681,-0.17216784442270064
W4C,-1.201143,-14.16806,2.7243105934660834,0.7160355196114879,0.6511378905332681,-0.17216784442270064
W4C,6.023843,-9.565718,3.7768671284244193,0.7949799397480648,0.6511378905332681,-0.17216784442270064
W4C,0.879916,-6.506015,3.5569882333702854,0.677489975591353,0.6511378905332681,-0.17216784442270064
W4C,1.819848,-3.880379,2.87968360569848,0.5909187612198471,0.6511378905332681,-0.17216784442270064
W4C,1.218626,-8.411603,3.2127856967588815,0.37322423631510265,0.6511378905332681,-0.17216784442270064
W4C,0.747789,-2.569473,3.1326787382506143,0.801259734083357,0.6511378905332681,-0.17216784442270064
W4C,2.084982,-4.899992,3.9737205591753657,0.012547668888535668,0.6511378905332681,-0.17216784442270064
W4C,2.303589,-3.416661,2.8329786394353715,0.7413133648182534,0.6511378905332681,-0.17216784442270064
W4C,3.076859,-5.726385,3.978913259354276,0.4470209930803757,0.6511378905332681,-0.17216784442270064
W4C,-0.647872,1.293565,2.5499620846406024,1.1290059827231107,0.6511378905332681,-0.17216784442270064
W4C,-1.177609,5.051721,2.939580530550349,0.9540741755440945,0.6511378905332681,-0.17216784442270064
W4C,1.99994,-2.126975,2.8535376374992114,0.6001014585937925,0.6511378905332681,-0.17216784442270064
W4C,3.832304,0.481574,3.600792528090542,0.5224356585665036,0.6511378905332681,-0.17216784442270064
W4C,-1.304395,-7.442632,2.9009762881148027,0.6125755533481843,0.6511378905332681,-0.17216784442270064
W4C,-2.615183,-3.316514,2.9138559375758533,0.47283683132107407,0.6511378905332681,-0.17216784442270064
W4C,1.445444,-1.370016,3.062925948074917,0.7721104673102724,0.6511378905332681,-0.17216784442270064
W4C,2.250809,-1.97376,3.552716957487181,0.399907596077663,0.6511378905332681,-0.17216784442270064
W4C,3.358818,-2.840221,2.7478252855957663,0.776362225980748,0.6511378905332681,-0.17216784442270064
W4C,4.026652,1.251906,3.409959196870091,0.470349960293935,0.6511378905332681,-0.17216784442270064
W4C,0.704511,3.884666,3.5399306770359895,0.39625332584628287,0.6511378905332681,-0.17216784442270064
W4C,4.217746,-1.928956,3.583263061553136,0.48203759434317067,0.6511378905332681,-0.17216784442270064
W1C,7.829907,-4.047905,2.8200402688479627,5.489026616848349,0.5825809700927735,-0.04331936755371088
W1C,4.522007,-6.940351,2.495975059077421,4.182497666741244,0.5825809700927735,-0.04331936755371088
W1C,0.419541,-3.558991,2.7587468390665943,4.535795024488383,0.5825809700927735,-0.04331936755371088
W1C,2.458113,-2.44721,2.7375373071890756,4.481361148608129,0.5825809700927735,-0.04331936755371088
W1C,1.362946,-7.407892,2.5918204986952533,5.344266285407178,0.5825809700927735,-0.04331936755371088
W1C,1.71076,-2.717201,2.490827955724159,3.7202145436549183,0.5825809700927735,-0.04331936755371088
W1C,-1.956481,-6.627288,2.316983627797515,3.7212963530362413,0.5825809700927735,-0.04331936755371088
W1C,3.77281,-8.471578,2.4608558994938226,3.9766570540582027,0.5825809700927735,-0.04331936755371088
W1C,3.71974,-7.22954,2.3707668898576753,3.934324307472613,0.5825809700927735,-0.04331936755371088
W1C,0.599427,-5.031496,2.4489557017668915,4.5108929036052015,0.5825809700927735,-0.04331936755371088
W1C,1.651026,-6.129467,2.8419916026410768,6.110308452700852,0.5825809700927735,-0.04331936755371088
W1C,1.022583,-9.69911,2.819045103565005,5.029745845399166,0.5825809700927735,-0.04331936755371088
W1C,7.050567,-3.367277,2.479758728609923,4.525910229110242,0.5825809700927735,-0.04331936755371088
W1C,4.217927,-9.25596,2.499970916748674,2.310632552609086,0.5825809700927735,-0.04331936755371088
W1C,0.887,-0.169941,2.286893069708362,4.26602937566117,0.5825809700927735,-0.04331936755371088
W1C,2.236495,-8.797107,2.4581153709995056,4.4836137240652985,0.5825809700927735,-0.04331936755371088
W1C,-1.347981,-6.338227,2.1623442029595554,3.2423671795076725,0.5825809700927735,-0.04331936755371088
W1C,-0.949324,-7.465994,2.1930723591961963,3.1913901427150417,0.5825809700927735,-0.04331936755371088
W1C,2.304177,-2.1259,2.419376416676645,2.1034145256373966,0.5825809700927735,-0.04331936755371088
W1C,3.199427,-2.377796,2.408915694412032,0.9918500240328211,0.5825809700927735,-0.04331936755371088
W1C,-3.071155,-8.338628,2.465653827357079,4.164670792787016,0.5825809700927735,-0.04331936755371088
W1C,0.947139,-9.795275,2.455861956591288,3.247944410083932,0.5825809700927735,-0.04331936755371088
W1C,-0.747808,-12.623292,2.4801958561657877,3.9521252237504108,0.5825809700927735,-0.04331936755371088
W1C,-1.73605,-7.387713,2.2799036785805105,2.9651665324039618,0.5825809700927735,-0.04331936755371088
W1C,1.953027,-3.18865,2.522829130825597,3.9922912256111407,0.5825809700927735,-0.04331936755371088
W1C,0.920218,-8.755647,2.4701970867927674,4.228182998905402,0.5825809700927735,-0.04331936755371088
W1C,0.583262,-9.852692,2.5313892812521934,4.133646544753497,0.5825809700927735,-0.04331936755371088
W1C,1.599879,-3.246679,2.2375776499914193,3.1024507806795274,0.5825809700927735,-0.04331936755371088
W1C,5.586812,-6.766572,2.635234723386409,5.097174786007838,0.5825809700927735,-0.04331936755371088
W1C,0.554842,-6.948874,2.3141703732826997,1.9479001041885469,0.5825809700927735,-0.04331936755371088
W1C,2.477574,-8.911295,2.186162519006444,3.2931052410954997,0.5825809700927735,-0.04331936755371088
W1C,6.533026,-4.800071,2.3480457911226145,3.774071306436943,0.5825809700927735,-0.04331936755371088
W1C,2.867771,-5.272275,2.384312514027759,3.9059839278832156,0.5825809700927735,-0.04331936755371088
W1C,1.484204,-5.561853,2.1824879932662626,3.236322409599496,0.5825809700927735,-0.04331936755371088
W1C,2.18563,-4.586021,2.4930719859761488,3.149179691866795,0.5825809700927735,-0.04331936755371088
W1C,2.704132,-6.066644,2.2367200047037414,2.9620611441075,0.5825809700927735,-0.04331936755371088
W1C,0.401636,-7.654539,2.2367200047037414,2.9620611441075,0.5825809700927735,-0.04331936755371088
W1C,1.549031,-7.920791,2.186870115858277,2.873405653387122,0.5825809700927735,-0.04331936755371088
W1C,1.650376,-12.190563,2.306018498809301,3.67491996576033,0.5825809700927735,-0.04331936755371088
W1C,2.977768,-8.917451,2.5950569486975192,4.435599845143841,0.5825809700927735,-0.04331936755371088
W1C,0.905735,-5.607052,2.0383745960718858,2.860803599581728,0.5825809700927735,-0.04331936755371088
W1C,-1.386464,-6.2579,2.1098919108962613,3.016403742050234,0.5825809700927735,-0.04331936755371088
W1C,3.143499,-10.165903,2.5918204986952533,5.344266285407178,0.5825809700927735,-0.04331936755371088
W1C,2.435843,-9.266113,2.2964003942005196,3.078601379999031,0.5825809700927735,-0.04331936755371088
W1C,-6.5932,-15.18151,2.567745754559251,4.956450937180372,0.5825809700927735,-0.04331936755371088
W1C,-1.848933,-9.937454,2.423236163235661,4.555059258705808,0.5825809700927735,-0.04331936755371088
W1C,2.996727,-4.330821,2.4442304090598053,3.259242770626581,0.5825809700927735,-0.04331936755371088
W1C,-0.808304,-12.173356,2.3922378694354642,3.3083162357788694,0.5825809700927735,-0.04331936755371088
W1C,1.419666,-6.317215,2.3549695075697312,3.9864360763630944,0.5825809700927735,-0.04331936755371088
W1C,1.176726,-13.514234,2.336624835384869,2.5877673401169083,0.5825809700927735,-0.04331936755371088
W1C,0.223253,-15.513809,2.4839301849276727,3.97954168503904,0.5825809700927735,-0.04331936755371088
W1C,2.368146,-7.052121,2.680423023536379,4.288264105018325,0.5825809700927735,-0.04331936755371088
W1C,0.411061,-15.334743,2.5401776199382575,3.7970047014597346,0.5825809700927735,-0.04331936755371088
W1C,5.702667,-5.109985,2.5055127627229945,3.139332430784799,0.5825809700927735,-0.04331936755371088
W1C,-2.44773,-9.110837,2.561781876346855,4.145007337081671,0.5825809700927735,-0.04331936755371088
W1C,-3.24811,-4.924049,2.587010645812434,3.592102109766691,0.5825809700927735,-0.04331936755371088
W1C,1.503715,-8.811195,2.540391062795381,3.170824922989837,0.5825809700927735,-0.04331936755371088
W1C,1.904864,-10.084215,2.366009352545242,2.4744984724288974,0.5825809700927735,-0.04331936755371088
W1C,7.841176,-2.999289,2.489686477063312,4.056899687924156,0.5825809700927735,-0.04331936755371088
W1C,7.749328,-10.472807,2.305660432008427,3.8463294220301183,0.5825809700927735,-0.04331936755371088
W1C,3.392456,-4.375678,2.182471018191441,3.2243769965681364,0.5825809700927735,-0.04331936755371088
W1C,-0.180867,-5.880052,2.308496007978011,3.700304542760851,0.5825809700927735,-0.04331936755371088
W1C,0.465981,-4.822976,2.1824879932662626,3.236322409599496,0.5825809700927735,-0.04331936755371088
W1C,-0.037998,-6.301192,2.5950569486975192,4.435599845143841,0.5825809700927735,-0.04331936755371088
W1C,-1.087028,-7.993945,2.429991404784021,3.1852882368145874,0.5825809700927735,-0.04331936755371088
W1C,1.032783,-7.723962,2.3434419308844285,3.1144215192395475,0.5825809700927735,-0.04331936755371088
W1C,0.24592,-6.797337,2.2469366415064616,3.4590599251033596,0.5825809700927735,-0.04331936755371088
W1C,-4.722792,-18.346477,2.5531776490905407,3.9436235207655725,0.5825809700927735,-0.04331936755371088
W1C,-0.900176,-19.83663,2.4771773187763455,3.996877533905268,0.5825809700927735,-0.04331936755371088
W1C,-0.285449,-13.955608,2.4745377590868225,4.145159118774112,0.5825809700927735,-0.04331936755371088
W1C,2.800384,-12.032797,2.4561464350555777,3.7482360117166436,0.5825809700927735,-0.04331936755371088
W1C,1.766298,-20.647032,2.7935497335950514,5.043704756620625,0.5825809700927735,-0.04331936755371088
W1C,0.422656,-17.210671,2.6151685714870627,5.064899441017804,0.5825809700927735,-0.04331936755371088
W1C,4.931869,-17.70183,2.7659726195654106,5.670803959933284,0.5825809700927735,-0.04331936755371088
W1C,5.971071,-8.80883,2.5035613556508745,3.3039099726930803,0.5825809700927735,-0.04331936755371088
W1C,1.256765,-12.581157,2.497846254008953,4.002167440818692,0.5825809700927735,-0.04331936755371088
W1C,3.991856,-2.355942,2.0595925333770717,2.985446671461017,0.5825809700927735,-0.04331936755371088
W1C,-2.121975,-4.240293,2.2752416728410587,3.124930444711222,0.5825809700927735,-0.04331936755371088
W1C,4.833799,-6.946942,2.2161013779693257,3.735669012333987,0.5825809700927735,-0.04331936755371088
W1C,-3.359149,-6.212554,2.1391287794119775,2.9137363931671736,0.5825809700927735,-0.04331936755371088
W1C,1.830037,-1.284055,2.435892996590987,3.7959122911108807,0.5825809700927735,-0.04331936755371088
W1C,7.143888,-12.69312,2.826775090683832,4.4810858954084445,0.5825809700927735,-0.04331936755371088
W1C,2.212237,-11.586303,2.8220426937535055,5.2854594274380515,0.5825809700927735,-0.04331936755371088
W1C,-1.310056,-9.075152,2.2141312745718724,3.1069212103268184,0.5825809700927735,-0.04331936755371088
W1C,2.745258,-16.025765,1.9828634121503286,2.309737892689465,0.5825809700927735,-0.04331936755371088
W1C,3.042016,-12.515372,2.4995829570030255,3.875215422909764,0.5825809700927735,-0.04331936755371088
W1C,0.710374,-17.640059,2.5354570539830874,4.29798173497239,0.5825809700927735,-0.04331936755371088
W1C,1.61154,-10.793063,2.388995991392337,3.416305858116215,0.5825809700927735,-0.04331936755371088
W1C,-0.094787,-12.213982,2.4419697810160184,3.903621599236225,0.5825809700927735,-0.04331936755371088
W1C,4.348784,-8.281127,2.6577517321993605,3.843734648823964,0.5825809700927735,-0.04331936755371088
W1C,-2.451748,-8.708765,2.2344081845404586,1.9571571206938658,0.5825809700927735,-0.04331936755371088
W1C,-0.671713,-3.441046,1.9367107329203137,2.2067189954197413,0.5825809700927735,-0.04331936755371088
W1C,3.461988,-8.353419,2.5734997890709943,4.433376938603138,0.5825809700927735,-0.04331936755371088
W1C,1.850526,-1.396845,2.9504010981755564,6.1212197058079925,0.5825809700927735,-0.04331936755371088
W1C,7.547932,-12.213822,2.8536741174534073,5.352643957971109,0.5825809700927735,-0.04331936755371088
W1C,8.567877,-12.260736,2.5476295508337263,4.801437295259012,0.5825809700927735,-0.04331936755371088
W1C,3.758419,-13.828667,2.495975059077421,4.182497666741244,0.5825809700927735,-0.04331936755371088
W1C,5.916643,-10.993543,2.7854475647270336,4.824478454318572,0.5825809700927735,-0.04331936755371088
W1C,5.826859,-17.674655,2.6095555430410697,4.538972090333332,0.5825809700927735,-0.04331936755371088
W1C,8.809173,-8.401154,2.769371803836146,5.073244206123095,0.5825809700927735,-0.04331936755371088
W1C,8.434769,-3.066575,2.672389334483162,5.245952761545778,0.5825809700927735,-0.04331936755371088
W1C,3.277004,-4.134696,2.8891995245541,5.306912499226287,0.5825809700927735,-0.04331936755371088
W1C,7.74864,-4.813477,2.585916397999064,5.05000387592751,0.5825809700927735,-0.04331936755371088
W1C,10.793142,-4.372906,2.7355179297782235,5.179998587420084,0.5825809700927735,-0.04331936755371088
W1C,5.618122,-3.475473,2.474133794051172,3.1524691706906993,0.5825809700927735,-0.04331936755371088
W1C,4.904643,-3.245089,2.312210192502734,3.7354879525666136,0.5825809700927735,-0.04331936755371088
W1C,6.143372,0.07772,2.8521320656398284,4.529833207505047,0.5825809700927735,-0.04331936755371088
W1C,4.268307,-3.833946,2.4449358375899317,3.883822476028796,0.5825809700927735,-0.04331936755371088
W1C,6.071329,-6.291856,2.564894813089049,4.714218772234154,0.5825809700927735,-0.04331936755371088
W1C,4.998173,0.288037,2.3876519949945547,3.8574484077515514,0.5825809700927735,-0.04331936755371088
W1C,3.460369,-7.058499,2.9043129567716863,6.120641191559159,0.5825809700927735,-0.04331936755371088
W1C,0.404714,-3.535822,2.487985452053666,3.2001986793052457,0.5825809700927735,-0.04331936755371088
W1C,2.206295,-5.357397,2.528993391166848,3.919816844921499,0.5825809700927735,-0.04331936755371088
W1C,-2.744784,-15.556899,2.4815188944458826,3.9350943902729636,0.5825809700927735,-0.04331936755371088
W1C,-2.339083,-5.690194,2.5751255621866105,4.704834774826696,0.5825809700927735,-0.04331936755371088
W1C,-1.03277,-9.593244,2.3566757603047352,4.636241888551123,0.5825809700927735,-0.04331936755371088
W1C,1.28588,1.258448,2.559953784707908,0.7800549736274807,0.5825809700927735,-0.04331936755371088
W1C,1.586288,-7.833614,2.13179283694583,2.1323123635523547,0.5825809700927735,-0.04331936755371088
W1C,-0.811512,-1.926174,2.3107039056601963,3.8622325369720927,0.5825809700927735,-0.04331936755371088
W1C,-0.387857,-5.734319,2.3143479198678563,3.8963241002285085,0.5825809700927735,-0.04331936755371088
W1C,-0.956601,-3.056468,2.3500619332264177,3.9688362829577053,0.5825809700927735,-0.04331936755371088
W1C,2.496781,-7.628723,2.210894397532014,2.0184805740240113,0.5825809700927735,-0.04331936755371088
W1C,1.186478,-9.183813,2.4852813430287064,4.184899238537591,0.5825809700927735,-0.04331936755371088
W1C,3.826049,-17.839787,2.439419945302118,3.712055022006513,0.5825809700927735,-0.04331936755371088
W1C,5.178011,-8.841809,2.2141312745718724,3.1069212103268184,0.5825809700927735,-0.04331936755371088
W1C,3.402447,-6.3743,2.5168458304186725,3.9040264788327854,0.5825809700927735,-0.04331936755371088
W1C,4.219838,-6.197596,2.567745754559251,4.956450937180372,0.5825809700927735,-0.04331936755371088
W1C,3.33094,-7.252051,2.6456224127936934,5.02195538940155,0.5825809700927735,-0.04331936755371088
W1C,5.72173,-10.446654,2.448961760938165,3.714588242940167,0.5825809700927735,-0.04331936755371088
W1C,-0.180296,2.826516,2.661505461565145,4.448494640107994,0.5825809700927735,-0.04331936755371088
W1C,1.531477,-5.865927,2.8688257968053152,5.191192280914247,0.5825809700927735,-0.04331936755371088
W1C,6.29014,-5.757362,2.16851321294327,3.317911114574847,0.5825809700927735,-0.04331936755371088
W1C,-0.353208,-3.046175,2.495482437108767,3.574740426313439,0.5825809700927735,-0.04331936755371088
W1C,-1.152907,-6.126088,2.495482437108767,3.574740426313439,0.5825809700927735,-0.04331936755371088
W1C,1.545004,-3.07612,2.850193897021324,6.175187013578692,0.5825809700927735,-0.04331936755371088
W1C,0.392152,-16.706631,2.738865889904626,5.2217449822112965,0.5825809700927735,-0.04331936755371088
W1C,1.035797,-5.402373,2.50626538599508,3.984592317191035,0.5825809700927735,-0.04331936755371088
W1C,4.598572,-8.998576,2.842500108752322,6.114263836599143,0.5825809700927735,-0.04331936755371088
W1C,0.239135,-4.553327,2.509529837094688,3.8554909587011212,0.5825809700927735,-0.04331936755371088
W1C,2.327449,-5.498243,2.450761226730242,3.8735663439384846,0.5825809700927735,-0.04331936755371088
W1C,-1.459879,0.298555,2.2162363164235828,3.5752457516975817,0.5825809700927735,-0.04331936755371088
W1C,5.850915,-6.949045,2.635234723386409,5.097174786007838,0.5825809700927735,-0.04331936755371088
W1C,4.728414,-3.882469,2.3212882715901304,3.8445041566127567,0.5825809700927735,-0.04331936755371088
W1C,5.671232,-4.527755,2.5109148890083124,4.921330906347771,0.5825809700927735,-0.04331936755371088
W1C,1.612526,-4.631525,2.3770466119949933,3.806836633183769,0.5825809700927735,-0.04331936755371088
W1C,2.195967,-3.459216,2.13179283694583,2.1323123635523547,0.5825809700927735,-0.04331936755371088
W1C,3.237173,-4.456135,2.8284001857162018,5.122280560880252,0.5825809700927735,-0.04331936755371088
W1C,5.372759,-5.705127,2.3906217100126717,3.7490679254230903,0.5825809700927735,-0.04331936755371088
W1C,8.420602,-5.867509,2.8267681298591474,5.354610683904264,0.5825809700927735,-0.04331936755371088
W1C,-0.535704,-9.465274,2.3987852816249506,3.118207436535456,0.5825809700927735,-0.04331936755371088
W1C,1.570009,-10.199096,2.5724094164504105,4.813289042590765,0.5825809700927735,-0.04331936755371088
W1C,0.970964,-13.536005,2.5442116608294163,3.756161090601672,0.5825809700927735,-0.04331936755371088
W1C,5.368445,-5.21374,2.8506412746903043,4.969571371144753,0.5825809700927735,-0.04331936755371088
W1C,6.464673,-8.647176,2.8356888266390214,4.840990961697354,0.5825809700927735,-0.04331936755371088
W1C,4.774819,-14.221409,2.964966915028048,5.592233613808895,0.5825809700927735,-0.04331936755371088
W1C,7.17474,-5.629134,2.9804019797241583,5.575327132711691,0.5825809700927735,-0.04331936755371088
W1C,2.274689,-13.230719,2.5116593272549066,4.794965164255598,0.5825809700927735,-0.04331936755371088
W1C,0.360884,-12.340388,2.5626152060366625,3.8402134133496566,0.5825809700927735,-0.04331936755371088
W1C,4.379691,-6.887598,2.4522108069129542,3.9557181160373283,0.5825809700927735,-0.04331936755371088
W1C,3.133814,-5.231611,2.6159113616783647,3.0810229245357488,0.5825809700927735,-0.04331936755371088
W1C,2.46021,-16.400215,2.4284005709995053,2.077238730593621,0.5825809700927735,-0.04331936755371088
W1C,3.900011,-5.386861,2.484336518561418,3.8385092452014966,0.5825809700927735,-0.04331936755371088
W1C,0.275365,-3.34986,2.51080493463898,4.145847930010565,0.5825809700927735,-0.04331936755371088
W1C,-1.226091,-4.481062,2.450384853975295,4.193836471584813,0.5825809700927735,-0.04331936755371088
W1C,5.317466,-6.014523,2.3208976803621635,3.79397772691279,0.5825809700927735,-0.04331936755371088
W1C,6.92304,-7.97005,2.631330011441144,5.266873467992786,0.5825809700927735,-0.04331936755371088
W1C,7.439503,-4.19311,2.588397897207545,5.180468857297194,0.5825809700927735,-0.04331936755371088
W1C,10.149864,-3.476779,2.913218719597272,6.022682780633764,0.5825809700927735,-0.04331936755371088
W1C,7.695086,-5.848522,2.8103470724306896,4.980567996976031,0.5825809700927735,-0.04331936755371088
W1C,4.089413,-8.110087,2.458863007774762,3.126979343579717,0.5825809700927735,-0.04331936755371088
W1C,5.438594,-7.76274,2.4520190372230273,3.2704043469162074,0.5825809700927735,-0.04331936755371088
W1C,2.981096,-8.102792,2.4807001996052476,3.143399516003524,0.5825809700927735,-0.04331936755371088
W1C,1.086358,-5.081545,2.456444734445186,3.8340338604469846,0.5825809700927735,-0.04331936755371088
W1C,0.077677,-3.986018,1.9873520963846796,2.5111750868015075,0.5825809700927735,-0.04331936755371088
W1C,2.680803,-8.934029,2.440156473667092,3.8318818677877697,0.5825809700927735,-0.04331936755371088
W1C,0.885623,-5.204063,2.472499188768094,3.1339499423836004,0.5825809700927735,-0.04331936755371088
W1C,3.689391,-13.434056,2.482829406732918,3.930090010194016,0.5825809700927735,-0.04331936755371088
W1C,0.132066,-9.458646,2.8324491319702703,5.464476251404621,0.5825809700927735,-0.04331936755371088
W1C,1.337766,-7.093913,2.2162363164235828,3.5752457516975817,0.5825809700927735,-0.04331936755371088
W1C,0.069362,-4.510173,2.3208976803621635,3.79397772691279,0.5825809700927735,-0.04331936755371088
W1C,0.348172,-5.285085,2.521270644275015,4.159856173044012,0.5825809700927735,-0.04331936755371088
W1C,4.093642,-4.538388,2.7966189685349754,4.53080195996027,0.5825809700927735,-0.04331936755371088
W1C,4.407214,-5.080871,2.603633008862378,4.093554102438795,0.5825809700927735,-0.04331936755371088
W1C,6.196096,-8.732344,2.4621457473366406,4.003121056257048,0.5825809700927735,-0.04331936755371088
W1C,5.095212,-0.465363,2.3740768969768764,3.9143049601617825,0.5825809700927735,-0.04331936755371088
W1C,6.151557,-2.992381,2.085596283213588,1.3000091084048155,0.5825809700927735,-0.04331936755371088
W1C,8.818312,-5.499474,2.7389405312659325,5.321607954273572,0.5825809700927735,-0.04331936755371088
W1C,2.929975,-3.612633,2.4449358375899317,3.883822476028796,0.5825809700927735,-0.04331936755371088
W1C,0.346574,-2.382794,2.491617682148414,3.76150460077808,0.5825809700927735,-0.04331936755371088
W1C,3.519045,-7.162301,2.5087390049012215,3.911815244725843,0.5825809700927735,-0.04331936755371088
W1C,5.433859,-3.308709,2.39107829877595,3.9899798184875213,0.5825809700927735,-0.04331936755371088
W1C,6.411371,-1.076095,2.4422331192989444,3.443503607492834,0.5825809700927735,-0.04331936755371088
W1C,8.783953,0.608267,2.560592752644034,4.354157223146199,0.5825809700927735,-0.04331936755371088
W1C,8.459328,-0.366695,2.1623442029595554,3.2423671795076725,0.5825809700927735,-0.04331936755371088
W1C,8.740631,-1.286859,2.397634424377875,1.9293564689223068,0.5825809700927735,-0.04331936755371088
W1C,-2.853077,-6.77716,2.16035744752793,2.8322604220552487,0.5825809700927735,-0.04331936755371088
W1C,2.265164,-7.537399,2.3766835477683887,3.9252106774184927,0.5825809700927735,-0.04331936755371088
W1C,-0.298465,-9.835975,2.394161462009451,1.008339010377834,0.5825809700927735,-0.04331936755371088
W1C,0.685417,-7.30234,2.4770248118815887,3.9837069180237368,0.5825809700927735,-0.04331936755371088
W1C,3.148904,-9.976452,2.893605886878921,6.277558228041474,0.5825809700927735,-0.04331936755371088
W1C,0.020015,-11.048476,2.491397070327257,3.0627262802777366,0.5825809700927735,-0.04331936755371088
W1C,7.745311,-10.070735,2.913218719597272,6.022682780633764,0.5825809700927735,-0.04331936755371088
W1C,4.801207,-8.842679,2.3371653695912613,2.6925760160206034,0.5825809700927735,-0.04331936755371088
W1C,-1.902718,-19.578626,2.5440324887774493,4.790826936024522,0.5825809700927735,-0.04331936755371088
W1C,1.012382,-11.674258,2.6622707567543142,4.220896696026015,0.5825809700927735,-0.04331936755371088
W1C,7.885025,-7.522522,2.4770248118815887,3.9837069180237368,0.5825809700927735,-0.04331936755371088
W1C,4.20406,-12.146208,2.564324280485398,4.350018833777863,0.5825809700927735,-0.04331936755371088
W1C,-2.584297,-16.235776,2.57255330179205,4.5237777632620375,0.5825809700927735,-0.04331936755371088
W1C,0.94159,-12.161368,2.498008594171377,3.1620427974607073,0.5825809700927735,-0.04331936755371088
W1C,2.816277,-12.982498,2.4950574625803252,4.110810248711979,0.5825809700927735,-0.04331936755371088
W1C,-0.840193,-19.728423,2.389185391428122,3.877467755062382,0.5825809700927735,-0.04331936755371088
W1C,2.378802,-11.874845,2.5583380907061306,4.650066518179562,0.5825809700927735,-0.04331936755371088
W1C,-0.623031,-12.038795,2.1756228916769844,2.950850393075024,0.5825809700927735,-0.04331936755371088
W1C,1.114979,-7.036579,2.601336278210106,4.910994413414799,0.5825809700927735,-0.04331936755371088
W1C,0.203938,-3.848097,2.136276419615909,3.0012981274946102,0.5825809700927735,-0.04331936755371088
W1C,6.838176,-16.738793,2.5052488434144298,4.8799751230127155,0.5825809700927735,-0.04331936755371088
W1C,-3.954208,-7.116307,2.2228805919593433,2.842149208604421,0.5825809700927735,-0.04331936755371088
W1C,-2.123131,-9.743245,2.5619530466102547,4.3567011797383355,0.5825809700927735,-0.04331936755371088
W1C,1.83917,-13.317544,2.4764387571262425,3.799832876160836,0.5825809700927735,-0.04331936755371088
W1C,1.13801,-11.547463,2.4770248118815887,3.9837069180237368,0.5825809700927735,-0.04331936755371088
W1C,-1.067943,-7.280644,2.635234723386409,5.097174786007838,0.5825809700927735,-0.04331936755371088
W1C,2.024638,-7.791599,2.8267681298591474,5.354610683904264,0.5825809700927735,-0.04331936755371088
W1C,0.319184,-8.062849,2.3237966195433395,3.9038546640243954,0.5825809700927735,-0.04331936755371088
W1C,6.461532,-7.095436,2.2997387766719823,3.8192481665661817,0.5825809700927735,-0.04331936755371088
W1C,1.753663,-8.769615,2.476590025949545,4.496790085070969,0.5825809700927735,-0.04331936755371088
W1C,2.118317,-6.52443,2.238227857595745,3.393923876252304,0.5825809700927735,-0.04331936755371088
W1C,0.286418,-9.3,2.2446686156008724,2.9776260610078853,0.5825809700927735,-0.04331936755371088
W1C,3.76302,-5.524171,2.431142086136449,3.2578843092483747,0.5825809700927735,-0.04331936755371088
W1C,-1.412017,-3.209135,2.4319183407625524,3.158803853309379,0.5825809700927735,-0.04331936755371088
W1C,-1.762816,-8.614043,2.631330011441144,5.266873467992786,0.5825809700927735,-0.04331936755371088
W1C,3.023999,-6.687621,2.821605639066688,4.815106286247546,0.5825809700927735,-0.04331936755371088
W1C,1.865345,-11.912583,2.7884166741547283,4.510371353134822,0.5825809700927735,-0.04331936755371088
W1C,3.841239,-16.155143,2.631330011441144,5.266873467992786,0.5825809700927735,-0.04331936755371088
W1C,6.201395,-10.529778,2.8242069249301704,5.254734672638136,0.5825809700927735,-0.04331936755371088
W1C,2.437614,-12.82699,2.8688257968053152,5.191192280914247,0.5825809700927735,-0.04331936755371088
W1C,4.154585,-7.343598,2.4906092194705636,3.188140897546004,0.5825809700927735,-0.04331936755371088
W1C,6.237885,-14.047983,2.7389405312659325,5.321607954273572,0.5825809700927735,-0.04331936755371088
W1C,3.442042,-11.634002,2.4319183407625524,3.158803853309379,0.5825809700927735,-0.04331936755371088
W1C,-1.04992,-13.108395,2.5950569486975192,4.435599845143841,0.5825809700927735,-0.04331936755371088
W1C,-1.549429,-17.343955,2.478811924059423,4.025731935800331,0.5825809700927735,-0.04331936755371088
W1C,2.289975,-5.11659,2.601336278210106,4.910994413414799,0.5825809700927735,-0.04331936755371088
W1C,2.214988,-4.543043,2.8270465926375095,5.053439810033723,0.5825809700927735,-0.04331936755371088
W1C,-0.976559,-4.919438,2.7966189685349754,4.53080195996027,0.5825809700927735,-0.04331936755371088
W1C,2.073731,-8.441808,2.4225307462121908,4.278398623791018,0.5825809700927735,-0.04331936755371088
W1C,1.936708,-5.74389,2.9770100640778945,5.644067681704671,0.5825809700927735,-0.04331936755371088
W1C,4.786721,-13.161668,2.897304349284608,5.944484608717398,0.5825809700927735,-0.04331936755371088
W1C,1.462945,-4.611846,2.3668044316507095,3.7596130426815124,0.5825809700927735,-0.04331936755371088
W1C,1.860702,-1.029068,2.4813673251043635,4.2546763810507535,0.5825809700927735,-0.04331936755371088
W1C,1.72234,-3.175515,2.235180717385181,3.6167560461017416,0.5825809700927735,-0.04331936755371088
W1C,2.877827,1.993816,2.565093423126426,4.732736546602992,0.5825809700927735,-0.04331936755371088
W1C,6.407573,-5.585452,2.6622707567543142,4.220896696026015,0.5825809700927735,-0.04331936755371088
W1C,6.627058,-4.850075,2.8808910010162956,6.4928674732956795,0.5825809700927735,-0.04331936755371088
W1C,7.3567,-16.612046,2.6081685580311254,4.17495817943171,0.5825809700927735,-0.04331936755371088
W1C,6.917777,2.902339,2.3723395161863285,1.449200222579984,0.5825809700927735,-0.04331936755371088
W1C,8.067455,-5.925536,2.484905185067796,4.906860835353817,0.5825809700927735,-0.04331936755371088
W1C,3.990026,-5.034793,2.3987852816249506,3.118207436535456,0.5825809700927735,-0.04331936755371088
W1C,3.823571,-7.201965,2.5658477488766827,4.211191190853443,0.5825809700927735,-0.04331936755371088
W1C,1.793125,-5.71339,2.8324491319702703,5.464476251404621,0.5825809700927735,-0.04331936755371088
W1C,0.994291,-10.66862,2.49942820887804,5.316441534902115,0.5825809700927735,-0.04331936755371088
W1C,8.301188,-6.452312,2.908361903025755,6.488456181790201,0.5825809700927735,-0.04331936755371088
W1C,1.040842,-6.920734,2.322657038160192,2.764072050571798,0.5825809700927735,-0.04331936755371088
W1C,10.26373,-15.560883,2.9754390277167304,6.145491659837049,0.5825809700927735,-0.04331936755371088
W1C,9.608744,-8.915499,2.8666998992846606,6.286700811419072,0.5825809700927735,-0.04331936755371088
W1C,5.786822,-10.05968,2.9106909884511323,6.463850632093231,0.5825809700927735,-0.04331936755371088
W1C,-1.446316,-10.239436,2.8010614590661462,4.792463144219383,0.5825809700927735,-0.04331936755371088
W1C,6.862542,-3.077513,2.5928592921308486,3.713124191327364,0.5825809700927735,-0.04331936755371088
W1C,-0.054612,-8.767116,2.875035546076793,5.9587116807839315,0.5825809700927735,-0.04331936755371088
W1C,-0.869366,-24.872586,2.913346024112705,6.362242430353484,0.5825809700927735,-0.04331936755371088
W1C,3.032402,-10.226552,2.8347782173956464,5.547492885985622,0.5825809700927735,-0.04331936755371088
W1C,-2.467542,-5.772179,2.631330011441144,5.266873467992786,0.5825809700927735,-0.04331936755371088
W1C,0.792586,-10.902706,2.51157704843472,3.941823066301168,0.5825809700927735,-0.04331936755371088
W1C,1.203438,-11.060047,2.62810287179204,4.581447787049598,0.5825809700927735,-0.04331936755371088
W1C,2.968855,-16.730559,2.2505584737875264,3.193534154334335,0.5825809700927735,-0.04331936755371088
W1C,1.446987,-12.926857,2.220061506540719,2.1145017724869235,0.5825809700927735,-0.04331936755371088
S1O,5.450137,-1.377366,3.2976708934476306,0.5058930583673241,0.5490047134295499,-0.26137151761252453
S1O,2.718362,-5.698903,3.0511429148852263,0.4909060087694342,0.5490047134295499,-0.26137151761252453
S1O,7.517357,-4.050299,3.3858425526469,0.5372303361612413,0.5490047134295499,-0.26137151761252453
S1O,0.855857,-5.024372,3.2931338978216984,0.48528115006939704,0.5490047134295499,-0.26137151761252453
S1O,2.603543,-3.348403,3.0415349840929116,0.45312877472711116,0.5490047134295499,-0.26137151761252453
S1O,2.669636,-5.227347,1.9453258615848343,0.5413828370879697,0.5490047134295499,-0.26137151761252453
S1O,3.603913,-2.891496,2.968103844020668,0.4642853296247558,0.5490047134295499,-0.26137151761252453
S1O,3.163036,0.54898,2.8869339760655905,0.43516176218097913,0.5490047134295499,-0.26137151761252453
S1O,0.252263,-3.795927,2.5141602127134663,0.4592974349593236,0.5490047134295499,-0.26137151761252453
S1O,3.123046,-1.301644,2.3982210497062995,0.5309031687566145,0.5490047134295499,-0.26137151761252453
S1O,3.88904,-3.086204,2.877966136120286,0.4437100789652928,0.5490047134295499,-0.26137151761252453
S1O,4.845872,0.029708,1.9344991789789368,0.5503095748701635,0.5490047134295499,-0.26137151761252453
S1O,2.776668,-9.43029,2.2273165913120634,0.4657899938212096,0.5490047134295499,-0.26137151761252453
S1O,4.780631,-15.794251,2.184005783491149,0.23364274700895687,0.5490047134295499,-0.26137151761252453
S1O,5.003787,-8.607406,2.2844837288189708,0.38087037600081414,0.5490047134295499,-0.26137151761252453
S1O,4.364297,-6.39468,3.3362046455153247,0.45312877472711116,0.5490047134295499,-0.26137151761252453
S1O,3.241932,-3.484944,2.995947621365609,0.03542543312688152,0.5490047134295499,-0.26137151761252453
S1O,0.20874,-3.994382,3.166349040685656,0.5058930583673241,0.5490047134295499,-0.26137151761252453
S1O,2.127244,-7.964854,2.9866932670385413,0.525433272377805,0.5490047134295499,-0.26137151761252453
S1O,2.370837,-4.607713,2.6442829716363434,0.46515075665086575,0.5490047134295499,-0.26137151761252453
S1O,5.97998,-11.531205,1.6552383000012538,0.5248748208709508,0.5490047134295499,-0.26137151761252453
S1O,1.38968,-6.248873,2.2848114133642667,0.5052878989754416,0.5490047134295499,-0.26137151761252453
S1O,-0.155615,-6.630332,1.498664443893749,0.5190214991794087,0.5490047134295499,-0.26137151761252453
S1O,8.8216,-4.313772,2.5791852584501385,0.49482261949972267,0.5490047134295499,-0.26137151761252453
S1O,4.677105,-0.57466,2.471096782565779,0.4793805278036353,0.5490047134295499,-0.26137151761252453
S1O,4.153723,-6.405102,1.5391805045022906,0.5456778688161383,0.5490047134295499,-0.26137151761252453
S1O,3.049768,-3.931722,2.649685318253144,0.4807920234029318,0.5490047134295499,-0.26137151761252453
S1O,4.241241,-8.095503,1.5929590711718362,0.41519905756405945,0.5490047134295499,-0.26137151761252453
S1O,2.699246,-6.322892,2.0457484363673353,0.5450052142894822,0.5490047134295499,-0.26137151761252453
S1O,2.849677,2.720948,2.4826537248306186,0.4914477709284489,0.5490047134295499,-0.26137151761252453
S1O,3.408165,-0.067621,2.397409888264174,0.4879441140303822,0.5490047134295499,-0.26137151761252453
S1O,-0.613347,-9.584702,2.0457484363673353,0.5450052142894822,0.5490047134295499,-0.26137151761252453
S1O,0.798783,-3.938436,1.8092356112387058,0.5253864586375668,0.5490047134295499,-0.26137151761252453
S1O,4.490697,4.224353,2.062745367372288,0.38674759154554295,0.5490047134295499,-0.26137151761252453
S1O,3.03421,-3.540175,2.1391131078618804,0.4175628004981597,0.5490047134295499,-0.26137151761252453
S1O,-1.205717,-0.822575,1.840308015135605,0.35808976730678144,0.5490047134295499,-0.26137151761252453
S1O,2.343466,0.528332,1.416836193704208,0.3492324814750453,0.5490047134295499,-0.26137151761252453
S1O,1.368001,0.226284,1.9715337438305462,0.42075278631261354,0.5490047134295499,-0.26137151761252453
S1O,2.550214,2.090481,2.0457968104638096,0.5254209702767535,0.5490047134295499,-0.26137151761252453
S1O,0.86397,-1.832512,2.131687471128883,0.3898279809651671,0.5490047134295499,-0.26137151761252453
S1O,0.701887,1.491748,2.2784119899542055,0.5254209702767535,0.5490047134295499,-0.26137151761252453
S1O,3.511501,-3.288103,1.5301328627528759,0.553103963298867,0.5490047134295499,-0.26137151761252453
S1O,2.528671,-5.91142,1.5393545005620077,0.34492968937401913,0.5490047134295499,-0.26137151761252453
S1O,0.316225,-0.473281,2.1277093505511577,0.5383292632393432,0.5490047134295499,-0.26137151761252453
S1O,5.16003,-2.890156,1.488755998941755,0.3495580844962932,0.5490047134295499,-0.26137151761252453
S1O,4.053817,-1.599816,2.0181089015927793,0.37535478221573615,0.5490047134295499,-0.26137151761252453
S1O,6.583256,-0.191275,1.4708931353428452,0.38203369637698487,0.5490047134295499,-0.26137151761252453
S1O,5.119507,0.393748,1.5456393705430473,0.34385479854745826,0.5490047134295499,-0.26137151761252453
S1O,6.32732,6.330609,1.4930606979624057,0.5041695053403937,0.5490047134295499,-0.26137151761252453
S1O,3.93712,-0.711426,2.1858584995300374,0.47076063536707075,0.5490047134295499,-0.26137151761252453
S1O,1.035078,-0.424616,1.4661406663963397,0.5098727912892286,0.5490047134295499,-0.26137151761252453
S1O,4.932847,-2.051331,1.504399212922859,0.48426749269264546,0.5490047134295499,-0.26137151761252453
S1O,2.245927,1.850955,1.8943819894672602,0.49033386178043903,0.5490047134295499,-0.26137151761252453
S1O,2.68298,-0.037794,1.590541360335314,0.38568974080941815,0.5490047134295499,-0.26137151761252453
S1O,2.733928,-0.565285,2.2848114133642667,0.5052878989754416,0.5490047134295499,-0.26137151761252453
S1O,7.75784,1.918915,2.5905018355269904,0.48079210423554797,0.5490047134295499,-0.26137151761252453
S1O,8.90158,0.816205,1.6561308604126803,0.519904260157706,0.5490047134295499,-0.26137151761252453
S1O,6.802943,-2.782103,2.8452077045532596,0.42967956370111815,0.5490047134295499,-0.26137151761252453
S1O,4.418615,-2.290152,2.429643770404122,-0.32093345708849913,0.5490047134295499,-0.26137151761252453
S1O,3.68659,-1.333496,2.6490551879416997,0.5282276608065085,0.5490047134295499,-0.26137151761252453
S1O,4.155611,0.582173,1.3936084836832285,0.5329307722128224,0.5490047134295499,-0.26137151761252453
S1O,1.95765,-3.535135,1.6649448614562565,0.5098727912892286,0.5490047134295499,-0.26137151761252453
S1O,6.617075,-4.546347,2.5016955652827253,0.4744098862577742,0.5490047134295499,-0.26137151761252453
S1O,4.039723,-0.706063,2.471096782565779,0.4793805278036353,0.5490047134295499,-0.26137151761252453
S1O,3.532486,0.226725,1.518851182111607,0.5041695053403937,0.5490047134295499,-0.26137151761252453
S1O,3.126906,-1.614396,2.2393029782031113,0.40076450180015744,0.5490047134295499,-0.26137151761252453
S1O,4.757394,-6.584328,1.7437094711542505,0.49252900634416913,0.5490047134295499,-0.26137151761252453
S1O,4.343304,-1.526883,2.933231383496753,0.48528115006939704,0.5490047134295499,-0.26137151761252453
S1O,6.577826,-4.097651,2.09893338610913,0.5450052142894822,0.5490047134295499,-0.26137151761252453
S1O,1.664865,-5.762139,2.243734907302157,0.5394514855409281,0.5490047134295499,-0.26137151761252453
S1O,2.524689,0.495765,2.0490423344972184,0.3932426547127605,0.5490047134295499,-0.26137151761252453
S1O,1.455761,0.25481,2.9011210845145663,0.5058930583673241,0.5490047134295499,-0.26137151761252453
S1O,4.146143,-0.823698,2.548892695594054,0.5450052142894822,0.5490047134295499,-0.26137151761252453
S1O,3.539327,-0.700103,1.5071692855585324,0.5098727912892286,0.5490047134295499,-0.26137151761252453
S1O,6.788935,-2.267861,2.1956473587383436,0.47076063536707075,0.5490047134295499,-0.26137151761252453
S1O,6.563254,-8.070482,2.20098579269391,0.4141313847135932,0.5490047134295499,-0.26137151761252453
S1O,8.919929,-4.955561,1.6422148547673776,0.5328125531202955,0.5490047134295499,-0.26137151761252453
S1O,8.838531,-2.394873,2.1956473587383436,0.47076063536707075,0.5490047134295499,-0.26137151761252453
S1O,3.083202,0.374901,1.4694003736971153,0.3525243796223436,0.5490047134295499,-0.26137151761252453
S1O,5.596135,-0.604282,1.8161492243506454,0.519904260157706,0.5490047134295499,-0.26137151761252453
S1O,5.736538,-4.407281,1.3886312908348157,0.5508513370291781,0.5490047134295499,-0.26137151761252453
S1O,7.789178,-1.241689,2.5930343900784307,0.5153193678439189,0.5490047134295499,-0.26137151761252453
S1O,8.2008,0.4205,2.494712985124486,0.479051034899859,0.5490047134295499,-0.26137151761252453
S1O,3.144092,-0.834031,1.403081056425694,0.5434252425464494,0.5490047134295499,-0.26137151761252453
S1O,2.831707,-0.168982,1.5429145397697288,0.5316821491521916,0.5490047134295499,-0.26137151761252453
S1O,4.570513,0.301997,1.5317919358345835,0.5305599268506067,0.5490047134295499,-0.26137151761252453
S1O,4.698006,3.31968,1.505932054631292,0.5098727912892286,0.5490047134295499,-0.26137151761252453
S1O,4.002963,-2.880566,1.6477400866409544,0.5153885794250552,0.5490047134295499,-0.26137151761252453
S1O,-0.653483,-2.483433,1.730094234911135,0.36797557092157795,0.5490047134295499,-0.26137151761252453
S1O,0.241053,-1.708009,1.7290599464734844,0.5206594925385316,0.5490047134295499,-0.26137151761252453
S1O,2.953704,-3.535624,1.6550009164394328,0.5128204165227405,0.5490047134295499,-0.26137151761252453
S1O,1.657448,-6.464922,1.6550009164394328,0.5128204165227405,0.5490047134295499,-0.26137151761252453
S1O,0.939945,-1.345681,1.651595201670402,0.5222488283028555,0.5490047134295499,-0.26137151761252453
S1O,0.781424,-3.959779,1.9111837609903155,0.5652966244680536,0.5490047134295499,-0.26137151761252453
S1O,1.524917,-8.142886,2.4286344967533116,0.034817766402273055,0.5490047134295499,-0.26137151761252453
S1O,4.506184,-5.599039,2.2919808210799433,0.5254209702767535,0.5490047134295499,-0.26137151761252453
S1O,-1.701929,-5.315119,1.9533288243080793,0.545712380455325,0.5490047134295499,-0.26137151761252453
S1O,6.257531,-6.144508,2.86171785976132,0.4863088143545956,0.5490047134295499,-0.26137151761252453
S1O,5.907097,-1.961292,1.6442541632185463,0.5339347754218805,0.5490047134295499,-0.26137151761252453
S1O,5.784998,-2.311574,1.6425549832635264,0.5339347754218805,0.5490047134295499,-0.26137151761252453
S1O,2.811108,1.562285,2.1165658380964048,0.37535478221573615,0.5490047134295499,-0.26137151761252453
S1O,6.545042,2.657183,2.13479821041687,0.5383292632393432,0.5490047134295499,-0.26137151761252453
S1O,7.198991,2.129094,2.149617032205367,0.40116854229988486,0.5490047134295499,-0.26137151761252453
S1O,5.616794,1.571131,2.1277093505511577,0.5383292632393432,0.5490047134295499,-0.26137151761252453
S1O,9.489187,1.876863,1.9599015432407665,0.417130409111101,0.5490047134295499,-0.26137151761252453
S1O,6.580796,5.099629,2.0457484363673353,0.5450052142894822,0.5490047134295499,-0.26137151761252453
S1O,6.568905,1.841012,1.5055248284137512,0.37535478221573615,0.5490047134295499,-0.26137151761252453
S1O,1.273678,-2.871407,1.3886906732948523,0.5519735593307631,0.5490047134295499,-0.26137151761252453
S1O,2.860111,-2.905265,1.840308015135605,0.35808976730678144,0.5490047134295499,-0.26137151761252453
S1O,1.835369,-1.697664,2.0156519541200812,0.38674759154554295,0.5490047134295499,-0.26137151761252453
S1O,1.788414,3.472973,2.2456340416847183,0.5413828370879697,0.5490047134295499,-0.26137151761252453
S1O,2.58254,-4.005771,2.1610293893102948,0.4175628004981597,0.5490047134295499,-0.26137151761252453
S1O,5.446286,-2.493344,2.062075807344288,0.5621066386535998,0.5490047134295499,-0.26137151761252453
S1O,-0.383046,-0.556539,2.16938280124079,0.5418152284750284,0.5490047134295499,-0.26137151761252453
S1O,1.809359,0.223662,2.16938280124079,0.5418152284750284,0.5490047134295499,-0.26137151761252453
S1O,2.181042,-1.583258,2.101892746369489,0.3835576057310891,0.5490047134295499,-0.26137151761252453
S1O,-0.201553,-3.156369,2.062075807344288,0.5621066386535998,0.5490047134295499,-0.26137151761252453
S1O,3.964998,0.258088,2.1856074212038408,0.38568974080941815,0.5490047134295499,-0.26137151761252453
S1O,3.857036,-1.175701,2.092282802432942,0.5621066386535998,0.5490047134295499,-0.26137151761252453
S1O,3.054368,-1.945155,1.899856560041773,0.3548997814923277,0.5490047134295499,-0.26137151761252453
S1O,2.602705,3.114414,2.244949783161921,0.38568974080941815,0.5490047134295499,-0.26137151761252453
S1O,1.225298,-3.917896,2.042620588989603,0.34492968937401913,0.5490047134295499,-0.26137151761252453
S1O,4.293285,-2.316554,1.9476027734471049,0.39643264052721444,0.5490047134295499,-0.26137151761252453
S1O,6.491616,-4.003482,1.6601769407216491,0.3906535888135496,0.5490047134295499,-0.26137151761252453
S1O,3.561708,0.838981,2.2424356990193286,0.5394514855409281,0.5490047134295499,-0.26137151761252453
S1O,6.203287,-0.817191,2.243734907302157,0.5394514855409281,0.5490047134295499,-0.26137151761252453
S1O,6.259294,1.412034,2.161237255595716,0.3835576057310891,0.5490047134295499,-0.26137151761252453
S1O,6.156319,0.257011,1.6805569469013724,0.35541140618783545,0.5490047134295499,-0.26137151761252453
S1O,2.875436,0.509426,2.096198102089962,0.3835576057310891,0.5490047134295499,-0.26137151761252453
S1O,5.291133,-0.475423,2.127983144692272,0.5418152284750284,0.5490047134295499,-0.26137151761252453
S1O,1.274557,-2.570084,2.482824582840115,0.5450052142894822,0.5490047134295499,-0.26137151761252453
S1O,4.208455,-1.340669,1.964106811812372,0.5652966244680536,0.5490047134295499,-0.26137151761252453
S1O,3.899042,0.139035,1.9599015432407665,0.417130409111101,0.5490047134295499,-0.26137151761252453
S1O,0.182274,-2.843205,2.19422715188759,0.5254209702767535,0.5490047134295499,-0.26137151761252453
S1O,4.00056,-0.636878,1.9223292105449608,0.5652966244680536,0.5490047134295499,-0.26137151761252453
S1O,4.344174,0.203171,2.101892746369489,0.3835576057310891,0.5490047134295499,-0.26137151761252453
S1O,-0.517809,-0.749837,2.0400222979598093,0.3835576057310891,0.5490047134295499,-0.26137151761252453
S1O,4.42568,1.359407,2.0471520040636717,0.4175628004981597,0.5490047134295499,-0.26137151761252453
S1O,6.703848,-8.536069,3.046281729765557,0.47972742132084306,0.5490047134295499,-0.26137151761252453
S1O,1.656267,-5.437956,3.1488459865544307,0.4863088143545956,0.5490047134295499,-0.26137151761252453
S1O,7.978583,-2.558343,2.5982029159250257,0.5222309844622997,0.5490047134295499,-0.26137151761252453
S1O,5.142526,0.515228,2.521354324814572,0.5383292632393432,0.5490047134295499,-0.26137151761252453
S1O,8.273723,-0.956542,2.45376833122265,0.5450052142894822,0.5490047134295499,-0.26137151761252453
S1O,7.616874,1.234842,1.8995515604005357,0.561674247266541,0.5490047134295499,-0.26137151761252453
S1O,6.278219,-1.30139,1.9752522613670174,0.5652966244680536,0.5490047134295499,-0.26137151761252453
S1O,4.869941,-0.306511,2.0457484363673353,0.5450052142894822,0.5490047134295499,-0.26137151761252453
S1O,1.220588,4.286404,1.6581761096287317,0.519904260157706,0.5490047134295499,-0.26137151761252453
S1O,3.992229,-2.879959,1.9600088063371963,0.3831252143440303,0.5490047134295499,-0.26137151761252453
S1O,1.347636,-1.848688,1.5431560985054935,0.3552909503673661,0.5490047134295499,-0.26137151761252453
S1O,9.325932,6.22809,1.9111837609903155,0.5652966244680536,0.5490047134295499,-0.26137151761252453
S1O,1.891114,1.670094,2.627811063288792,0.5153193678439189,0.5490047134295499,-0.26137151761252453
S1O,7.604596,-0.315976,2.6141870051319964,0.48130366116954776,0.5490047134295499,-0.26137151761252453
S1O,2.68248,-0.618187,2.177665575013833,-0.0006285072459490844,0.5490047134295499,-0.26137151761252453
S1O,3.089414,-0.563054,3.061951124610491,0.4868203712885954,0.5490047134295499,-0.26137151761252453
S1O,7.320319,-2.48765,3.1038758128046515,0.42967956370111815,0.5490047134295499,-0.26137151761252453
S1O,2.96753,-1.862113,2.642344742896844,0.48872975565227667,0.5490047134295499,-0.26137151761252453
S1O,0.792758,0.336931,2.430740828398593,0.5254209702767535,0.5490047134295499,-0.26137151761252453
S1O,6.188001,-4.421637,3.025084273252919,0.41323622825604533,0.5490047134295499,-0.26137151761252453
S1O,4.991393,-4.063791,2.86590332459878,0.42967956370111815,0.5490047134295499,-0.26137151761252453
S1O,4.335275,1.855643,2.5023858407814212,0.5270972568384046,0.5490047134295499,-0.26137151761252453
S1O,-0.149619,-6.619509,2.4245043403820383,0.05065636949720792,0.5490047134295499,-0.26137151761252453
S1O,0.396255,1.60948,2.484907674542773,0.4719580849321065,0.5490047134295499,-0.26137151761252453
S1O,0.963107,2.302968,2.5023858407814212,0.5270972568384046,0.5490047134295499,-0.26137151761252453
S1O,1.30311,3.745966,2.43827883818985,0.4609354283184465,0.5490047134295499,-0.26137151761252453
S1O,6.793921,6.393531,2.877966136120286,0.4475750459785571,0.5490047134295499,-0.26137151761252453
S1O,2.580339,5.671764,2.620897450176852,0.5208015663237797,0.5490047134295499,-0.26137151761252453
S1O,5.904964,4.669027,3.076305684099954,0.500922416821463,0.5490047134295499,-0.26137151761252453
S1O,-1.981213,3.842303,2.5316383789521146,0.5259750345368196,0.5490047134295499,-0.26137151761252453
S1O,3.261857,1.916314,1.6686222214741266,0.5157261129807709,0.5490047134295499,-0.26137151761252453
S1O,6.724894,0.314169,1.681418690773797,0.5157261129807709,0.5490047134295499,-0.26137151761252453
S1O,7.656158,2.02512,1.6768241907262207,0.4795471605311361,0.5490047134295499,-0.26137151761252453
S1O,3.308043,-1.267452,1.6649448614562565,0.5098727912892286,0.5490047134295499,-0.26137151761252453
S1O,7.092321,1.956532,3.0096519848199805,0.533744370925556,0.5490047134295499,-0.26137151761252453
S1O,4.670419,-4.503289,2.2363066580626914,0.5383292632393432,0.5490047134295499,-0.26137151761252453
S1O,1.013763,1.675036,3.3610019578242696,0.5372303361612413,0.5490047134295499,-0.26137151761252453
S1O,-2.604369,2.247879,2.161237255595716,0.3835576057310891,0.5490047134295499,-0.26137151761252453
S1O,-2.103746,5.389578,2.046123563081178,0.5621066386535998,0.5490047134295499,-0.26137151761252453
S1O,-0.982468,3.127299,2.161237255595716,0.3835576057310891,0.5490047134295499,-0.26137151761252453
S1O,-0.670256,-2.303894,1.956958062174614,0.5450052142894822,0.5490047134295499,-0.26137151761252453
S1O,3.109572,1.031966,2.4903100211595737,0.48759935168417257,0.5490047134295499,-0.26137151761252453
S1O,-1.781925,-0.633741,2.3624292126337787,0.5450052142894822,0.5490047134295499,-0.26137151761252453
S1O,2.466813,2.329596,1.9826791933851917,0.42075278631261354,0.5490047134295499,-0.26137151761252453
S1O,4.850757,3.545447,1.8807483119197586,0.35808976730678144,0.5490047134295499,-0.26137151761252453
S1O,3.565172,-3.291137,1.9826791933851917,0.42075278631261354,0.5490047134295499,-0.26137151761252453
S1O,0.9835,0.091749,2.15269465465183,0.5450052142894822,0.5490047134295499,-0.26137151761252453
S1O,0.024192,3.695471,2.2326249178823545,0.5450052142894822,0.5490047134295499,-0.26137151761252453
S1O,0.84899,5.713813,1.607678295589923,0.519904260157706,0.5490047134295499,-0.26137151761252453
S1O,0.454221,4.921303,2.397409888264174,0.4879441140303822,0.5490047134295499,-0.26137151761252453
S1O,0.734904,4.838467,2.2211141955548115,0.4995846130266067,0.5490047134295499,-0.26137151761252453
S1O,0.070544,1.181412,1.7456819846538978,0.4950971692464839,0.5490047134295499,-0.26137151761252453
S1O,1.341199,1.466775,1.5485575965543497,0.357188869672275,0.5490047134295499,-0.26137151761252453
S1O,4.267949,-0.573857,2.877966136120286,0.4437100789652928,0.5490047134295499,-0.26137151761252453
S1O,3.429806,-0.827856,2.3547284958357055,0.46854071850228696,0.5490047134295499,-0.26137151761252453
S1O,11.06345,-5.802248,2.4826537248306186,0.4914477709284489,0.5490047134295499,-0.26137151761252453
S1O,6.264176,-2.026123,2.460050517613984,0.49256999323003375,0.5490047134295499,-0.26137151761252453
S1O,1.34658,-6.916154,1.8675877851294294,0.5206594925385316,0.5490047134295499,-0.26137151761252453
S1O,6.278555,-1.390705,1.5302029198712366,0.3525243796223436,0.5490047134295499,-0.26137151761252453
S1O,7.841469,-2.126439,2.9055393813078587,0.48528115006939704,0.5490047134295499,-0.26137151761252453
S1O,9.26123,-12.062693,2.308336414062077,0.5413828370879697,0.5490047134295499,-0.26137151761252453
S1O,2.900428,0.284774,2.586323945033576,0.4758214626896868,0.5490047134295499,-0.26137151761252453
S1O,2.023975,-2.266422,1.716901646277148,0.5126393620342511,0.5490047134295499,-0.26137151761252453
S1O,2.89295,2.629207,2.3738076681707763,0.3453797016225097,0.5490047134295499,-0.26137151761252453
S1O,6.703741,-12.252993,2.1642223294016625,0.023125489715050424,0.5490047134295499,-0.26137151761252453
S1O,6.182556,-5.470553,1.7122673272378643,0.5190214991794087,0.5490047134295499,-0.26137151761252453
S1O,-1.765467,-9.106591,2.272335112191636,0.43546436306311676,0.5490047134295499,-0.26137151761252453
S1O,1.56875,-10.70145,2.877966136120286,0.4475750459785571,0.5490047134295499,-0.26137151761252453
S1O,0.199863,0.325794,1.6646537224358864,0.4795471605311361,0.5490047134295499,-0.26137151761252453
S1O,2.142362,-5.030115,3.0709033374831534,0.48528115006939704,0.5490047134295499,-0.26137151761252453
S1O,-0.158889,-6.116698,2.2258929909758054,0.4995846130266067,0.5490047134295499,-0.26137151761252453
S1O,7.083488,-9.249568,2.2686016700063774,0.4749622682173491,0.5490047134295499,-0.26137151761252453
S1O,5.610978,-0.627445,3.0435492199951195,0.5258066386762114,0.5490047134295499,-0.26137151761252453
S1O,2.939617,2.883294,1.5530710828531311,0.4795471605311361,0.5490047134295499,-0.26137151761252453
S1O,3.507701,0.931329,2.2453503837213473,0.5383292632393432,0.5490047134295499,-0.26137151761252453
S1O,3.903091,3.163695,2.3728198296772796,0.5383292632393432,0.5490047134295499,-0.26137151761252453
S1O,2.847568,-1.888818,2.197166800915644,0.4179963517268574,0.5490047134295499,-0.26137151761252453
S1O,3.271748,-4.100536,2.8452077045532596,0.42967956370111815,0.5490047134295499,-0.26137151761252453
S1O,2.197352,-8.058112,2.167269511668781,0.36473692234235616,0.5490047134295499,-0.26137151761252453
S1O,0.89624,0.643617,2.86590332459878,0.4335445307143823,0.5490047134295499,-0.26137151761252453
S1O,1.167292,-1.514798,2.3607706630631946,0.5394514855409281,0.5490047134295499,-0.26137151761252453
S1O,-1.235979,-2.405862,2.875054884456449,0.43814172512922084,0.5490047134295499,-0.26137151761252453
S1O,4.672635,3.823401,2.3620698713460233,0.5394514855409281,0.5490047134295499,-0.26137151761252453
S1O,0.186004,-2.586691,1.5368146382139403,0.3514851077447342,0.5490047134295499,-0.26137151761252453
S1O,1.645005,-1.731552,2.45376833122265,0.5450052142894822,0.5490047134295499,-0.26137151761252453
S1O,2.828899,-0.313928,1.561464228600626,0.5360175231593423,0.5490047134295499,-0.26137151761252453
S1O,-0.557016,-0.490896,2.1856074212038408,0.38568974080941815,0.5490047134295499,-0.26137151761252453
S1O,0.248662,-4.621708,1.607678295589923,0.519904260157706,0.5490047134295499,-0.26137151761252453
S1O,-1.532524,-0.603189,2.981164617313489,0.534866593227141,0.5490047134295499,-0.26137151761252453
S1O,-0.878923,-5.138397,1.681418690773797,0.5157261129807709,0.5490047134295499,-0.26137151761252453
S1O,-2.390888,-4.930158,1.382730454379354,0.5301642014677997,0.5490047134295499,-0.26137151761252453
S1O,0.669008,-3.852968,1.4734392580607945,0.5098727912892286,0.5490047134295499,-0.26137151761252453
S1O,2.152267,0.003365,2.9691018057919836,0.5208360779629664,0.5490047134295499,-0.26137151761252453
S1O,3.859913,-5.506701,1.5813341249943031,0.37535478221573615,0.5490047134295499,-0.26137151761252453
S1O,2.303874,-4.458823,2.1399341717568983,0.37960238160915966,0.5490047134295499,-0.26137151761252453
S1O,-0.887164,-7.760989,2.177665575013833,-0.0006285072459490844,0.5490047134295499,-0.26137151761252453
S1O,0.13423,-3.979009,2.13479821041687,0.5383292632393432,0.5490047134295499,-0.26137151761252453
S1O,2.159065,-0.733708,2.677008469066717,0.04198231152690121,0.5490047134295499,-0.26137151761252453
S1O,1.09741,-3.799048,2.2469932013579883,0.47972557568339386,0.5490047134295499,-0.26137151761252453
S1O,4.840057,4.785028,2.2970009818497847,0.5277131829421606,0.5490047134295499,-0.26137151761252453
S1O,1.185395,-6.148031,3.0050480186627144,0.46569690605666836,0.5490047134295499,-0.26137151761252453
S1O,4.02208,-2.256577,1.6422148547673776,0.5328125531202955,0.5490047134295499,-0.26137151761252453
S1O,3.565938,1.675888,3.0415349840929116,0.45312877472711116,0.5490047134295499,-0.26137151761252453
S1O,5.094146,6.422635,3.3610019578242696,0.5372303361612413,0.5490047134295499,-0.26137151761252453
S1O,4.459269,0.810573,2.266572690185975,0.45014872706914333,0.5490047134295499,-0.26137151761252453
S1O,2.751771,-4.059984,2.583453242548931,0.4420583358595094,0.5490047134295499,-0.26137151761252453
S1O,1.925582,1.422583,2.1299170045074045,0.5413828370879697,0.5490047134295499,-0.26137151761252453
S1O,5.938889,4.030879,1.5391805045022906,0.5456778688161383,0.5490047134295499,-0.26137151761252453
S1O,3.167171,3.194129,2.15269465465183,0.5450052142894822,0.5490047134295499,-0.26137151761252453
S1O,5.014285,3.580852,1.6492172473007407,0.5253864586375668,0.5490047134295499,-0.26137151761252453
S1O,8.12987,5.547845,2.4792133987054936,0.48759935168417257,0.5490047134295499,-0.26137151761252453
S1O,4.786748,0.412556,1.532172171204045,0.554226185600452,0.5490047134295499,-0.26137151761252453
S1O,3.041005,2.676648,1.6357113362714648,0.5409509027171029,0.5490047134295499,-0.26137151761252453
S1O,2.482612,3.656975,1.561464228600626,0.5360175231593423,0.5490047134295499,-0.26137151761252453
S1O,5.411888,0.232117,3.136909056450122,0.5208360779629664,0.5490047134295499,-0.26137151761252453
S1O,4.456047,6.659617,1.5855770213392402,0.41519905756405945,0.5490047134295499,-0.26137151761252453
S1O,3.677312,0.598046,1.6383808080998334,0.5328125531202955,0.5490047134295499,-0.26137151761252453
S1O,1.198893,6.665126,1.510965632715474,0.48431046799718086,0.5490047134295499,-0.26137151761252453
S1O,2.598114,-0.300884,2.082981141846021,0.5450052142894822,0.5490047134295499,-0.26137151761252453
S1O,4.49963,3.810856,2.4906560904206048,0.48759935168417257,0.5490047134295499,-0.26137151761252453
S1O,7.457569,3.465075,1.5855770213392402,0.41519905756405945,0.5490047134295499,-0.26137151761252453
S1O,4.483305,-0.764621,1.9820387076856036,0.530018164691592,0.5490047134295499,-0.26137151761252453
S1O,3.417968,1.248935,2.471211033115507,0.4914477709284489,0.5490047134295499,-0.26137151761252453
S1O,0.702981,0.844293,2.569291612695572,0.4335100190751956,0.5490047134295499,-0.26137151761252453
S1O,-0.180551,-2.499001,2.3474768695526227,0.32768250628243933,0.5490047134295499,-0.26137151761252453
S1O,-0.385593,3.685146,1.6383808080998334,0.5328125531202955,0.5490047134295499,-0.26137151761252453
S1O,4.731499,-2.374809,2.3302679023720225,0.530018164691592,0.5490047134295499,-0.26137151761252453
S1O,5.278471,6.635456,1.69442424662359,0.3152794742771755,0.5490047134295499,-0.26137151761252453
S1O,1.023758,-0.624891,2.350138951130219,0.4758440506675388,0.5490047134295499,-0.26137151761252453
S1O,-0.239057,-0.676297,1.8586716232396987,0.49252900634416913,0.5490047134295499,-0.26137151761252453
S1O,2.063178,4.428533,1.4209092840986637,0.524460915518965,0.5490047134295499,-0.26137151761252453
S1O,4.611606,0.076435,1.8445127415801539,0.49252900634416913,0.5490047134295499,-0.26137151761252453
S1O,2.680757,0.018142,2.3255405787334062,0.2912911864352935,0.5490047134295499,-0.26137151761252453
S1O,-0.11041,-1.353285,2.224395844925093,0.3885690614215454,0.5490047134295499,-0.26137151761252453
S1O,0.913748,-2.761768,2.4051353432913958,0.47164331551275185,0.5490047134295499,-0.26137151761252453
S1O,2.748063,5.305102,1.7996401848317325,0.5157261129807709,0.5490047134295499,-0.26137151761252453
S1O,2.337868,-2.619022,2.1891143028129756,0.44263014917270777,0.5490047134295499,-0.26137151761252453
S1O,1.098235,-1.879239,2.1074933120056083,0.5511945789351859,0.5490047134295499,-0.26137151761252453
S1O,1.254586,-0.827691,2.2495081606028404,0.5394514855409281,0.5490047134295499,-0.26137151761252453
S1O,1.580653,-3.346398,3.170625948821743,0.48528115006939704,0.5490047134295499,-0.26137151761252453
S1O,3.144403,-3.591051,2.794113802805134,0.5418152284750284,0.5490047134295499,-0.26137151761252453
S1O,3.160677,-4.350983,3.217512919631206,0.5176460921485125,0.5490047134295499,-0.26137151761252453
S1O,4.987104,-1.853482,2.649685318253144,0.4807920234029318,0.5490047134295499,-0.26137151761252453
S1O,5.583494,-4.733489,1.9820387076856036,0.530018164691592,0.5490047134295499,-0.26137151761252453
S1O,3.616706,-3.617746,1.9820387076856036,0.530018164691592,0.5490047134295499,-0.26137151761252453
S1O,5.702749,-5.76713,1.4517433081051552,0.41294643129437064,0.5490047134295499,-0.26137151761252453
S1O,4.474594,-2.728632,2.86171785976132,0.4863088143545956,0.5490047134295499,-0.26137151761252453
S1O,5.366788,-2.756737,1.9820387076856036,0.530018164691592,0.5490047134295499,-0.26137151761252453
S1O,6.381272,0.902851,2.127983144692272,0.5418152284750284,0.5490047134295499,-0.26137151761252453
S1O,-1.253848,-1.578868,2.3624292126337787,0.5450052142894822,0.5490047134295499,-0.26137151761252453
S1O,7.69688,0.649898,3.3858425526469,0.5372303361612413,0.5490047134295499,-0.26137151761252453
S1O,9.76725,-3.396134,2.1852723472136444,0.4175628004981597,0.5490047134295499,-0.26137151761252453
S3O,2.946551,1.347028,-0.8427227714784652,-0.8131900925245988,0.566578233365949,-0.363580459148728
S3O,2.90597,-0.704478,-0.8554363993620232,-0.5344745840341769,0.566578233365949,-0.363580459148728
S3O,1.855234,0.325998,-0.8415271828420018,-0.46991111570090843,0.566578233365949,-0.363580459148728
S3O,1.43411,0.494904,-0.8416028611321973,-0.7061748656448809,0.566578233365949,-0.363580459148728
S3O,2.245753,1.520579,-0.8512808569955546,-0.6749051655607115,0.566578233365949,-0.363580459148728
S3O,0.900419,1.529643,-0.8415271828420018,-0.46991111570090843,0.566578233365949,-0.363580459148728
S3O,2.468576,3.081821,-0.8395940114588823,-0.8150427845757328,0.566578233365949,-0.363580459148728
S3O,1.590569,0.977187,-0.8496409434984428,-0.4268371536289009,0.566578233365949,-0.363580459148728
S3O,1.501609,-0.692078,-0.8610137697238931,-0.5182900493010413,0.566578233365949,-0.363580459148728
S3O,1.316551,3.93943,-0.8695701412481215,-0.6846316034851803,0.566578233365949,-0.363580459148728
S3O,1.624066,0.807865,-0.8747239362944034,-0.596101981379877,0.566578233365949,-0.363580459148728
S3O,1.577522,7.128161,-0.9813350596289742,-0.4235420720718238,0.566578233365949,-0.363580459148728
S3O,2.108034,0.512625,-0.8100197414272439,-0.2826430028292571,0.566578233365949,-0.363580459148728
S3O,0.635167,1.979951,-0.8284996872449345,-0.4222273960441877,0.566578233365949,-0.363580459148728
S3O,1.35936,0.22008,-0.9113230707233981,-0.7335886465606367,0.566578233365949,-0.363580459148728
S3O,1.688835,3.382616,-0.8512808569955546,-0.6749051655607115,0.566578233365949,-0.363580459148728
S3O,3.058318,2.657822,-0.8409357681686033,-0.5225192804458607,0.566578233365949,-0.363580459148728
S3O,1.39558,2.003946,-0.9087157272806553,-0.5646327621608087,0.566578233365949,-0.363580459148728
S3O,1.156365,0.343172,-0.8416028611321973,-0.7061748656448809,0.566578233365949,-0.363580459148728
S3O,1.882357,1.853652,-0.8360843567618862,-0.5607160745045917,0.566578233365949,-0.363580459148728
S3O,0.968334,2.731296,-0.9519410817694475,-0.6359603409946298,0.566578233365949,-0.363580459148728
S3O,1.682844,0.514332,-0.843285103274219,-0.6720515532965146,0.566578233365949,-0.363580459148728
S3O,2.054702,4.712534,-0.8451112040450084,-0.5670278970794523,0.566578233365949,-0.363580459148728
S3O,1.389579,6.279313,-0.8407318604757198,-0.2632632461485616,0.566578233365949,-0.363580459148728
S3O,2.651033,-1.214681,-0.8105243822619609,-0.3873720728774419,0.566578233365949,-0.363580459148728
S3O,1.195311,1.222766,-0.8451112040450084,-0.5670278970794523,0.566578233365949,-0.363580459148728
S3O,2.660043,2.278501,-0.844405013620487,-0.7735002014896466,0.566578233365949,-0.363580459148728
S3O,1.46249,2.044812,-0.8592377482911784,-0.48974379864793166,0.566578233365949,-0.363580459148728
S3O,2.807617,0.127065,-0.8550592618700384,-0.4667922164664981,0.566578233365949,-0.363580459148728
S3O,2.616819,2.180487,-0.8592377482911784,-0.48974379864793166,0.566578233365949,-0.363580459148728
S3O,2.419946,1.745135,-0.8660031266085406,-0.3665975877593798,0.566578233365949,-0.363580459148728
S3O,2.390557,1.891902,-0.8592377482911784,-0.48974379864793166,0.566578233365949,-0.363580459148728
S3O,2.338404,2.207384,-0.8395940114588823,-0.8150427845757328,0.566578233365949,-0.363580459148728
S3O,2.238291,1.007551,-0.8774366845497849,-0.36336081180641217,0.566578233365949,-0.363580459148728
S3O,1.787904,0.753957,-0.8610137697238931,-0.5182900493010413,0.566578233365949,-0.363580459148728
S3O,2.669226,0.726471,-0.85700011593052,-0.44358958467671394,0.566578233365949,-0.363580459148728
S3O,2.583241,-0.12814,-0.8409357681686033,-0.5225192804458607,0.566578233365949,-0.363580459148728
S3O,1.575647,-1.477599,-0.8434680369024831,-0.4467084839111244,0.566578233365949,-0.363580459148728
S3O,4.129053,1.123928,-0.8185537027384577,-0.4831797588091225,0.566578233365949,-0.363580459148728
S3O,2.583072,0.630882,-0.8831492910915845,-0.6036428327995235,0.566578233365949,-0.363580459148728
S3O,2.457135,-0.835378,-0.844584650374855,-0.3459565027197643,0.566578233365949,-0.363580459148728
S3O,3.32089,-1.36416,-0.8495986148535327,-0.6655212288435134,0.566578233365949,-0.363580459148728
S3O,0.515061,-1.573924,-0.8898847098715256,-0.7026236242759887,0.566578233365949,-0.363580459148728
S3O,1.989095,1.646705,-0.8284996872449345,-0.4176518950122441,0.566578233365949,-0.363580459148728
S3O,4.575248,0.350858,-0.9814241640441375,-0.34523144980040354,0.566578233365949,-0.363580459148728
S3O,3.84569,0.682303,-0.8211204959029456,-0.8027268428782373,0.566578233365949,-0.363580459148728
S3O,3.344492,0.386933,-0.8392535260265815,-0.4643002594865491,0.566578233365949,-0.363580459148728
S3O,2.988393,-0.865404,-0.8220003330001646,-0.26489976953667704,0.566578233365949,-0.363580459148728
S3O,2.262103,1.809866,-0.8483397491155438,-1.0229045913079855,0.566578233365949,-0.363580459148728
S3O,2.589444,1.791365,-0.8022002728062393,-0.2966681106222986,0.566578233365949,-0.363580459148728
S3O,1.827437,1.834433,-0.8100197414272439,-0.31843046553101023,0.566578233365949,-0.363580459148728
S3O,4.12528,-0.371561,-0.8190465887103658,-0.2950315872341832,0.566578233365949,-0.363580459148728
S3O,4.293517,5.367337,-0.8956198814809327,-0.5087617290995384,0.566578233365949,-0.363580459148728
S3O,3.700923,5.836146,-0.8678480929193358,-0.7328481070622043,0.566578233365949,-0.363580459148728
S3O,2.577456,-1.087741,-0.8415351017513428,-0.5385641178341103,0.566578233365949,-0.363580459148728
S3O,4.125908,1.068295,-0.85270587146245,-0.4331586251227034,0.566578233365949,-0.363580459148728
S3O,1.628257,1.834528,-0.9048649886696196,-0.25597963452144995,0.566578233365949,-0.363580459148728
S3O,3.040504,-0.99113,-0.8397365167684373,-0.5664206379856933,0.566578233365949,-0.363580459148728
S3O,4.98304,0.517564,-0.8496409434984428,-0.44741063657109587,0.566578233365949,-0.363580459148728
S3O,3.970244,2.695577,-0.8362281738556263,-0.6435780910434333,0.566578233365949,-0.363580459148728
S3O,4.423607,3.763825,-0.8362281738556263,-0.6435780910434333,0.566578233365949,-0.363580459148728
S3O,6.183191,3.273707,-0.8511171638944226,-0.4650255498104293,0.566578233365949,-0.363580459148728
S3O,5.043535,3.873893,-0.8770096312258632,-0.34152562195011316,0.566578233365949,-0.363580459148728
S3O,6.051886,3.23648,-0.8496409434984428,-0.44741063657109587,0.566578233365949,-0.363580459148728
S3O,4.15039,3.120711,-0.8578490135344181,-0.4648794036116243,0.566578233365949,-0.363580459148728
S3O,5.223095,2.669415,-0.8721908155035927,-0.322104753284998,0.566578233365949,-0.363580459148728
S3O,4.818111,2.647656,-0.8596250349671328,-0.49738645173737706,0.566578233365949,-0.363580459148728
S3O,2.170668,1.33507,-0.8578490135344181,-0.40039153911576975,0.566578233365949,-0.363580459148728
S3O,3.709395,1.795039,-0.8578490135344181,-0.40039153911576975,0.566578233365949,-0.363580459148728
S3O,2.587306,1.46779,-0.8554363993620232,-0.4808403983634918,0.566578233365949,-0.363580459148728
S3O,2.019823,4.00014,-0.8733775438026422,-0.3805222068806482,0.566578233365949,-0.363580459148728
S3O,2.934896,1.236067,-0.8660289821655776,-0.40512497470811276,0.566578233365949,-0.363580459148728
S3O,2.666916,4.019378,-0.8774366845497849,-0.3524369879237257,0.566578233365949,-0.363580459148728
S3O,2.64298,2.357599,-0.8434680369024831,-0.4467084839111244,0.566578233365949,-0.363580459148728
S3O,2.833271,2.581245,-0.8578490135344181,-0.4864851538352602,0.566578233365949,-0.363580459148728
S3O,4.253524,2.087983,-0.8660289821655776,-0.40512497470811276,0.566578233365949,-0.363580459148728
S3O,2.954601,0.632208,-0.8512808569955546,-0.6749051655607115,0.566578233365949,-0.363580459148728
S3O,1.413903,0.51837,-0.8610137697238931,-0.5182900493010413,0.566578233365949,-0.363580459148728
S3O,3.185642,0.719608,-0.8419043203339864,-0.5179575828211429,0.566578233365949,-0.363580459148728
S3O,2.363141,0.263806,-0.8434680369024831,-0.4797691866396147,0.566578233365949,-0.363580459148728
S3O,1.812514,0.808376,-0.8578490135344181,-0.4864851538352602,0.566578233365949,-0.363580459148728
S3O,2.802795,0.518006,-0.8721908155035927,-0.3287330433058313,0.566578233365949,-0.363580459148728
S3O,5.187417,4.133648,-0.8721908155035927,-0.3287330433058313,0.566578233365949,-0.363580459148728
S3O,5.054141,4.442553,-0.8660031266085406,-0.3556737638766934,0.566578233365949,-0.363580459148728
S3O,4.651128,2.645932,-0.8774366845497849,-0.3524369879237257,0.566578233365949,-0.363580459148728
S3O,2.1212,-0.492695,-0.835799157347448,-0.6553796830022589,0.566578233365949,-0.363580459148728
S3O,2.641219,1.754953,-0.8660031266085406,-0.3556737638766934,0.566578233365949,-0.363580459148728
S3O,0.661958,0.73946,-0.8596250349671328,-0.5189922019610127,0.566578233365949,-0.363580459148728
S3O,3.133154,1.124404,-0.8596250349671328,-0.5189922019610127,0.566578233365949,-0.363580459148728
S3O,2.949234,0.632511,-0.8342193241823113,-0.813760667158955,0.566578233365949,-0.363580459148728
S3O,3.696818,1.572511,-0.8496409434984428,-0.4804713392995862,0.566578233365949,-0.363580459148728
S3O,3.297159,1.740205,-0.8496409434984428,-0.44741063657109587,0.566578233365949,-0.363580459148728
S3O,4.789477,2.236282,-0.8721908155035927,-0.34638222028573035,0.566578233365949,-0.363580459148728
S3O,4.020007,3.195052,-0.8774366845497849,-0.3524369879237257,0.566578233365949,-0.363580459148728
S3O,3.805944,3.408066,-0.8774366845497849,-0.3524369879237257,0.566578233365949,-0.363580459148728
S3O,3.782888,0.61888,-0.8721908155035927,-0.39602709220641547,0.566578233365949,-0.363580459148728
S3O,3.977959,2.070071,-0.8578490135344181,-0.4145321812402145,0.566578233365949,-0.363580459148728
S3O,2.7724,0.932717,-0.8512808569955546,-0.6749051655607115,0.566578233365949,-0.363580459148728
S3O,2.665281,4.276195,-0.8419043203339864,-0.46432339715045773,0.566578233365949,-0.363580459148728
S3O,2.916784,1.772865,-0.9142261426185212,-0.3529535023729424,0.566578233365949,-0.363580459148728
S3O,3.002557,5.004984,-0.843285103274219,-0.5705267722806971,0.566578233365949,-0.363580459148728
S3O,2.388037,6.133587,-0.8938872415599348,-0.4824559037704385,0.566578233365949,-0.363580459148728
S3O,1.305571,0.79238,-0.8610137697238931,-0.46465586363035594,0.566578233365949,-0.363580459148728
S3O,3.02067,3.039456,-0.8409357681686033,-0.5225192804458607,0.566578233365949,-0.363580459148728
S3O,1.893381,3.382217,-0.8434680369024831,-0.4797691866396147,0.566578233365949,-0.363580459148728
S3O,3.027421,2.492139,-0.7969725052365265,-0.3176509447069121,0.566578233365949,-0.363580459148728
S3O,-0.193956,0.073469,-0.8660031266085406,-0.3556737638766934,0.566578233365949,-0.363580459148728
S3O,3.884804,2.231604,-0.8660031266085406,-0.3060288919560083,0.566578233365949,-0.363580459148728
S3O,3.65351,3.282738,-0.8428560867660411,-0.6545085450486265,0.566578233365949,-0.363580459148728
S3O,2.488699,3.437867,-0.8578490135344181,-0.36089799556952923,0.566578233365949,-0.363580459148728
S3O,3.434624,5.315423,-0.8434680369024831,-0.4797691866396147,0.566578233365949,-0.363580459148728
S3O,3.697364,0.534418,-0.8434680369024831,-0.4797691866396147,0.566578233365949,-0.363580459148728
S3O,3.085399,4.375232,-0.8416028611321973,-0.7061748656448809,0.566578233365949,-0.363580459148728
S3O,5.046217,4.588106,-0.8428560867660411,-0.6163574552952347,0.566578233365949,-0.363580459148728
S3O,2.760829,0.442245,-0.8415351017513428,-0.5743515805358634,0.566578233365949,-0.363580459148728
S3O,-0.605868,5.64424,-0.9171404975101687,-0.5850293826728937,0.566578233365949,-0.363580459148728
S3O,3.839359,2.189524,-0.8415351017513428,-0.5743515805358634,0.566578233365949,-0.363580459148728
S3O,-1.253555,8.28158,-0.8467934461870301,-0.5499616813179359,0.566578233365949,-0.363580459148728
S3O,1.093806,6.284867,-0.8366165327010027,-0.5240925710594649,0.566578233365949,-0.363580459148728
S3O,2.116835,3.525855,-0.7475578782207829,-0.717774596214345,0.566578233365949,-0.363580459148728
S3O,-0.419356,8.658588,-0.8508467684394151,-0.42308069952841904,0.566578233365949,-0.363580459148728
S3O,1.012266,5.318386,-0.8643788474674519,-0.4282330003477334,0.566578233365949,-0.363580459148728
S3O,2.106731,3.537588,-0.8578490135344181,-0.4864851538352602,0.566578233365949,-0.363580459148728
S3O,1.841143,4.077211,-0.8512808569955546,-0.6749051655607115,0.566578233365949,-0.363580459148728
S3O,2.914939,2.97846,-0.85700011593052,-0.4766502874052044,0.566578233365949,-0.363580459148728
S3O,3.089258,2.633749,-0.8428560867660411,-0.6545085450486265,0.566578233365949,-0.363580459148728
S3O,3.382554,5.251394,-0.8398528596093211,-0.554975183737041,0.566578233365949,-0.363580459148728
S3O,4.536635,2.239411,-0.8610137697238931,-0.5182900493010413,0.566578233365949,-0.363580459148728
S3O,4.71527,6.638287,-0.8733775438026422,-0.3946628490050929,0.566578233365949,-0.363580459148728
S3O,3.711068,7.063387,-0.8774366845497849,-0.3524369879237257,0.566578233365949,-0.363580459148728
S3O,4.326806,3.289332,-0.843285103274219,-0.6063142349824503,0.566578233365949,-0.363580459148728
S3O,5.312014,4.528436,-0.8550592618700384,-0.4667922164664981,0.566578233365949,-0.363580459148728
S3O,5.013517,4.009533,-0.937547676954712,-0.21629268179182556,0.566578233365949,-0.363580459148728
S3O,5.499875,4.328065,-0.8434680369024831,-0.4467084839111244,0.566578233365949,-0.363580459148728
S3O,5.189179,1.878833,-0.8412762536009043,-0.8149819230482962,0.566578233365949,-0.363580459148728
S3O,4.360722,2.651184,-0.8185537027384577,-0.44739229610736925,0.566578233365949,-0.363580459148728
S3O,1.926671,1.304212,-0.8274036891405665,-0.5233904183994934,0.566578233365949,-0.363580459148728
S3O,1.478633,0.425416,-0.8550592618700384,-0.4667922164664981,0.566578233365949,-0.363580459148728
S3O,2.957955,-0.260938,-0.85700011593052,-0.44358958467671394,0.566578233365949,-0.363580459148728
S3O,2.434454,-1.046173,-0.8610137697238931,-0.5182900493010413,0.566578233365949,-0.363580459148728
S3O,3.671371,1.027014,-0.8774366845497849,-0.35906527794455906,0.566578233365949,-0.363580459148728
S3O,3.104982,0.054449,-0.8660031266085406,-0.3556737638766934,0.566578233365949,-0.363580459148728
S3O,2.188486,0.697831,-0.8578490135344181,-0.4145321812402145,0.566578233365949,-0.363580459148728
S3O,2.766153,0.631697,-0.8578490135344181,-0.4145321812402145,0.566578233365949,-0.363580459148728
S3O,3.357571,1.189854,-0.8578490135344181,-0.4145321812402145,0.566578233365949,-0.363580459148728
S3O,2.30252,-1.094526,-0.8721908155035927,-0.39602709220641547,0.566578233365949,-0.363580459148728
S3O,3.676779,0.836955,-0.8721908155035927,-0.39602709220641547,0.566578233365949,-0.363580459148728
S3O,3.550463,1.078495,-0.8774366845497849,-0.36336081180641217,0.566578233365949,-0.363580459148728
S3O,4.238389,2.010704,-0.8774366845497849,-0.41333203919184053,0.566578233365949,-0.363580459148728
S3O,1.568011,3.054586,-0.8610137697238931,-0.5182900493010413,0.566578233365949,-0.363580459148728
S3O,3.35904,0.263329,-0.8596250349671328,-0.5189922019610127,0.566578233365949,-0.363580459148728
S3O,1.963734,-0.707034,-0.8592377482911784,-0.48974379864793166,0.566578233365949,-0.363580459148728
S3O,3.5404,2.329203,-0.8512808569955546,-0.6749051655607115,0.566578233365949,-0.363580459148728
S3O,2.446992,-3.49135,-0.8496409434984428,-0.4804713392995862,0.566578233365949,-0.363580459148728
S3O,2.58387,-0.117014,-0.8592377482911784,-0.48974379864793166,0.566578233365949,-0.363580459148728
S3O,3.019415,0.159743,-0.8434680369024831,-0.4467084839111244,0.566578233365949,-0.363580459148728
S3O,3.199813,0.875074,-0.8409357681686033,-0.5225192804458607,0.566578233365949,-0.363580459148728
S3O,2.515744,-0.369888,-0.8733775438026422,-0.3946628490050929,0.566578233365949,-0.363580459148728
S3O,2.52635,0.198772,-0.8496409434984428,-0.44741063657109587,0.566578233365949,-0.363580459148728
S3O,2.717313,0.243789,-0.8508467684394151,-0.42308069952841904,0.566578233365949,-0.363580459148728
S3O,3.427581,4.333569,-0.8596712531544749,-0.5311652395289801,0.566578233365949,-0.363580459148728
S3O,2.982774,0.273433,-1.0825223257791468,-0.32079173599432853,0.566578233365949,-0.363580459148728
S3O,4.157937,3.254228,-0.9545396389769212,-0.7116343348256978,0.566578233365949,-0.363580459148728
S3O,3.730022,1.302748,-0.8612792832242365,-0.7386032274465372,0.566578233365949,-0.363580459148728
S3O,2.702893,-1.630604,-0.9146032801105057,-0.40657526524308524,0.566578233365949,-0.363580459148728
S3O,4.698586,2.152124,-0.9014249389941033,-0.23035172061151618,0.566578233365949,-0.363580459148728
S3O,5.225693,3.76314,-0.9091447437888334,-0.5188020791462713,0.566578233365949,-0.363580459148728
S3O,3.880192,3.102497,-0.8496409434984428,-0.44741063657109587,0.566578233365949,-0.363580459148728
S3O,3.129967,1.258528,-0.8675951646805331,-0.3640261010799258,0.566578233365949,-0.363580459148728
S3O,2.666667,2.300451,-0.8596250349671328,-0.5189922019610127,0.566578233365949,-0.363580459148728
S3O,3.702602,3.960842,-0.843285103274219,-0.5705267722806971,0.566578233365949,-0.363580459148728
S3O,3.76507,1.256119,-0.8434680369024831,-0.4467084839111244,0.566578233365949,-0.363580459148728
S3O,2.100783,-0.949181,-0.8554363993620232,-0.4808403983634918,0.566578233365949,-0.363580459148728
S3O,3.374173,1.769338,-0.8311246739605188,-0.32389910193615035,0.566578233365949,-0.363580459148728
S3O,2.431057,0.036728,-0.804643867722467,-0.3969303944685399,0.566578233365949,-0.363580459148728
S3O,2.981558,0.061425,-0.8596250349671328,-0.46535801629032764,0.566578233365949,-0.363580459148728
S3O,1.201935,1.244715,-0.835799157347448,-0.6553796830022589,0.566578233365949,-0.363580459148728
S3O,2.506225,1.271457,-0.8774366845497849,-0.35906527794455906,0.566578233365949,-0.363580459148728
S3O,2.377434,2.707466,-0.8774366845497849,-0.3524369879237257,0.566578233365949,-0.363580459148728
S3O,2.852643,-0.79076,-0.8578490135344181,-0.4145321812402145,0.566578233365949,-0.363580459148728
S3O,2.129794,-0.816877,-0.8434680369024831,-0.4797691866396147,0.566578233365949,-0.363580459148728
S3O,3.109801,2.520969,-0.8578490135344181,-0.4145321812402145,0.566578233365949,-0.363580459148728
S3O,1.906299,-0.77076,-0.7708979269772337,-0.7862199826015412,0.566578233365949,-0.363580459148728
S3O,3.073245,0.826418,-0.8774366845497849,-0.35906527794455906,0.566578233365949,-0.363580459148728
S3O,1.992533,1.802778,-0.8496409434984428,-0.44741063657109587,0.566578233365949,-0.363580459148728
S3O,2.368172,0.352817,-0.844405013620487,-0.8092876641914,0.566578233365949,-0.363580459148728
S3O,1.297688,2.176908,-0.8412762536009043,-0.8149819230482962,0.566578233365949,-0.363580459148728
S3O,1.929898,2.409063,-0.8415271828420018,-0.46991111570090843,0.566578233365949,-0.363580459148728
S3O,2.39798,-0.262775,-0.8427227714784652,-0.8131900925245988,0.566578233365949,-0.363580459148728
S3O,3.407587,0.550796,-0.8496409434984428,-0.4804713392995862,0.566578233365949,-0.363580459148728
S3O,2.429127,1.621835,-0.8496409434984428,-0.4804713392995862,0.566578233365949,-0.363580459148728
S3O,1.22432,2.7838,-0.846026960179791,-0.41200666360468063,0.566578233365949,-0.363580459148728
S3O,1.430709,4.435266,-0.8478848694827672,-0.7252836979126226,0.566578233365949,-0.363580459148728
S3O,1.496825,2.366568,-0.843285103274219,-0.6063142349824503,0.566578233365949,-0.363580459148728
S3O,2.79093,1.355824,-0.843285103274219,-0.6063142349824503,0.566578233365949,-0.363580459148728
S3O,2.849791,0.68278,-0.8292627921636014,-0.5007144289100783,0.566578233365949,-0.363580459148728
S3O,3.15399,1.112065,-0.8409357681686033,-0.5225192804458607,0.566578233365949,-0.363580459148728
S3O,1.649302,2.30214,-0.8554363993620232,-0.4808403983634918,0.566578233365949,-0.363580459148728
S3O,2.773111,1.993062,-0.8906006814105515,-0.7529780813521072,0.566578233365949,-0.363580459148728
S3O,3.214486,0.182204,-0.8710993734833187,-0.7126977937902498,0.566578233365949,-0.363580459148728
S3O,3.264414,4.208847,-0.8610137697238931,-0.46465586363035594,0.566578233365949,-0.363580459148728
S3O,2.133691,1.538075,-0.8351149013252405,-0.42009990741365827,0.566578233365949,-0.363580459148728
S3O,5.302163,1.972905,-0.8428560867660411,-0.6163574552952347,0.566578233365949,-0.363580459148728
S3O,2.52505,0.366275,-0.8274036891405665,-0.5233904183994934,0.566578233365949,-0.363580459148728
S3O,1.346857,6.761692,-0.8647193328997531,-0.7385423659191004,0.566578233365949,-0.363580459148728
S3O,4.271843,4.888598,-0.844405013620487,-0.8092876641914,0.566578233365949,-0.363580459148728
S3O,2.701671,3.872308,-0.8365179873424112,-0.7371636927136486,0.566578233365949,-0.363580459148728
S3O,2.945289,5.610966,-0.8362281738556263,-0.5778407727293693,0.566578233365949,-0.363580459148728
S3O,1.523361,3.693341,-0.8412762536009043,-0.8149819230482962,0.566578233365949,-0.363580459148728
S3O,1.890195,3.516341,-0.8937294414301343,-0.7536051829070338,0.566578233365949,-0.363580459148728
S3O,2.624027,5.260778,-0.8659532615050449,-0.7010473890391716,0.566578233365949,-0.363580459148728
S3O,1.748575,4.439625,-0.7969725052365265,-0.3176509447069121,0.566578233365949,-0.363580459148728
S3O,1.112594,2.71198,-0.8592422366462968,-0.5705530600484778,0.566578233365949,-0.363580459148728
S3O,3.135796,-0.829087,-0.8412762536009043,-0.8149819230482962,0.566578233365949,-0.363580459148728
S3O,4.151145,2.562571,-0.843285103274219,-0.6720515532965146,0.566578233365949,-0.363580459148728
S3O,2.327758,-1.028981,-0.8153148411313149,-0.4876557112010333,0.566578233365949,-0.363580459148728
S3O,2.819186,2.046268,-0.9805425795033242,-1.1141929996738016,0.566578233365949,-0.363580459148728
S3O,2.372949,1.580362,-0.7404805396219433,-1.4159431334418413,0.566578233365949,-0.363580459148728
S3O,2.582613,-1.567997,-0.7411507869863342,-1.3364757846902975,0.566578233365949,-0.363580459148728
S3O,1.266836,-1.035991,-0.695065538741399,-1.5260539692444948,0.566578233365949,-0.363580459148728
S3O,1.328338,-0.805066,-0.708802335397126,-1.5157181381403517,0.566578233365949,-0.363580459148728
S3O,3.133072,-1.353545,-0.7076508057409749,-1.434642740764569,0.566578233365949,-0.363580459148728
S3O,1.236529,-3.858253,-0.6838652765313598,-1.0727679947986852,0.566578233365949,-0.363580459148728
S3O,2.743855,-5.573089,-0.7283583951724387,-1.0863342348553386,0.566578233365949,-0.363580459148728
S3O,0.65476,-8.055753,-0.7130245435729698,-1.1529345130454765,0.566578233365949,-0.363580459148728
S3O,0.002093,-8.554639,-0.7287052211153763,-0.5979799823057886,0.566578233365949,-0.363580459148728
S3O,2.069598,-6.930226,-0.7160431213181588,-0.9684500147070416,0.566578233365949,-0.363580459148728
S3O,2.943621,-3.943573,-0.8467919973873846,-1.1161946589914016,0.566578233365949,-0.363580459148728
S3O,2.499815,-2.556731,-1.0165897658259468,-0.9570600702418219,0.566578233365949,-0.363580459148728
S3O,2.251837,-3.134299,-1.0311239140923534,-1.0031806905773257,0.566578233365949,-0.363580459148728
S3O,3.414089,-4.572908,-1.0381795103068745,-1.0056160900999545,0.566578233365949,-0.363580459148728
S3O,1.9987,-1.802882,-1.0006243783429467,-0.9970878260350059,0.566578233365949,-0.363580459148728
S3O,3.054171,-1.416057,-0.9922057965966274,-1.128655120159735,0.566578233365949,-0.363580459148728
S3O,3.586351,-1.334516,-1.0151577993260936,-0.9763508684666579,0.566578233365949,-0.363580459148728
S3O,2.242234,-1.113443,-1.0524392763476775,-1.4057084575522025,0.566578233365949,-0.363580459148728
S3O,3.15378,0.632113,-1.027499879493171,-1.3921338357260373,0.566578233365949,-0.363580459148728
S3O,2.08049,0.882526,-1.0443127754718524,-1.2732214130816182,0.566578233365949,-0.363580459148728
S3O,5.002073,1.521064,-1.0700284007580412,-1.1972952155272616,0.566578233365949,-0.363580459148728
S3O,4.513242,0.96827,-1.124042357054883,-0.9324816830435325,0.566578233365949,-0.363580459148728
S3O,6.480011,-0.047008,-1.1256472974653167,-0.9155363687121885,0.566578233365949,-0.363580459148728
S3O,5.306649,1.671279,-1.0718757653720552,-1.0534411354564408,0.566578233365949,-0.363580459148728
S3O,5.860043,1.46141,-1.1214649634993512,-0.9231626366680055,0.566578233365949,-0.363580459148728
S3O,3.90065,3.369227,-1.1214649634993512,-0.9550182698448743,0.566578233365949,-0.363580459148728
S3O,5.470445,3.235857,-1.1725913036582467,-0.7850405906383793,0.566578233365949,-0.363580459148728
S3O,3.701597,2.800056,-1.1659977096859206,-0.6110673098250045,0.566578233365949,-0.363580459148728
S3O,3.415299,2.782751,-1.1833233945527326,-0.6018925956211102,0.566578233365949,-0.363580459148728
S3O,4.505149,3.301576,-1.119461439847881,-0.9629239377363584,0.566578233365949,-0.363580459148728
S3O,3.08842,2.142671,-1.119461439847881,-0.9423211652761554,0.566578233365949,-0.363580459148728
S3O,2.830296,1.766591,-1.119461439847881,-0.762381543291659,0.566578233365949,-0.363580459148728
S3O,3.798231,2.604841,-1.138161415924297,-0.9952937101097827,0.566578233365949,-0.363580459148728
S3O,3.292085,3.269679,-1.1855171260062667,-0.29135789623725666,0.566578233365949,-0.363580459148728
S3O,3.127451,2.642753,-1.0838064340885545,-0.6947441774840424,0.566578233365949,-0.363580459148728
S3O,3.250497,2.914847,-1.1148713695270254,-0.8535615647561328,0.566578233365949,-0.363580459148728
S3O,3.729853,3.4905,-1.165296242639162,-0.7811836442534085,0.566578233365949,-0.363580459148728
S3O,3.691074,1.851885,-1.165296242639162,-0.5820542101116988,0.566578233365949,-0.363580459148728
S3O,2.671111,2.18858,-1.165296242639162,-0.5820542101116988,0.566578233365949,-0.363580459148728
S3O,2.559214,4.304514,-1.1397663563347307,-0.9063148347991703,0.566578233365949,-0.363580459148728
S3O,3.85923,2.255373,-1.119461439847881,-0.9423211652761554,0.566578233365949,-0.363580459148728
S3O,3.868663,2.422269,-1.0715785341144202,-1.2373748797017299,0.566578233365949,-0.363580459148728
S3O,3.843845,1.887898,-1.0687540073043305,-1.1709280986568051,0.566578233365949,-0.363580459148728
S3O,3.721804,2.77659,-1.043070744704753,-1.070679686440504,0.566578233365949,-0.363580459148728
S3O,4.76512,1.04333,-1.043070744704753,-0.9755419916047647,0.566578233365949,-0.363580459148728
S3O,4.35611,3.522077,-1.0323458631405515,-1.0982207248029898,0.566578233365949,-0.363580459148728
S3O,5.048608,2.344418,-1.0323458631405515,-1.0988201219972524,0.566578233365949,-0.363580459148728
S3O,4.228705,1.553612,-1.039075304182852,-1.1340014675249668,0.566578233365949,-0.363580459148728
S3O,3.284581,2.946407,-1.0424824079798307,-1.0222472063122632,0.566578233365949,-0.363580459148728
S3O,4.80893,2.770957,-1.0396114768067275,-1.0068198983521426,0.566578233365949,-0.363580459148728
S3O,3.486988,4.051162,-1.0054148372123008,-1.1695803567981153,0.566578233365949,-0.363580459148728
S3O,4.752751,4.158214,-1.0111763229870372,-1.0944264886720785,0.566578233365949,-0.363580459148728
S3O,4.406797,2.704389,-0.7922131366729198,-1.1662740758143615,0.566578233365949,-0.363580459148728
S3O,1.17104,-0.349698,-0.9171300390397897,-1.5188351153404374,0.566578233365949,-0.363580459148728
S3O,3.786158,1.533976,-0.9881546120062568,-1.0792695175630418,0.566578233365949,-0.363580459148728
S3O,2.826736,-2.106406,-0.7271630627768516,-1.166796311780683,0.566578233365949,-0.363580459148728
S3O,3.345918,-0.349837,-0.7840890315806616,-0.49722517041615155,0.566578233365949,-0.363580459148728
S3O,2.734836,0.93484,-1.0144546467440918,-1.4661010359147773,0.566578233365949,-0.363580459148728
S3O,2.480149,0.714833,-0.9881546120062568,-1.1159204755226828,0.566578233365949,-0.363580459148728
S3O,2.599466,-0.698317,-1.023413218711906,-1.1390638941021138,0.566578233365949,-0.363580459148728
S3O,3.026458,1.141597,-1.0473050380507463,-1.1266737989886808,0.566578233365949,-0.363580459148728
S3O,3.088799,0.43487,-1.0400300570350705,-0.9949958783034513,0.566578233365949,-0.363580459148728
S3O,3.131812,1.481663,-1.0443329547080265,-1.0578673002668615,0.566578233365949,-0.363580459148728
S3O,1.991906,0.362921,-1.0701437425558356,-1.0787104452911844,0.566578233365949,-0.363580459148728
S3O,2.855534,1.832136,-1.138161415924297,-0.9039499733699496,0.566578233365949,-0.363580459148728
S3O,1.763548,-0.438995,-1.138161415924297,-0.9039499733699496,0.566578233365949,-0.363580459148728
S3O,1.749963,1.035151,-1.094226078757181,-0.9663680265577497,0.566578233365949,-0.363580459148728
S3O,1.950107,0.956867,-1.0701437425558356,-0.9954024003094062,0.566578233365949,-0.363580459148728
S3O,1.90567,-0.781886,-1.1659977096859206,-0.9141049379904185,0.566578233365949,-0.363580459148728
S3O,1.387913,-1.846495,-1.1407192492391358,-0.8696953788862225,0.566578233365949,-0.363580459148728
S3O,2.376471,1.356924,-1.036580156486545,-1.1347884979473468,0.566578233365949,-0.363580459148728
S3O,2.61456,-1.860013,-1.0730815525243529,-1.0998462017430797,0.566578233365949,-0.363580459148728
S3O,1.795326,0.028011,-1.0730815525243529,-1.0998462017430797,0.566578233365949,-0.363580459148728
E3C,-3.546473,2.092005,6.052901692200223,-2.002008375784144,0.691325066903131,-0.47379752103718203
E3C,3.801342,6.108753,6.17401042678201,-2.162280864335221,0.691325066903131,-0.47379752103718203
E3C,6.671131,1.448618,6.160030360105787,-3.053378708815887,0.691325066903131,-0.47379752103718203
E3C,0.602933,-1.925951,5.023868639129277,-0.9728295899358546,0.691325066903131,-0.47379752103718203
E3C,1.396536,3.554406,6.335179236839185,-1.5146876538124652,0.691325066903131,-0.47379752103718203
E3C,-1.182026,4.503527,5.159587707272563,-0.725415299346807,0.691325066903131,-0.47379752103718203
E3C,-2.769399,5.943661,6.909612338670747,-2.2760762847410536,0.691325066903131,-0.47379752103718203
E3C,-0.913365,2.300643,5.668730853807104,-2.15902770640352,0.691325066903131,-0.47379752103718203
E3C,3.616257,4.54537,6.070651424465366,-2.4421143653720767,0.691325066903131,-0.47379752103718203
E3C,-0.061186,10.155175,6.892520666834537,-2.573503409141775,0.691325066903131,-0.47379752103718203
E3C,-1.289051,7.567917,6.906444022700395,-3.187700409439911,0.691325066903131,-0.47379752103718203
E3C,1.082344,8.003395,6.7613868612571,-1.5923541933329501,0.691325066903131,-0.47379752103718203
E3C,-0.694179,11.720061,6.578558103799884,-1.6192790125851702,0.691325066903131,-0.47379752103718203
E3C,9.026759,9.809911,5.179610433380612,-1.1241842223198113,0.691325066903131,-0.47379752103718203
E3C,7.002326,11.040308,6.565426178463164,-0.9332794823872803,0.691325066903131,-0.47379752103718203
E3C,1.764206,15.510355,4.9983699111039295,-2.8503761517417034,0.691325066903131,-0.47379752103718203
E3C,6.845237,7.778741,5.832199814204208,-1.9595672708559853,0.691325066903131,-0.47379752103718203
E3C,-9.081811,12.170899,7.109864445693686,-2.6045576303332933,0.691325066903131,-0.47379752103718203
E3C,3.62173,-1.750236,3.8082010669232167,-0.7539561182074872,0.691325066903131,-0.47379752103718203
E3C,1.335409,3.23416,2.892059650728182,-2.3094716959104833,0.691325066903131,-0.47379752103718203
E3C,-7.267553,3.016277,6.928861407446016,-3.5460319186927323,0.691325066903131,-0.47379752103718203
E3C,-8.634051,5.604784,4.464508310580456,-0.8913643370075995,0.691325066903131,-0.47379752103718203
E3C,-3.81963,3.547296,5.761370864761887,-1.4768407698847072,0.691325066903131,-0.47379752103718203
E3C,-0.839701,6.850532,5.703761171613531,-1.4149549463183304,0.691325066903131,-0.47379752103718203
E3C,1.326212,0.399563,5.794587328287466,-1.357868177282357,0.691325066903131,-0.47379752103718203
E3C,-0.147641,12.057571,6.087693412893403,-1.504257108547189,0.691325066903131,-0.47379752103718203
E3C,0.608378,12.673472,5.586811225000691,-1.393472921092287,0.691325066903131,-0.47379752103718203
E3C,1.362208,11.246874,5.302726936049598,-1.3389860717079705,0.691325066903131,-0.47379752103718203
E3C,-1.565792,8.387184,5.122217362777643,-1.4167884144828498,0.691325066903131,-0.47379752103718203
E3C,-1.102874,11.631498,5.48328341065743,-1.4744718011107452,0.691325066903131,-0.47379752103718203
E3C,-1.154607,9.56947,6.288593873444203,-1.7108565813391172,0.691325066903131,-0.47379752103718203
E3C,-1.543117,4.590868,4.980742317564517,-1.1170548609265705,0.691325066903131,-0.47379752103718203
E3C,-3.827162,6.371674,5.984848871656675,-4.894776147545653,0.691325066903131,-0.47379752103718203
E3C,0.832953,5.204672,6.015712061999225,-2.144817961027615,0.691325066903131,-0.47379752103718203
E3C,6.961972,10.89748,5.894474328557589,-2.206829808573578,0.691325066903131,-0.47379752103718203
E3C,0.4537,5.828808,6.797877869222525,-3.0311356346368474,0.691325066903131,-0.47379752103718203
E3C,4.342595,-1.757418,5.527873293163815,-1.45147957875613,0.691325066903131,-0.47379752103718203
E3C,1.944618,6.972506,5.550192738813732,-1.3790760856213853,0.691325066903131,-0.47379752103718203
E3C,0.006196,8.678007,5.836335740999352,-2.206829808573578,0.691325066903131,-0.47379752103718203
E3C,0.2526,3.02736,5.217926861778032,-2.388850177872207,0.691325066903131,-0.47379752103718203
E3C,2.988886,1.343819,5.945686474377718,-2.9387173152567923,0.691325066903131,-0.47379752103718203
E3C,-2.231103,4.417604,5.5930397112623895,-2.0835440710362456,0.691325066903131,-0.47379752103718203
E3C,0.862775,3.729622,5.4233797700019,-1.5293568971661864,0.691325066903131,-0.47379752103718203
E3C,-2.272131,-5.469501,5.642758634849905,-2.0586994490128068,0.691325066903131,-0.47379752103718203
E3C,-3.700091,-0.154028,5.460999329848469,-2.3578487138979627,0.691325066903131,-0.47379752103718203
E3C,-1.674581,8.080789,7.7719480325595125,-2.053025531725869,0.691325066903131,-0.47379752103718203
E3C,-3.3522,3.532089,5.745943082492349,-1.358401497295493,0.691325066903131,-0.47379752103718203
E3C,-1.218973,-10.272709,7.784413198192632,-2.1563503582683756,0.691325066903131,-0.47379752103718203
E3C,-5.914101,7.639075,5.493546821726737,-1.44349346078572,0.691325066903131,-0.47379752103718203
E3C,-4.119231,2.816351,4.590217324017507,-1.464221135618936,0.691325066903131,-0.47379752103718203
E3C,-4.109066,5.57276,5.709788298194443,-1.3532860266006492,0.691325066903131,-0.47379752103718203
E3C,-0.069027,5.054642,6.249929513156468,-1.4669064606766429,0.691325066903131,-0.47379752103718203
E3C,-2.435399,4.708175,5.946979961243942,-2.002008375784144,0.691325066903131,-0.47379752103718203
E3C,-1.848223,8.24685,5.756324657171561,-2.848030699025625,0.691325066903131,-0.47379752103718203
E3C,-2.767293,6.267237,7.200273767671899,-1.4911148785976245,0.691325066903131,-0.47379752103718203
E3C,-0.940755,8.017068,5.8542687461151806,-1.3282524592800193,0.691325066903131,-0.47379752103718203
E3C,-1.621553,8.066635,5.261972797469819,-1.5846258966603275,0.691325066903131,-0.47379752103718203
E3C,-2.936824,6.410743,5.542599591673373,-1.3955395207308083,0.691325066903131,-0.47379752103718203
E3C,-3.761885,7.528826,5.457184818293188,-1.389361522320947,0.691325066903131,-0.47379752103718203
E3C,-1.076513,9.140913,5.8044981269273075,-1.4044222746588624,0.691325066903131,-0.47379752103718203
E3C,-2.017533,5.722657,4.709645700699289,-1.3999562104704821,0.691325066903131,-0.47379752103718203
E3C,-8.112778,2.059389,6.052839671035491,-1.4236144162739308,0.691325066903131,-0.47379752103718203
E3C,-2.441898,4.306715,5.0429808308664015,-1.3756168291468436,0.691325066903131,-0.47379752103718203
E3C,-3.513652,5.059211,5.592561258069649,-1.3616659951526358,0.691325066903131,-0.47379752103718203
E3C,0.110362,2.700528,5.992275034554307,-1.4065436636289714,0.691325066903131,-0.47379752103718203
E3C,-4.875652,2.479519,4.247850899038517,-1.4236714080323685,0.691325066903131,-0.47379752103718203
E3C,-5.67927,4.645608,6.3150765241433175,-2.206829808573578,0.691325066903131,-0.47379752103718203
E3C,-8.209556,14.465688,5.963388546882473,-1.432943547297576,0.691325066903131,-0.47379752103718203
E3C,-9.87671,3.900146,5.232822067155189,-1.4655159648839018,0.691325066903131,-0.47379752103718203
E3C,-4.526628,3.609503,4.982292463965924,-1.3913102372193822,0.691325066903131,-0.47379752103718203
E3C,-1.622466,4.997172,4.152227213964952,-1.4469388348083376,0.691325066903131,-0.47379752103718203
E3C,-8.146661,9.283031,5.897701650008097,-1.4006863273217525,0.691325066903131,-0.47379752103718203
E3C,-0.167328,5.506662,5.807253141274204,-2.9543245637812623,0.691325066903131,-0.47379752103718203
E3C,-2.858265,5.513361,7.128591377939983,-3.5078143751829067,0.691325066903131,-0.47379752103718203
E3C,0.001372,4.012616,5.636726912315237,-1.4773995537499596,0.691325066903131,-0.47379752103718203
E3C,-0.772683,6.511895,6.7297950543014435,-4.124720940240809,0.691325066903131,-0.47379752103718203
E3C,0.17797,4.471452,4.8729947525537,-1.167074334636183,0.691325066903131,-0.47379752103718203
E3C,-1.072749,6.249776,5.785643953976434,-1.5926430713413608,0.691325066903131,-0.47379752103718203
E3C,0.510449,2.064055,5.262494726743912,-2.285250350729429,0.691325066903131,-0.47379752103718203
E3C,6.492133,11.53789,5.039694694932684,-2.5856257963189813,0.691325066903131,-0.47379752103718203
E3C,-2.075298,5.748239,6.780430068551433,-3.34081739165127,0.691325066903131,-0.47379752103718203
E3C,-0.357933,9.379423,5.506413719257596,-2.206829808573578,0.691325066903131,-0.47379752103718203
E3C,-2.850691,9.464237,5.846302297613705,-1.477761110140815,0.691325066903131,-0.47379752103718203
E3C,-5.382731,12.955636,5.895822878574013,-2.7242726941024613,0.691325066903131,-0.47379752103718203
E3C,-0.057941,16.796307,5.964421130223521,-1.4749091273740598,0.691325066903131,-0.47379752103718203
E3C,-5.09449,13.67606,5.338991002272417,-1.5094991741895076,0.691325066903131,-0.47379752103718203
E3C,-1.887199,7.746765,6.887071326877726,-1.5798860050750352,0.691325066903131,-0.47379752103718203
E3C,-5.864942,9.846353,5.831049155187899,-1.3646108316014545,0.691325066903131,-0.47379752103718203
E3C,3.804275,14.747878,6.75593715472668,-3.411561436787973,0.691325066903131,-0.47379752103718203
E3C,-2.211785,9.149148,5.496326765730714,-1.5581655101223828,0.691325066903131,-0.47379752103718203
E3C,3.266911,5.413381,4.61052012907578,-1.4755729864852813,0.691325066903131,-0.47379752103718203
E3C,0.575331,9.416069,5.80921761703715,-2.38217461387199,0.691325066903131,-0.47379752103718203
E3C,-6.046602,11.396939,5.038539911002857,-1.454644228078792,0.691325066903131,-0.47379752103718203
E3C,5.532275,7.785841,6.9885125238209485,-2.995477989457373,0.691325066903131,-0.47379752103718203
E3C,-3.203361,16.761673,4.765582456383,-1.0155707547967883,0.691325066903131,-0.47379752103718203
E3C,3.891596,2.174681,7.05840324630416,-3.475902883423891,0.691325066903131,-0.47379752103718203
E3C,-0.173706,4.725691,4.61052012907578,-1.4755729864852813,0.691325066903131,-0.47379752103718203
E3C,4.352285,2.517034,5.3397729358048664,-2.56306605051563,0.691325066903131,-0.47379752103718203
E3C,-3.162845,8.510764,5.596092132483857,-1.930832116826405,0.691325066903131,-0.47379752103718203
E3C,0.168286,0.197001,6.652116725118062,-1.881049530192101,0.691325066903131,-0.47379752103718203
E3C,-1.498793,9.097764,6.643622599713954,-1.6736100039239503,0.691325066903131,-0.47379752103718203
E3C,-0.428749,-1.131067,3.803415780788363,-1.9345550383358836,0.691325066903131,-0.47379752103718203
E3C,0.515293,-7.200573,5.28879635482267,-2.6034579481417106,0.691325066903131,-0.47379752103718203
E3C,4.963932,-6.391163,5.988220123701801,-2.611067507390347,0.691325066903131,-0.47379752103718203
E3C,-1.442207,1.895164,6.206509922028264,-3.2337261989000914,0.691325066903131,-0.47379752103718203
E3C,2.439981,-7.431933,4.84669790229634,-2.2475368039794086,0.691325066903131,-0.47379752103718203
E3C,-4.321947,4.089078,4.803785026787428,-2.6067866654138907,0.691325066903131,-0.47379752103718203
E3C,-3.849678,-1.183643,5.207170899478701,-2.471778455638165,0.691325066903131,-0.47379752103718203
E3C,4.094466,-8.541001,5.242212088916696,-2.603415331240816,0.691325066903131,-0.47379752103718203
E3C,1.579866,-2.260111,4.838065964833478,-1.4827858771216822,0.691325066903131,-0.47379752103718203
E3C,4.308855,-4.836192,4.908262940021482,-3.304654428868602,0.691325066903131,-0.47379752103718203
E3C,-1.74284,1.432163,5.14531571211244,-4.793410987083121,0.691325066903131,-0.47379752103718203
E3C,-3.290005,-7.387732,5.268149161392176,-3.20148358727801,0.691325066903131,-0.47379752103718203
E3C,-7.294578,-4.237415,5.268149161392176,-2.665002670069954,0.691325066903131,-0.47379752103718203
E3C,3.115215,-12.827726,5.294844997673826,-5.25401020200739,0.691325066903131,-0.47379752103718203
E3C,-1.695613,-9.084986,5.0615932081899,-4.312975585244842,0.691325066903131,-0.47379752103718203
E3C,1.695662,-1.161618,5.274197804243331,-5.232045564883594,0.691325066903131,-0.47379752103718203
E3C,0.790206,1.679931,6.658263243328816,-1.6684965892240922,0.691325066903131,-0.47379752103718203
E3C,-5.488863,2.391331,5.059826648613107,-1.654491858898871,0.691325066903131,-0.47379752103718203
E3C,-2.344108,-2.451735,4.937810688395136,-0.7118836002835294,0.691325066903131,-0.47379752103718203
E3C,-6.65908,3.115895,5.209598091283663,-1.4601114038160221,0.691325066903131,-0.47379752103718203
E3C,-6.65908,3.115895,5.209598091283663,-1.4601114038160221,0.691325066903131,-0.47379752103718203
E3C,-2.851058,1.72908,4.9461462000094985,-0.7503840381285142,0.691325066903131,-0.47379752103718203
E3C,-1.9657,5.496495,6.376465113211746,-1.7092543081263227,0.691325066903131,-0.47379752103718203
E3C,-3.975576,0.687492,4.838065964833478,-1.4827858771216822,0.691325066903131,-0.47379752103718203
E3C,0.071135,-2.956329,4.686990128433478,-1.0664749276643015,0.691325066903131,-0.47379752103718203
E3C,2.200662,4.736848,5.947614678282543,-3.2428640740241907,0.691325066903131,-0.47379752103718203
E3C,3.503067,11.126099,6.392791848850216,-2.0636806968819186,0.691325066903131,-0.47379752103718203
E3C,-0.347555,0.594443,6.599724209655589,-2.8582571204218463,0.691325066903131,-0.47379752103718203
E3C,-3.721876,4.803073,6.290008295630785,-1.5437786348158913,0.691325066903131,-0.47379752103718203
E3C,-1.443864,5.109877,5.255829042111175,-1.5644419148927726,0.691325066903131,-0.47379752103718203
E3C,-1.9641,5.429434,6.905022332551453,-3.857798199159541,0.691325066903131,-0.47379752103718203
E3C,-6.293475,5.684825,7.000858833238059,-3.3061312692334845,0.691325066903131,-0.47379752103718203
E3C,-4.034253,9.475195,6.497784123648876,-3.9373458292836685,0.691325066903131,-0.47379752103718203
E3C,-3.571377,5.944255,6.416694300418919,-2.9344876095885826,0.691325066903131,-0.47379752103718203
E3C,-3.794726,2.652941,5.833411143464891,-1.3500613689454979,0.691325066903131,-0.47379752103718203
E3C,-7.265856,6.576819,5.876105798170479,-1.5136519653337888,0.691325066903131,-0.47379752103718203
E3C,-2.048672,7.365209,5.5034830811688975,-1.3389860717079705,0.691325066903131,-0.47379752103718203
E3C,-3.817767,7.587788,6.559702834055248,-2.7271246768692166,0.691325066903131,-0.47379752103718203
E3C,-2.208829,6.81615,6.42974793907651,-1.426466399040686,0.691325066903131,-0.47379752103718203
E3C,-3.152116,2.594366,6.718800864409318,-3.592380804172805,0.691325066903131,-0.47379752103718203
E3C,1.119955,1.895728,6.554129900782521,-3.411395932705674,0.691325066903131,-0.47379752103718203
E3C,-6.809217,6.751973,6.282607619301103,-2.918981269845925,0.691325066903131,-0.47379752103718203
E3C,-2.351654,7.337653,5.910490393602678,-1.4793577232214452,0.691325066903131,-0.47379752103718203
E3C,0.71718,6.014858,7.120767065257381,-3.280617043263384,0.691325066903131,-0.47379752103718203
E3C,0.489111,4.643652,6.367853964781332,-2.335319434808022,0.691325066903131,-0.47379752103718203
E3C,-1.597254,12.027729,6.223166471547915,-1.6342081129459602,0.691325066903131,-0.47379752103718203
E3C,-7.723244,6.770049,6.206021254335528,-3.079829191411845,0.691325066903131,-0.47379752103718203
E3C,-3.181939,4.069415,5.776192166886137,-3.5660649587736506,0.691325066903131,-0.47379752103718203
E3C,-3.029475,12.878694,6.418719030467522,-3.128399745360719,0.691325066903131,-0.47379752103718203
E3C,-2.616732,13.134457,6.402251381637584,-3.1793260330187425,0.691325066903131,-0.47379752103718203
E3C,2.669584,1.026976,6.723480801025304,-2.9899866983008345,0.691325066903131,-0.47379752103718203
E3C,-1.120347,11.989664,5.049582648739805,-3.1071927071347343,0.691325066903131,-0.47379752103718203
E3C,-1.355708,3.810127,4.840596963146762,-2.0529429603546006,0.691325066903131,-0.47379752103718203
E3C,1.449429,7.926877,5.207170899478701,-2.38798961836136,0.691325066903131,-0.47379752103718203
E3C,1.386614,2.996872,7.073245605402969,-2.9110280658419563,0.691325066903131,-0.47379752103718203
E3C,3.473257,-1.32887,7.554860036775884,-2.129670502377819,0.691325066903131,-0.47379752103718203
E3C,-4.550945,6.613418,7.106120168324304,-3.7278827764600435,0.691325066903131,-0.47379752103718203
E3C,-9.42053,-1.371667,5.055544565338746,-1.6505682788310487,0.691325066903131,-0.47379752103718203
E3C,-2.657493,1.439114,5.935923839276362,-2.1177844612680388,0.691325066903131,-0.47379752103718203
E3C,-4.636106,6.439632,6.079803662393644,-3.5424607343727335,0.691325066903131,-0.47379752103718203
E3C,-8.343709,9.606679,6.992552365146706,-2.596173772728768,0.691325066903131,-0.47379752103718203
E3C,-4.830262,16.451622,5.891459639282166,-2.543977081626571,0.691325066903131,-0.47379752103718203
E3C,-6.66864,7.335622,5.7970114862146565,-1.5563725308150735,0.691325066903131,-0.47379752103718203
E3C,-7.703299,5.596927,6.354863213508649,-1.5572008169616456,0.691325066903131,-0.47379752103718203
E3C,2.960988,13.634616,5.217894195830392,-1.6189214160637069,0.691325066903131,-0.47379752103718203
E3C,-4.666254,6.954779,5.996545978516022,-2.91612928707917,0.691325066903131,-0.47379752103718203
E3C,-0.33437,3.785995,6.383758569808293,-2.432893981589407,0.691325066903131,-0.47379752103718203
E3C,1.101449,2.521837,5.049582648739805,-3.3281315905279576,0.691325066903131,-0.47379752103718203
E3C,-7.040097,6.285037,6.225711260142363,-3.2908220879499024,0.691325066903131,-0.47379752103718203
E3C,2.261404,4.286947,6.7682235061672635,-3.586403197754352,0.691325066903131,-0.47379752103718203
E3C,2.282666,5.904219,6.805359796484626,-3.4523787408228586,0.691325066903131,-0.47379752103718203
E3C,-2.269794,6.975855,7.04782881019834,-3.3740151878012856,0.691325066903131,-0.47379752103718203
E3C,0.982477,3.466146,6.225711260142363,-3.2908220879499024,0.691325066903131,-0.47379752103718203
E3C,-1.504121,4.041736,6.434425328753418,-2.9157627091697456,0.691325066903131,-0.47379752103718203
E3C,1.140128,6.928595,6.741039273570114,-3.4056395263985038,0.691325066903131,-0.47379752103718203
E3C,-1.716111,3.718839,6.578558103799884,-1.6192790125851702,0.691325066903131,-0.47379752103718203
E3C,-0.728789,3.473389,5.868530246164499,-2.706304937735029,0.691325066903131,-0.47379752103718203
E3C,-4.871989,10.75026,6.263068387302696,-1.6913962625369188,0.691325066903131,-0.47379752103718203
E3C,-1.67469,-1.462607,6.288593873444203,-1.7108565813391172,0.691325066903131,-0.47379752103718203
E3C,4.55753,10.162501,6.652142074756816,-1.6828892735940177,0.691325066903131,-0.47379752103718203
E3C,-1.971186,5.876308,2.8758932086393942,-2.377711277222889,0.691325066903131,-0.47379752103718203
E3C,-4.194652,6.727261,4.9667954621428745,-2.725382017303142,0.691325066903131,-0.47379752103718203
E3C,1.200057,4.078936,6.978700689327304,-3.8709758357169175,0.691325066903131,-0.47379752103718203
E3C,5.875146,1.460038,5.80921761703715,-2.38217461387199,0.691325066903131,-0.47379752103718203
E3C,5.941175,2.248807,6.718636875426385,-3.439789240076879,0.691325066903131,-0.47379752103718203
E3C,-2.611306,9.986503,5.713028787795987,-3.347064917657971,0.691325066903131,-0.47379752103718203
E3C,-2.780922,-0.462604,6.351711248663193,-1.2387486769066667,0.691325066903131,-0.47379752103718203
E3C,-1.098489,-0.122201,5.326750413605042,-0.9158811611250828,0.691325066903131,-0.47379752103718203
E3C,-6.806008,17.400217,6.230303593002726,-3.1782275429862947,0.691325066903131,-0.47379752103718203
E3C,-2.010183,6.42544,5.141318257745248,-1.824700922705639,0.691325066903131,-0.47379752103718203
E3C,-6.008026,3.302406,6.255586651161015,-2.9189148505905016,0.691325066903131,-0.47379752103718203
E3C,-3.445985,6.64038,7.033150321463131,-3.452567301942964,0.691325066903131,-0.47379752103718203
E3C,2.471644,0.18984,5.5573405229838855,-1.352544160988274,0.691325066903131,-0.47379752103718203
E3C,1.079378,1.462704,5.6569675028233455,-1.4849313904714236,0.691325066903131,-0.47379752103718203
E3C,-0.473413,0.367144,6.858205382199464,-3.59768934574057,0.691325066903131,-0.47379752103718203
E3C,-6.948576,2.373219,7.05840324630416,-3.475902883423891,0.691325066903131,-0.47379752103718203
E3C,-2.051934,4.731191,5.760781448263195,-3.1076419757930207,0.691325066903131,-0.47379752103718203
E3C,6.387221,0.995837,6.978700689327304,-3.939404802085046,0.691325066903131,-0.47379752103718203
E3C,5.143263,8.332395,6.88848082550878,-2.96914478093441,0.691325066903131,-0.47379752103718203
E3C,-3.100362,6.565073,5.497685857025843,-1.4749091273740598,0.691325066903131,-0.47379752103718203
E3C,3.328992,6.704656,6.4684164456733635,-3.0312798770017793,0.691325066903131,-0.47379752103718203
E3C,5.096022,7.017959,5.659168641695368,-1.389361522320947,0.691325066903131,-0.47379752103718203
E3C,2.591702,5.752843,6.345861495547394,-3.4171274056527774,0.691325066903131,-0.47379752103718203
E3C,2.404141,11.969425,5.802397109560202,-2.936109740152105,0.691325066903131,-0.47379752103718203
E3C,-2.365199,8.242529,6.458975105512803,-1.5475603259545283,0.691325066903131,-0.47379752103718203
E3C,0.391907,7.59587,5.694534762255575,-1.5222029334512355,0.691325066903131,-0.47379752103718203
E3C,-5.211293,5.8805,5.423280078791694,-1.4167884144828498,0.691325066903131,-0.47379752103718203
E3C,-2.080687,0.881966,6.048977656279845,-2.057357820884657,0.691325066903131,-0.47379752103718203
E3C,-5.290319,7.246707,5.784057466667086,-1.376498099940672,0.691325066903131,-0.47379752103718203
E3C,-4.932977,14.917078,5.063916534762893,-3.109980598219484,0.691325066903131,-0.47379752103718203
E3C,-6.671879,6.610283,5.980557630165484,-1.5460636288193403,0.691325066903131,-0.47379752103718203
E3C,-4.336465,-0.84365,5.41100790580968,-2.3578487138979627,0.691325066903131,-0.47379752103718203
E3C,-4.889221,13.3073,6.074773778062954,-2.063215157191876,0.691325066903131,-0.47379752103718203
E3C,0.320348,3.369557,4.518825042085498,-1.4752609856540284,0.691325066903131,-0.47379752103718203
E3C,-1.026425,4.494749,5.3823838249919715,-1.4036957106151131,0.691325066903131,-0.47379752103718203
E3C,-1.168688,-0.698659,3.864491855385839,-1.6129056806619386,0.691325066903131,-0.47379752103718203
E3C,0.17944,-1.131891,5.053013567025461,-1.130938070422149,0.691325066903131,-0.47379752103718203
E3C,-2.96272,8.432503,6.049956925535255,-1.4792276102584074,0.691325066903131,-0.47379752103718203
E3C,-0.559016,2.570862,6.917968413968283,-2.036069243480668,0.691325066903131,-0.47379752103718203
E3C,-3.304111,11.06364,5.18448698413615,-2.6368821744833575,0.691325066903131,-0.47379752103718203
E3C,-4.435434,4.653574,6.193285074834392,-3.3657677173840064,0.691325066903131,-0.47379752103718203
E3C,1.3283,1.772356,6.459458813674009,-1.1974029256247003,0.691325066903131,-0.47379752103718203
E3C,1.42613,-1.168736,5.283251644381043,-2.764163870610765,0.691325066903131,-0.47379752103718203
E3C,-0.794068,2.316237,4.933708290810321,-1.073334748479297,0.691325066903131,-0.47379752103718203
E3C,-1.006945,6.748348,5.268149161392176,-3.691991187145264,0.691325066903131,-0.47379752103718203
E3C,8.592689,8.126633,5.268149161392176,-2.3518793007057743,0.691325066903131,-0.47379752103718203
E3C,9.986399,-1.707474,5.18448698413615,-2.5972223031421744,0.691325066903131,-0.47379752103718203
E3C,8.25144,2.364033,4.717531524551605,-1.217920135078065,0.691325066903131,-0.47379752103718203
E3C,9.827444,4.920486,6.183487344165041,-2.985490038136919,0.691325066903131,-0.47379752103718203
E3C,10.835067,-1.643734,5.924936186984737,-1.432943547297576,0.691325066903131,-0.47379752103718203
E3C,5.145715,1.601646,5.530793210623952,-2.428115002161118,0.691325066903131,-0.47379752103718203
E3C,12.686508,-4.795379,6.948848855305432,-2.011918978669224,0.691325066903131,-0.47379752103718203
E3C,2.834685,2.904019,6.016228736908321,-1.5851811437712702,0.691325066903131,-0.47379752103718203
E3C,0.333045,5.121254,5.116947756338853,-2.492182184302293,0.691325066903131,-0.47379752103718203
E3C,4.255761,9.297737,6.176740312647076,-3.303170428544843,0.691325066903131,-0.47379752103718203
E3C,6.811753,2.891729,5.021498625193857,-1.0543875527969637,0.691325066903131,-0.47379752103718203
E3C,10.078433,0.687137,7.784413198192632,-2.1563503582683756,0.691325066903131,-0.47379752103718203
E3C,1.736472,5.477395,5.334578826879494,-2.5537826743032666,0.691325066903131,-0.47379752103718203
E3C,1.471375,6.407624,4.030574433722274,-1.3941003468354976,0.691325066903131,-0.47379752103718203
E3C,2.553099,0.107112,4.391344923259026,-1.3359252115412432,0.691325066903131,-0.47379752103718203
E3C,3.736502,2.574097,5.1917567777368765,-2.2296167512163687,0.691325066903131,-0.47379752103718203
E3C,0.539352,10.400344,5.578078345958937,-1.3678042744936998,0.691325066903131,-0.47379752103718203
E3C,0.583529,7.462279,6.033378819356424,-1.5105955285323291,0.691325066903131,-0.47379752103718203
E3C,4.812381,0.749825,6.374511041422159,-2.9587606627050524,0.691325066903131,-0.47379752103718203
E3C,6.928222,4.86081,6.036998436110622,-1.3371352132080734,0.691325066903131,-0.47379752103718203
E3C,1.887428,0.23396,6.104055527962763,-1.4180465036684229,0.691325066903131,-0.47379752103718203
E3C,-1.310373,6.1404,6.070461158620063,-1.3429925495152923,0.691325066903131,-0.47379752103718203
E3C,0.592629,-0.295736,6.401558349146768,-0.9705970454681617,0.691325066903131,-0.47379752103718203
E3C,-0.355227,1.889653,6.019792938060599,-1.3235771239277703,0.691325066903131,-0.47379752103718203
E3C,0.348162,-0.717258,6.247291682489403,-3.2811713419517807,0.691325066903131,-0.47379752103718203
E3C,-9.781952,3.671563,7.188957096381993,-3.7691554595459715,0.691325066903131,-0.47379752103718203
E3C,-1.257598,-4.946317,7.031095899129799,-3.4318945568536736,0.691325066903131,-0.47379752103718203
E3C,-4.401987,-7.157574,7.211428305997674,-3.442009932449481,0.691325066903131,-0.47379752103718203
E3C,1.356866,0.275053,6.79046191532806,-3.446456830433389,0.691325066903131,-0.47379752103718203
E3C,0.172931,-7.449144,6.69574046080988,-2.7200695884626023,0.691325066903131,-0.47379752103718203
E3C,0.09693,-2.689899,6.206509922028264,-3.2337261989000914,0.691325066903131,-0.47379752103718203
E3C,2.339872,-1.287255,7.108153560302596,-3.3132606793885264,0.691325066903131,-0.47379752103718203
E3C,7.03296,-1.965004,6.577003217514061,-3.477122889290855,0.691325066903131,-0.47379752103718203
E3C,5.080719,0.544935,6.454255140912122,-3.1678665423218706,0.691325066903131,-0.47379752103718203
E3C,4.447588,10.503559,6.043580034685037,-3.3220092080778727,0.691325066903131,-0.47379752103718203
E3C,2.329375,4.919339,7.177705347046102,-3.5057851704137732,0.691325066903131,-0.47379752103718203
E3C,1.671765,7.479021,5.3949919278971885,-1.9135066224034798,0.691325066903131,-0.47379752103718203
E3C,1.907514,13.470809,5.9032581339705175,-2.0911046053774824,0.691325066903131,-0.47379752103718203
E3C,-0.079169,7.164808,5.330830329341734,-1.9135066224034798,0.691325066903131,-0.47379752103718203
E3C,-5.050023,7.88054,7.128591377939983,-3.471017937770057,0.691325066903131,-0.47379752103718203
E3C,1.948886,4.472005,7.7719480325595125,-2.053025531725869,0.691325066903131,-0.47379752103718203
E3C,4.075155,9.531163,7.784476573111655,-2.2581213706484258,0.691325066903131,-0.47379752103718203
E3C,0.908419,8.069016,5.6253971224972865,-2.0586994490128068,0.691325066903131,-0.47379752103718203
E3C,-2.433434,6.460479,5.55493505622803,-1.4768407698847072,0.691325066903131,-0.47379752103718203
E3C,-0.191202,3.175177,5.330830329341734,-1.9135066224034798,0.691325066903131,-0.47379752103718203
E3C,-1.913241,2.323564,7.093253230215316,-2.0274308395755765,0.691325066903131,-0.47379752103718203
E3C,1.01627,3.397268,6.458975105512803,-1.5475603259545283,0.691325066903131,-0.47379752103718203
E3C,-1.6742,2.935144,7.721921697204924,-2.1061829164614143,0.691325066903131,-0.47379752103718203
E3C,2.690267,6.45048,6.892520666834537,-2.573503409141775,0.691325066903131,-0.47379752103718203
E3C,14.324673,-2.186626,5.055544565338746,-1.6505682788310487,0.691325066903131,-0.47379752103718203
E3C,5.61484,-0.768813,2.949345488157322,-1.9991841321606778,0.691325066903131,-0.47379752103718203
E3C,-2.396242,1.681099,6.168949081535063,-3.0234932193293855,0.691325066903131,-0.47379752103718203
E3C,0.037694,2.939027,5.942430274397864,-1.3646108316014545,0.691325066903131,-0.47379752103718203
E3C,-3.380546,5.319587,6.048977656279845,-2.057357820884657,0.691325066903131,-0.47379752103718203
E3C,-0.362756,4.714032,5.109868780987409,-1.4593068684570514,0.691325066903131,-0.47379752103718203
E3C,-3.464592,6.596782,4.822560690611295,-1.2407341713398543,0.691325066903131,-0.47379752103718203
E3C,-0.637919,3.557558,6.65720910547025,-0.9988316644423424,0.691325066903131,-0.47379752103718203
E3C,-4.717724,9.000305,4.490895378105368,-1.493766903126345,0.691325066903131,-0.47379752103718203
E3C,-4.811712,7.811287,4.592877708647723,-1.1456628712858317,0.691325066903131,-0.47379752103718203
E3C,-2.824149,3.44649,5.139267069261286,-2.002217931162501,0.691325066903131,-0.47379752103718203
E3C,-5.001085,6.839725,6.382057891183805,-0.7680372068207996,0.691325066903131,-0.47379752103718203
E3C,0.621738,9.379966,5.95486782615873,-1.435126439882506,0.691325066903131,-0.47379752103718203
E3C,-0.521502,-1.248615,4.739921487738733,-1.070224014334501,0.691325066903131,-0.47379752103718203
E3C,-3.703451,2.45804,4.536360689339479,-1.4132881725952948,0.691325066903131,-0.47379752103718203
E2O,1.951216,-2.214943,-2.532080873157102,1.274607169848622,0.6732597578277887,-0.38318599938845405
E2O,-1.233066,1.357477,-2.483870621394522,1.7104983098446045,0.6732597578277887,-0.38318599938845405
E2O,-0.469634,-2.290749,-1.9828953891813248,1.724338445284119,0.6732597578277887,-0.38318599938845405
E2O,-0.667662,-1.219234,-2.4166459256780133,1.7250494156017309,0.6732597578277887,-0.38318599938845405
E2O,0.956021,1.714212,-2.0252330274662906,1.7119765807210623,0.6732597578277887,-0.38318599938845405
E2O,-0.974718,7.381455,-2.8904723226229674,1.7211763339550457,0.6732597578277887,-0.38318599938845405
E2O,-0.012567,1.81338,-2.373595715601928,1.6359722058074164,0.6732597578277887,-0.38318599938845405
E2O,-1.492118,1.249279,-2.307075294289937,1.673902362275637,0.6732597578277887,-0.38318599938845405
E2O,-0.34613,-1.817745,-2.3840528467810578,1.7058653967686814,0.6732597578277887,-0.38318599938845405
E2O,-1.184306,-3.322052,-1.8882934656845374,1.6533523242945716,0.6732597578277887,-0.38318599938845405
E2O,-1.463438,-2.257133,-1.8526746021411777,1.6053931485112083,0.6732597578277887,-0.38318599938845405
E2O,-1.211964,-1.422993,-2.688845610209249,1.6041235970425616,0.6732597578277887,-0.38318599938845405
E2O,-2.075664,4.173025,-2.308093016513692,1.7274171366587916,0.6732597578277887,-0.38318599938845405
E2O,-1.600778,0.753115,-3.2430452415007047,1.7013708139889816,0.6732597578277887,-0.38318599938845405
E2O,-2.763368,-0.777578,-1.792130783155056,1.6364147295014857,0.6732597578277887,-0.38318599938845405
E2O,-0.556891,0.939915,-2.1370619610320016,1.6540664919231594,0.6732597578277887,-0.38318599938845405
E2O,-0.768028,3.117184,-3.216499791959361,1.6740736379737253,0.6732597578277887,-0.38318599938845405
E2O,3.351821,1.344956,-2.275843973116871,1.7242556660753292,0.6732597578277887,-0.38318599938845405
E2O,2.423621,-2.141079,-2.621752086450633,1.5770300117081208,0.6732597578277887,-0.38318599938845405
E2O,-1.508278,-0.758931,-2.038362308532878,1.6465060263002085,0.6732597578277887,-0.38318599938845405
E2O,0.162521,1.959789,-2.038362308532878,1.6465060263002085,0.6732597578277887,-0.38318599938845405
E2O,-2.187437,1.422358,-1.9962288875217302,1.6183680066851793,0.6732597578277887,-0.38318599938845405
E2O,2.095238,-3.194125,-2.4428204342870714,1.7419273150590804,0.6732597578277887,-0.38318599938845405
E2O,0.376339,5.184668,-2.4500482923399045,1.7492501072858893,0.6732597578277887,-0.38318599938845405
E2O,-0.207131,2.181508,-1.8407155096650902,1.6770049171389785,0.6732597578277887,-0.38318599938845405
E2O,0.512714,0.053737,-1.8531006803059882,1.6264729413652872,0.6732597578277887,-0.38318599938845405
E2O,1.378731,-2.919396,-1.4732575038093503,1.6474802470290162,0.6732597578277887,-0.38318599938845405
E2O,-0.2679,3.301106,-2.0593391310769196,1.6240049712004614,0.6732597578277887,-0.38318599938845405
E2O,-0.953597,2.402114,-1.4834730120033528,1.0353163755357597,0.6732597578277887,-0.38318599938845405
E2O,1.669225,-1.105216,-1.1693296510640978,1.063371889839941,0.6732597578277887,-0.38318599938845405
E2O,-1.273022,1.795035,-2.662448847971845,1.6400202887973176,0.6732597578277887,-0.38318599938845405
E2O,2.641992,0.782176,-2.2660367991283294,1.6388569365205412,0.6732597578277887,-0.38318599938845405
E2O,-0.749103,-3.335387,-1.6534438958175912,0.9786887189021399,0.6732597578277887,-0.38318599938845405
E2O,-3.842807,-2.647806,-2.742547504947831,1.2519834414380993,0.6732597578277887,-0.38318599938845405
E2O,-0.541649,2.166853,-1.327164972405278,1.2247789906329782,0.6732597578277887,-0.38318599938845405
E2O,-0.33748,2.925523,-1.3337354351726955,1.032566857100605,0.6732597578277887,-0.38318599938845405
E2O,0.762508,6.881844,-3.1698575572194767,1.2426457512768359,0.6732597578277887,-0.38318599938845405
E2O,0.526537,1.637931,-1.8708639344037257,1.5569398410701647,0.6732597578277887,-0.38318599938845405
E2O,0.24842,-1.773079,-1.6895679420346679,1.6302963604025318,0.6732597578277887,-0.38318599938845405
E2O,-1.456191,0.644521,-1.7724420328492965,1.3494334635892968,0.6732597578277887,-0.38318599938845405
E2O,-1.841497,3.456653,-1.6850510311667697,1.3679718709638393,0.6732597578277887,-0.38318599938845405
E2O,3.623754,1.58637,-1.615890597939936,1.3397313858848185,0.6732597578277887,-0.38318599938845405
E2O,0.477646,2.299228,-2.7375011203035813,1.3308688273981897,0.6732597578277887,-0.38318599938845405
E2O,0.064389,6.240272,-2.8792778518610334,0.9937763657922337,0.6732597578277887,-0.38318599938845405
E2O,-4.584282,-0.139318,-1.7725787377549131,1.5909446047141436,0.6732597578277887,-0.38318599938845405
E2O,2.931521,0.475672,-1.858417341981757,1.1499913663131627,0.6732597578277887,-0.38318599938845405
E2O,-4.929008,5.114958,-2.6439236878535426,0.9351394011105065,0.6732597578277887,-0.38318599938845405
E2O,0.073254,1.138842,-1.3180313616631296,0.8648685146349678,0.6732597578277887,-0.38318599938845405
E2O,-3.280675,1.506218,-1.1693296510640978,1.063371889839941,0.6732597578277887,-0.38318599938845405
E2O,-2.406384,2.695963,-3.1582589092255513,0.9474551443341839,0.6732597578277887,-0.38318599938845405
E2O,1.258608,6.898566,-3.1442802293026544,1.08246258278317,0.6732597578277887,-0.38318599938845405
E2O,-2.260923,-0.839345,-1.1010173445469682,1.080806153861378,0.6732597578277887,-0.38318599938845405
E2O,-4.760538,2.370841,-2.659645443462687,1.6246340243916317,0.6732597578277887,-0.38318599938845405
E2O,-5.038023,10.44526,-2.659645443462687,1.6246340243916317,0.6732597578277887,-0.38318599938845405
E2O,-1.696595,4.787909,-3.0283133547430636,0.9948633536092368,0.6732597578277887,-0.38318599938845405
E2O,-3.401797,2.79664,-2.7843743243371697,1.32657603645241,0.6732597578277887,-0.38318599938845405
E2O,-2.392396,3.900647,-2.7985356816313804,1.5956726727499428,0.6732597578277887,-0.38318599938845405
E2O,1.140907,6.146191,-1.6850510311667697,1.3597228624744464,0.6732597578277887,-0.38318599938845405
E2O,-0.035543,7.429046,-2.7960102001501745,1.6125813707935879,0.6732597578277887,-0.38318599938845405
E2O,2.663797,5.759101,-2.6776232739235546,1.6738666817477548,0.6732597578277887,-0.38318599938845405
E2O,2.811488,2.167857,-2.3355330524022295,1.5891792964252445,0.6732597578277887,-0.38318599938845405
E2O,1.472333,4.576049,-2.4306903870177585,1.0802180086209199,0.6732597578277887,-0.38318599938845405
E2O,4.341657,0.284678,-2.7409706776641283,1.7042026724834372,0.6732597578277887,-0.38318599938845405
E2O,0.748653,-1.109207,-2.1017429268495746,1.6389467918204372,0.6732597578277887,-0.38318599938845405
E2O,-2.240374,6.983902,-2.504855783511544,1.2927522125377575,0.6732597578277887,-0.38318599938845405
E2O,2.905842,0.019485,-2.64661745139006,1.6051678231067212,0.6732597578277887,-0.38318599938845405
E2O,0.900534,3.023263,-2.8466251920934145,1.5698757136389785,0.6732597578277887,-0.38318599938845405
E2O,2.319744,-1.30926,-2.8752847984231322,1.558611275161139,0.6732597578277887,-0.38318599938845405
E2O,1.275768,6.629718,-2.0950552590112856,1.673898684980203,0.6732597578277887,-0.38318599938845405
E2O,-5.669755,8.114523,-3.1276213039188616,1.7580206479929226,0.6732597578277887,-0.38318599938845405
E2O,-5.406465,6.481246,-3.216499791959361,1.6740736379737253,0.6732597578277887,-0.38318599938845405
E2O,-4.077179,8.582969,-3.1797884842642334,1.6838587725142315,0.6732597578277887,-0.38318599938845405
E2O,-4.372367,13.85678,-2.288516940526378,1.4486062600229515,0.6732597578277887,-0.38318599938845405
E2O,-5.745931,5.518117,-2.127375326735817,1.6555364372997565,0.6732597578277887,-0.38318599938845405
E2O,0.652695,3.974802,-2.7349569467685826,1.6135317227582977,0.6732597578277887,-0.38318599938845405
E2O,-4.576724,4.202187,-2.3529485562468038,1.6316097372604077,0.6732597578277887,-0.38318599938845405
E2O,-4.013069,5.610329,-2.0394076968743473,1.6772289162370264,0.6732597578277887,-0.38318599938845405
E2O,-5.283359,8.57273,-2.7783387562889654,1.62890553724306,0.6732597578277887,-0.38318599938845405
E2O,-2.707185,5.670765,-2.0394076968743473,1.6772289162370264,0.6732597578277887,-0.38318599938845405
E2O,-2.714575,6.686902,-2.752617108769731,1.5618249837797378,0.6732597578277887,-0.38318599938845405
E2O,-2.84952,3.524554,-2.683664085191428,1.7449803235070946,0.6732597578277887,-0.38318599938845405
E2O,-4.157428,1.611378,-2.901166762055364,1.502050243940107,0.6732597578277887,-0.38318599938845405
E2O,-4.119349,6.877592,-1.688696826233473,1.5920409040573864,0.6732597578277887,-0.38318599938845405
E2O,-3.551664,8.452933,-2.8385670105826817,1.3383931689135513,0.6732597578277887,-0.38318599938845405
E2O,-5.546001,5.149687,-1.1858077557728373,1.0963709510009698,0.6732597578277887,-0.38318599938845405
E2O,-3.60087,7.674379,-3.1069211162643313,1.2911611478900302,0.6732597578277887,-0.38318599938845405
E2O,-2.192842,2.951826,-2.4523837943628157,1.0878498921015445,0.6732597578277887,-0.38318599938845405
E2O,-6.105918,3.138598,-3.265548227853152,0.8387305377387662,0.6732597578277887,-0.38318599938845405
E2O,-9.332154,6.635239,-2.883660188419212,1.6025558242873843,0.6732597578277887,-0.38318599938845405
E2O,-3.179068,7.996652,-1.9962288875217302,1.6183680066851793,0.6732597578277887,-0.38318599938845405
E2O,-2.774198,4.480227,-2.7197277908795012,1.6037224818588143,0.6732597578277887,-0.38318599938845405
E2O,-0.534764,-0.579332,-3.1470019666518207,1.2269858864961718,0.6732597578277887,-0.38318599938845405
E2O,2.416083,-2.944302,-2.757737898661963,1.6310526994018097,0.6732597578277887,-0.38318599938845405
E2O,-0.73052,-1.092916,-2.8891519159158863,1.323978351480932,0.6732597578277887,-0.38318599938845405
E2O,1.832237,4.276745,-2.3213951751867667,0.9830311957482432,0.6732597578277887,-0.38318599938845405
E2O,1.00224,1.387919,-2.3975020024730087,0.4795211273310967,0.6732597578277887,-0.38318599938845405
E2O,1.441256,-2.286694,-1.842180407927703,1.6373014125401675,0.6732597578277887,-0.38318599938845405
E2O,1.02186,-0.175834,-2.559841583157703,1.6008631231488553,0.6732597578277887,-0.38318599938845405
E2O,0.033464,1.196891,-2.978342977728251,1.492742428401735,0.6732597578277887,-0.38318599938845405
E2O,-0.991787,-3.34405,-2.5814361225065388,1.5796716972897644,0.6732597578277887,-0.38318599938845405
E2O,-1.094597,0.088402,-2.9653865769041854,1.4310271616420138,0.6732597578277887,-0.38318599938845405
E2O,1.705152,9.094624,-3.1574278219985845,1.4109920191428174,0.6732597578277887,-0.38318599938845405
E2O,3.934963,5.107135,-2.8319319636767584,1.6662955856659285,0.6732597578277887,-0.38318599938845405
E2O,1.15028,5.643384,-2.843815665868636,1.6126485773495092,0.6732597578277887,-0.38318599938845405
E2O,0.131224,-0.795408,-2.08998105464872,1.7215535402356552,0.6732597578277887,-0.38318599938845405
E2O,-2.157375,1.956431,-2.875278833830804,1.7350668065571972,0.6732597578277887,-0.38318599938845405
E2O,-1.15555,3.78638,-3.239501007982186,1.7263064496448248,0.6732597578277887,-0.38318599938845405
E2O,2.505153,2.653895,-2.7288221620124844,1.5776677267251917,0.6732597578277887,-0.38318599938845405
E2O,-1.344301,-4.060885,-2.662448847971845,1.6400202887973176,0.6732597578277887,-0.38318599938845405
E2O,-0.68025,-0.582304,-3.1326468367430804,1.7249273299152017,0.6732597578277887,-0.38318599938845405
E2O,3.346833,1.925649,-2.420372007695318,1.7074424138717548,0.6732597578277887,-0.38318599938845405
E2O,2.215108,6.297799,-2.8904723226229674,1.7211763339550457,0.6732597578277887,-0.38318599938845405
E2O,2.616236,3.38432,-3.1049984380438933,1.7012529591145187,0.6732597578277887,-0.38318599938845405
E2O,0.891678,0.18867,-1.841328203131292,1.6590973271049176,0.6732597578277887,-0.38318599938845405
E2O,0.61576,1.119467,-2.6982580084381,1.5953230149138875,0.6732597578277887,-0.38318599938845405
E2O,-6.317267,-9.986913,-3.1049984380438933,1.7012529591145187,0.6732597578277887,-0.38318599938845405
E2O,2.388781,-1.134558,-2.9322468102494197,1.5972778891242976,0.6732597578277887,-0.38318599938845405
E2O,1.38664,6.400241,-3.1205594979241527,1.731009608623838,0.6732597578277887,-0.38318599938845405
E2O,-1.194678,-0.542186,-1.9072420347123258,1.6081494042250082,0.6732597578277887,-0.38318599938845405
E2O,0.819908,1.208432,-1.959436745234295,1.626963297848109,0.6732597578277887,-0.38318599938845405
E2O,0.534446,0.15297,-2.0408954390872798,1.6421979855768811,0.6732597578277887,-0.38318599938845405
E2O,1.971054,0.04978,-2.3422905601626884,0.978231705145836,0.6732597578277887,-0.38318599938845405
E2O,-1.558733,1.308837,-1.7021017439555821,1.3476870175128468,0.6732597578277887,-0.38318599938845405
E2O,-0.069389,3.289932,-1.0876947468697746,1.087341134603868,0.6732597578277887,-0.38318599938845405
E2O,-2.608029,-0.217072,-2.8111353812030333,1.5864024152540017,0.6732597578277887,-0.38318599938845405
E2O,-2.497427,-0.546989,-2.7326602958422503,1.0439634555303592,0.6732597578277887,-0.38318599938845405
E2O,-1.510508,2.165579,-2.443546088291807,1.7311162698729678,0.6732597578277887,-0.38318599938845405
E2O,-0.295163,3.581685,-1.6314136773134544,1.6686411590307697,0.6732597578277887,-0.38318599938845405
E2O,-1.916286,-5.903867,-2.8169467957053804,0.9250659944604345,0.6732597578277887,-0.38318599938845405
E2O,0.188212,-2.65147,-1.3697264626236698,1.5801270336810285,0.6732597578277887,-0.38318599938845405
E2O,1.519439,-1.375829,-3.1426589266401117,1.2313298365193968,0.6732597578277887,-0.38318599938845405
E2O,-1.507655,-3.61638,-2.738027785906756,1.5786694884171464,0.6732597578277887,-0.38318599938845405
E2O,0.120099,0.823676,-2.373595715601928,1.6359722058074164,0.6732597578277887,-0.38318599938845405
E2O,1.210676,-3.992628,-2.0563971438191526,1.698333069518754,0.6732597578277887,-0.38318599938845405
E2O,-0.236878,3.087286,-1.9065947131530008,1.5828559854696787,0.6732597578277887,-0.38318599938845405
E2O,-3.173457,-1.178643,-3.0617228140518633,1.42041992552954,0.6732597578277887,-0.38318599938845405
E2O,-0.513567,5.056171,-1.8441224489523578,1.635318430158243,0.6732597578277887,-0.38318599938845405
E2O,0.886246,-1.820144,-2.356529585962359,1.343466665706329,0.6732597578277887,-0.38318599938845405
E2O,-1.520884,2.076869,-2.7349569467685826,1.6135317227582977,0.6732597578277887,-0.38318599938845405
E2O,2.941104,0.932766,-1.3412686193040342,1.659823502511637,0.6732597578277887,-0.38318599938845405
E2O,2.374044,-0.631448,-1.3014141561065404,1.5955950157245917,0.6732597578277887,-0.38318599938845405
E2O,-0.032731,3.176251,-1.4730887552576284,1.2034476477311025,0.6732597578277887,-0.38318599938845405
E2O,4.709605,2.518645,-1.313288925131174,1.114671807002761,0.6732597578277887,-0.38318599938845405
E2O,3.923636,0.698871,-1.2617140134823828,1.076255951796831,0.6732597578277887,-0.38318599938845405
E2O,5.883587,7.59814,-1.6388508156689938,1.1858291700864296,0.6732597578277887,-0.38318599938845405
E2O,3.638785,1.853406,-1.720970012088773,1.2328620960766568,0.6732597578277887,-0.38318599938845405
E2O,6.305726,2.093945,-1.3140572798046848,0.9768385042346243,0.6732597578277887,-0.38318599938845405
E2O,2.527866,2.67494,-2.742383374932653,1.1873563210161775,0.6732597578277887,-0.38318599938845405
E2O,0.69718,2.565915,-2.0857703675507198,1.6595246908718606,0.6732597578277887,-0.38318599938845405
E2O,0.552365,3.913479,-2.307075294289937,1.673902362275637,0.6732597578277887,-0.38318599938845405
E2O,1.099838,2.643705,-2.712790455895698,1.523115163641951,0.6732597578277887,-0.38318599938845405
E2O,-1.234504,3.913604,-2.621752086450633,1.6384503103124928,0.6732597578277887,-0.38318599938845405
E2O,3.169346,2.214684,-1.445633701250097,1.6567218054266797,0.6732597578277887,-0.38318599938845405
E2O,-1.889512,3.559811,-1.7021017439555821,1.3476870175128468,0.6732597578277887,-0.38318599938845405
E2O,0.161203,-0.07158,-1.6530316054949845,0.8815081444909609,0.6732597578277887,-0.38318599938845405
E2O,1.840279,6.810016,-2.5814361225065388,1.6028776729117158,0.6732597578277887,-0.38318599938845405
E2O,0.1691,3.510905,-3.092075500914327,0.7126937818871175,0.6732597578277887,-0.38318599938845405
E2O,5.499106,5.644148,-3.2499709522086957,1.4820618700471961,0.6732597578277887,-0.38318599938845405
E2O,4.093661,4.484304,-2.329332164368042,1.6717860448404631,0.6732597578277887,-0.38318599938845405
E2O,1.319912,13.915872,-2.8084179678203993,0.9745271784274437,0.6732597578277887,-0.38318599938845405
E2O,1.813569,2.22403,-1.4136026284138539,0.9315963356003991,0.6732597578277887,-0.38318599938845405
E2O,1.187897,4.781809,-1.8474559929428032,1.0901175387410196,0.6732597578277887,-0.38318599938845405
E2O,4.881713,4.428782,-2.6335477315961784,0.8802555033539208,0.6732597578277887,-0.38318599938845405
E2O,0.219392,4.691223,-3.110721657665655,1.4695480369405327,0.6732597578277887,-0.38318599938845405
E2O,-1.48061,5.947738,-1.4100981788213562,1.5980851126535414,0.6732597578277887,-0.38318599938845405
E2O,2.393134,3.341069,-1.9076684820470458,1.5417734656723814,0.6732597578277887,-0.38318599938845405
E2O,3.052405,5.491667,-2.9978851143454803,1.4989010798333458,0.6732597578277887,-0.38318599938845405
E2O,0.686011,2.845588,-2.3085401925525497,1.6341988576768258,0.6732597578277887,-0.38318599938845405
E2O,3.52217,1.502794,-1.9439191954059651,1.6226038113225538,0.6732597578277887,-0.38318599938845405
E2O,0.191769,2.19254,-2.712790455895698,1.523115163641951,0.6732597578277887,-0.38318599938845405
E2O,0.17323,1.28948,-1.8251730376122832,1.6629306981544236,0.6732597578277887,-0.38318599938845405
E2O,4.145463,0.050163,-2.0118902866074637,1.614434104610553,0.6732597578277887,-0.38318599938845405
E2O,2.908574,-1.174979,-2.0950552590112856,1.673898684980203,0.6732597578277887,-0.38318599938845405
E2O,-1.507627,2.790477,-3.000306403712199,1.5827420050981549,0.6732597578277887,-0.38318599938845405
E2O,2.957826,0.942986,-2.504855783511544,1.2927522125377575,0.6732597578277887,-0.38318599938845405
E2O,0.777009,1.880553,-2.0805818438156094,1.6129553220344526,0.6732597578277887,-0.38318599938845405
E2O,2.062373,3.393173,-2.8098094120072847,1.101699602964283,0.6732597578277887,-0.38318599938845405
E2O,1.132001,-0.896388,-1.25186143966845,1.1525239071225921,0.6732597578277887,-0.38318599938845405
E2O,-0.001298,-0.854919,-1.770342497866278,1.614137878460293,0.6732597578277887,-0.38318599938845405
E2O,-1.172301,-2.630697,-1.25186143966845,1.1525239071225921,0.6732597578277887,-0.38318599938845405
E2O,2.123157,0.074704,-2.867849456747998,1.6938791579397898,0.6732597578277887,-0.38318599938845405
E2O,2.319485,4.327451,-2.3840528467810578,1.7058653967686814,0.6732597578277887,-0.38318599938845405
E2O,2.257835,3.136611,-1.795396836987522,1.6070910671757215,0.6732597578277887,-0.38318599938845405
E2O,0.207483,-1.257333,-2.772832200765156,1.575506451857545,0.6732597578277887,-0.38318599938845405
E2O,1.509657,2.944328,-1.9920077243472554,1.6274044596324266,0.6732597578277887,-0.38318599938845405
E2O,-1.567751,1.722331,-1.8969383505973378,1.6247750227007742,0.6732597578277887,-0.38318599938845405
E2O,-0.969337,2.313706,-2.759202796924576,1.591349194802999,0.6732597578277887,-0.38318599938845405
E2O,1.303968,4.931541,-2.921112888660302,1.5093276337266148,0.6732597578277887,-0.38318599938845405
E2O,1.282042,1.673537,-1.9037498614919965,1.6764550600590407,0.6732597578277887,-0.38318599938845405
E2O,5.731231,0.206458,-1.5998141956086867,1.2803258389075498,0.6732597578277887,-0.38318599938845405
E2O,1.211841,4.155402,-1.7692647009925901,1.6127636075743808,0.6732597578277887,-0.38318599938845405
E2O,2.66444,3.571356,-2.3185921063756174,1.6506818915587353,0.6732597578277887,-0.38318599938845405
E2O,3.086868,3.904755,-2.1256696061964613,1.6960176699171727,0.6732597578277887,-0.38318599938845405
E2O,3.940154,2.617766,-1.9962288875217302,1.6183680066851793,0.6732597578277887,-0.38318599938845405
E2O,-0.172545,-1.124324,-2.1256696061964613,1.6960176699171727,0.6732597578277887,-0.38318599938845405
E2O,5.217452,0.927409,-2.086870469526666,1.7004493869539279,0.6732597578277887,-0.38318599938845405
E2O,-3.143019,-0.064178,-1.8407155096650902,1.6770049171389785,0.6732597578277887,-0.38318599938845405
E2O,0.38558,0.663629,-1.8969383505973378,1.6247750227007742,0.6732597578277887,-0.38318599938845405
E2O,-1.951599,2.64804,-2.6704222183527806,1.3397716829414603,0.6732597578277887,-0.38318599938845405
E2O,0.41837,-2.865338,-1.7724183157024973,1.3735505950624292,0.6732597578277887,-0.38318599938845405
E2O,0.774741,6.334229,-3.1973675961415857,0.9282181944146747,0.6732597578277887,-0.38318599938845405
E2O,0.121207,1.895144,-1.9844440984710734,1.37891654592789,0.6732597578277887,-0.38318599938845405
E2O,-2.479286,-0.894025,-2.9384108180162603,1.4618555745649586,0.6732597578277887,-0.38318599938845405
E2O,-1.482696,7.823033,-1.1417882705571405,0.996150140292048,0.6732597578277887,-0.38318599938845405
E2O,-3.222762,6.16858,-2.9864699458942363,1.0534006063555574,0.6732597578277887,-0.38318599938845405
E2O,0.743281,6.827118,-1.8100350800315088,1.7104567144135017,0.6732597578277887,-0.38318599938845405
E2O,-0.723084,2.098933,-3.01178464826331,1.4668947671981407,0.6732597578277887,-0.38318599938845405
E2O,-2.520202,0.291426,-2.659645443462687,1.6246340243916317,0.6732597578277887,-0.38318599938845405
E2O,0.981122,6.367259,-1.6104077752946615,1.0444400397286875,0.6732597578277887,-0.38318599938845405
E2O,0.507593,-3.383802,-2.8747581328199576,1.3031234607255155,0.6732597578277887,-0.38318599938845405
E2O,-3.064569,-1.921449,-2.089231454109633,1.7133588255468564,0.6732597578277887,-0.38318599938845405
E2O,-1.707353,-1.618344,-1.8523401193014986,1.5807521176671013,0.6732597578277887,-0.38318599938845405
E2O,2.311953,6.392803,-2.0298606517345696,1.7185934424737732,0.6732597578277887,-0.38318599938845405
E2O,0.41584,7.225049,-2.192734538381466,1.6962107968630322,0.6732597578277887,-0.38318599938845405
E2O,1.810715,5.137414,-1.8656346225237128,1.6361194511478732,0.6732597578277887,-0.38318599938845405
E2O,-3.371547,3.620909,-1.9828953891813248,1.724338445284119,0.6732597578277887,-0.38318599938845405
E2O,-0.712165,2.388524,-2.038362308532878,1.6465060263002085,0.6732597578277887,-0.38318599938845405
E2O,-2.280895,6.550873,-2.5971758215648855,1.6384194655889162,0.6732597578277887,-0.38318599938845405
E2O,-1.16442,6.019234,-2.6709488839559548,1.5894031820316914,0.6732597578277887,-0.38318599938845405
E2O,2.596958,-0.878393,-2.4288492340780317,1.0929509845209662,0.6732597578277887,-0.38318599938845405
E2O,-6.412192,5.633751,-2.9441909816895158,1.2977004874845586,0.6732597578277887,-0.38318599938845405
E2O,-2.587229,9.905487,-2.611012028458209,1.6173461570307646,0.6732597578277887,-0.38318599938845405
E2O,-3.34662,5.78489,-1.4732575038093503,1.6474802470290162,0.6732597578277887,-0.38318599938845405
E2O,0.095012,4.776356,-1.8266643496034225,1.2726544290169068,0.6732597578277887,-0.38318599938845405
E2O,0.073149,0.658892,-1.275979645567623,1.6236797120628468,0.6732597578277887,-0.38318599938845405
E2O,3.365049,-1.479718,-2.5814361225065388,1.5796716972897644,0.6732597578277887,-0.38318599938845405
E2O,2.669769,-2.835803,-1.1427386615445227,1.0146284250249331,0.6732597578277887,-0.38318599938845405
E2O,4.316515,5.096819,-1.9037498614919965,1.6764550600590407,0.6732597578277887,-0.38318599938845405
E2O,-0.006264,0.395479,-1.7991639058030846,1.6393706449043173,0.6732597578277887,-0.38318599938845405
E2O,-1.954708,3.262113,-1.7468457071883234,1.6192473094353574,0.6732597578277887,-0.38318599938845405
E2O,-0.612631,-0.050345,-2.3431440438890943,1.5974579465221703,0.6732597578277887,-0.38318599938845405
E2O,0.712516,-1.464349,-1.4902838288822942,1.5254458678398903,0.6732597578277887,-0.38318599938845405
E2O,-1.58861,-1.803616,-1.6182198324341415,1.3575504727121828,0.6732597578277887,-0.38318599938845405
E2O,-1.896025,4.017811,-2.8098094120072847,1.101699602964283,0.6732597578277887,-0.38318599938845405
E2O,-0.253399,-1.700185,-3.161881915232971,1.5020088064755863,0.6732597578277887,-0.38318599938845405
E2O,-1.644307,-1.454466,-2.068159016020007,1.6157263211035358,0.6732597578277887,-0.38318599938845405
E2O,-0.680188,-1.441764,-3.2276672475552806,0.9418293562267519,0.6732597578277887,-0.38318599938845405
E2O,-2.551816,-6.772197,-1.3004119976992188,1.0406966774478819,0.6732597578277887,-0.38318599938845405
E2O,-0.771877,-2.496972,-1.5025665232545296,1.0909859045849828,0.6732597578277887,-0.38318599938845405
E2O,-3.684422,-4.710487,-2.1017429268495746,1.6389467918204372,0.6732597578277887,-0.38318599938845405
E2O,1.131934,-2.905504,-1.9169071021497643,1.6967442527481758,0.6732597578277887,-0.38318599938845405
E2O,-2.729279,-2.944881,-1.8523401193014986,1.5807521176671013,0.6732597578277887,-0.38318599938845405
E2O,-5.941957,2.035516,-1.838572042621525,1.693727729359426,0.6732597578277887,-0.38318599938845405
E2O,-1.030526,1.513503,-1.7553262355117352,1.6639364922320865,0.6732597578277887,-0.38318599938845405
E2O,0.705904,1.382275,-2.621766708258448,1.6132331609233928,0.6732597578277887,-0.38318599938845405
E2O,-3.927983,-4.161013,-2.7234817092066677,1.5783535328656821,0.6732597578277887,-0.38318599938845405
E2O,6.355404,6.131712,-3.1212201092223237,1.0453740853160376,0.6732597578277887,-0.38318599938845405
E2O,0.409191,0.796241,-1.9065947131530008,1.5828559854696787,0.6732597578277887,-0.38318599938845405
E2O,-1.288297,7.834415,-1.2449766186140447,1.204727516717609,0.6732597578277887,-0.38318599938845405
E2O,1.035894,2.36826,-2.6465747424263473,1.7451030339943936,0.6732597578277887,-0.38318599938845405
E2O,-1.289118,1.795941,-2.1180194109475416,1.662686161455323,0.6732597578277887,-0.38318599938845405
E2O,-3.337875,2.40238,-2.527384817063847,1.6999903418921711,0.6732597578277887,-0.38318599938845405
E2O,-0.730121,0.15718,-1.8882934656845374,1.6533523242945716,0.6732597578277887,-0.38318599938845405
E2O,-0.712335,-0.100542,-2.532253946809032,1.6035016761814662,0.6732597578277887,-0.38318599938845405
E2O,1.448506,0.61496,-2.508578486508953,1.72283549039559,0.6732597578277887,-0.38318599938845405
E2O,6.096775,7.943316,-1.8158583908190788,1.6757281720942343,0.6732597578277887,-0.38318599938845405
E2O,-1.353077,6.587942,-2.6319082085417644,1.618908157407451,0.6732597578277887,-0.38318599938845405
E2O,-0.555612,4.500449,-2.086870469526666,1.7004493869539279,0.6732597578277887,-0.38318599938845405
E2O,-2.033584,-2.53757,-2.532253946809032,1.6035016761814662,0.6732597578277887,-0.38318599938845405
E2O,-1.626765,4.594228,-1.8400369408841384,1.654024224760615,0.6732597578277887,-0.38318599938845405
E2O,-0.423555,1.300748,-1.8407155096650902,1.6770049171389785,0.6732597578277887,-0.38318599938845405
E2O,0.119534,-0.046911,-1.8795699693283026,1.5528587749180736,0.6732597578277887,-0.38318599938845405
E2O,-5.665017,10.97167,-2.739542190606314,1.7109869482814717,0.6732597578277887,-0.38318599938845405
E2O,-1.735592,4.477575,-1.842180407927703,1.6373014125401675,0.6732597578277887,-0.38318599938845405
E2O,-3.195915,6.836775,-2.9781081830021825,1.6670638594727032,0.6732597578277887,-0.38318599938845405
E2O,-1.915811,8.829649,-2.9781081830021825,1.6670638594727032,0.6732597578277887,-0.38318599938845405
E2O,0.042066,1.732172,-2.998411779948654,1.6279229135513775,0.6732597578277887,-0.38318599938845405
E2O,-0.338777,1.563859,-2.6776340203353954,1.600488491277384,0.6732597578277887,-0.38318599938845405
E2O,-3.864598,6.718149,-1.315267183829441,1.302814362128539,0.6732597578277887,-0.38318599938845405
E2O,0.367251,0.72047,-1.7991639058030846,1.6528874412649122,0.6732597578277887,-0.38318599938845405
E2O,0.474532,0.044724,-3.0031766262974324,1.5850614838480435,0.6732597578277887,-0.38318599938845405
E2O,2.335868,2.228115,-1.2295840892598995,1.490050579363464,0.6732597578277887,-0.38318599938845405
E2O,1.122434,-3.552352,-3.1385499444221994,1.0151977872654385,0.6732597578277887,-0.38318599938845405
E2O,0.35709,4.460236,-3.1514176130007496,0.765353160490896,0.6732597578277887,-0.38318599938845405
E2O,2.356613,-0.463041,-2.9978851143454803,1.4989010798333458,0.6732597578277887,-0.38318599938845405
E2O,-0.497497,1.516984,-2.6709488839559548,1.5894031820316914,0.6732597578277887,-0.38318599938845405
E2O,3.622282,-2.26436,-3.010459400027108,1.5230967493965242,0.6732597578277887,-0.38318599938845405
E2O,2.140173,0.85507,-2.8263642655884182,1.6118344146771033,0.6732597578277887,-0.38318599938845405
E2O,1.699405,5.645959,-2.3565625597167132,1.699798027697974,0.6732597578277887,-0.38318599938845405
E2O,2.745853,2.149228,-3.126069276036171,1.6638072069281193,0.6732597578277887,-0.38318599938845405
E2O,5.645624,1.840897,-2.6112610491866404,1.6145456888604426,0.6732597578277887,-0.38318599938845405
E2O,2.608382,1.141245,-2.9088889198532857,1.6414366713967012,0.6732597578277887,-0.38318599938845405
E2O,1.240972,-1.828949,-1.6905650507092447,1.6138599069176236,0.6732597578277887,-0.38318599938845405
E2O,-0.39136,4.167512,-1.9476642680595992,1.6640187169189362,0.6732597578277887,-0.38318599938845405
E2O,-0.370157,-1.001583,-2.683664085191428,1.7449803235070946,0.6732597578277887,-0.38318599938845405
E2O,0.231454,1.654541,-1.838572042621525,1.693727729359426,0.6732597578277887,-0.38318599938845405
E2O,1.839996,0.972423,-1.8610997302465744,1.6536511230224349,0.6732597578277887,-0.38318599938845405
E2O,1.877635,0.780554,-1.9053682368818203,1.5616366576897012,0.6732597578277887,-0.38318599938845405
E2O,-4.116115,1.676023,-1.887109177536045,1.6533523242945716,0.6732597578277887,-0.38318599938845405
E2O,0.427958,0.460332,-2.483870621394522,1.7104983098446045,0.6732597578277887,-0.38318599938845405
N2O,1.329495,-0.108751,-2.1702888404732588,-0.9479592011494825,0.6487261883561645,-0.3476029790851273
N2O,0.11307,0.172192,-2.0906973948812637,-1.0480010710676455,0.6487261883561645,-0.3476029790851273
N2O,0.24309,-0.0026,-2.097054244886032,-1.0361583808828967,0.6487261883561645,-0.3476029790851273
N2O,-0.027963,0.057393,-2.087348366566324,-1.0361583808828967,0.6487261883561645,-0.3476029790851273
N2O,1.436657,1.023711,-2.3296525663190093,-0.9552220672135276,0.6487261883561645,-0.3476029790851273
N2O,-0.095299,1.244382,-2.18527985380701,-0.9235574438075359,0.6487261883561645,-0.3476029790851273
N2O,0.701625,2.393606,-2.21567696260504,-0.949259634932961,0.6487261883561645,-0.3476029790851273
N2O,1.039709,1.046183,-2.21567696260504,-0.949259634932961,0.6487261883561645,-0.3476029790851273
N2O,0.780989,0.84875,-2.1641803383208984,-0.935927354992379,0.6487261883561645,-0.3476029790851273
N2O,-0.466666,1.053327,-2.1775909339746806,-0.9479592011494825,0.6487261883561645,-0.3476029790851273
N2O,1.046922,1.45877,-2.0792974184614805,-0.9116583642010095,0.6487261883561645,-0.3476029790851273
N2O,0.445425,2.240679,-1.9970859034805521,-0.9712296454605329,0.6487261883561645,-0.3476029790851273
N2O,0.91359,0.149197,-2.1445866207384796,-0.9334329009874457,0.6487261883561645,-0.3476029790851273
N2O,0.638717,0.521943,-2.146309794994453,-0.9364850228514808,0.6487261883561645,-0.3476029790851273
N2O,0.556426,-0.076148,-2.096332669482505,-0.9511801513858598,0.6487261883561645,-0.3476029790851273
N2O,1.54526,0.470622,-2.096332669482505,-0.9511801513858598,0.6487261883561645,-0.3476029790851273
N2O,0.706622,-0.084651,-2.1466129579853113,-0.9334329009874457,0.6487261883561645,-0.3476029790851273
N2O,0.101671,0.541184,-2.2200323375416597,-0.949259634932961,0.6487261883561645,-0.3476029790851273
N2O,1.067749,1.446429,-2.222058674788492,-0.949259634932961,0.6487261883561645,-0.3476029790851273
N2O,1.62741,2.397005,-2.25033489215318,-0.949259634932961,0.6487261883561645,-0.3476029790851273
N2O,0.956646,1.765256,-2.148383540728062,-1.0376183570019517,0.6487261883561645,-0.3476029790851273
N2O,0.386134,1.953822,-2.148383540728062,-1.0376183570019517,0.6487261883561645,-0.3476029790851273
N2O,0.713978,1.946424,-2.303405434129884,-0.9552220672135276,0.6487261883561645,-0.3476029790851273
N2O,0.722573,1.242729,-2.142934003677842,-0.935927354992379,0.6487261883561645,-0.3476029790851273
N2O,0.092426,1.423509,-2.1274744791981,-0.9324850994063596,0.6487261883561645,-0.3476029790851273
N2O,-0.076484,2.337197,-2.2200323375416597,-0.949259634932961,0.6487261883561645,-0.3476029790851273
N2O,-0.596787,2.176898,-2.142934003677842,-0.935927354992379,0.6487261883561645,-0.3476029790851273
N2O,0.001276,1.04916,-2.089660391941208,-0.9257975526410354,0.6487261883561645,-0.3476029790851273
N2O,-0.095279,1.054626,-2.004404896937678,-0.9660811289770157,0.6487261883561645,-0.3476029790851273
N2O,-0.631959,0.60504,-2.089660391941208,-0.9257975526410354,0.6487261883561645,-0.3476029790851273
N2O,-0.66199,1.120195,-2.114637749531317,-0.9486856973809266,0.6487261883561645,-0.3476029790851273
N2O,0.608402,0.7469,-2.137526291352793,-0.9486856973809266,0.6487261883561645,-0.3476029790851273
N2O,-0.286458,0.719426,-2.177447783449004,-0.9364850228514808,0.6487261883561645,-0.3476029790851273
N2O,-0.826735,1.442058,-2.1483361322412846,-0.9364850228514808,0.6487261883561645,-0.3476029790851273
N2O,0.311442,1.109735,-2.222058674788492,-0.949259634932961,0.6487261883561645,-0.3476029790851273
N2O,0.42917,0.812857,-2.142934003677842,-0.935927354992379,0.6487261883561645,-0.3476029790851273
N2O,-1.007065,2.914495,-2.1579836644576442,-0.9355372212703948,0.6487261883561645,-0.3476029790851273
N2O,-0.439398,2.770738,-2.243868310075553,-0.9626078743432513,0.6487261883561645,-0.3476029790851273
N2O,0.351958,-0.075735,-2.243868310075553,-0.9626078743432513,0.6487261883561645,-0.3476029790851273
N2O,0.980378,1.138838,-2.243868310075553,-0.9626078743432513,0.6487261883561645,-0.3476029790851273
N2O,0.880734,0.519404,-2.1562604902016704,-0.9324850994063596,0.6487261883561645,-0.3476029790851273
N2O,-0.034708,1.17398,-1.9385149604425578,-0.968987977310234,0.6487261883561645,-0.3476029790851273
N2O,0.282346,1.736457,-2.0023785596908463,-0.9660811289770157,0.6487261883561645,-0.3476029790851273
N2O,0.746041,0.136358,-1.9385054000180837,-0.9528514408070847,0.6487261883561645,-0.3476029790851273
N2O,0.180508,0.983203,-2.146309794994453,-0.9364850228514808,0.6487261883561645,-0.3476029790851273
N2O,0.410192,1.238089,-2.147694583692797,-0.932920594489061,0.6487261883561645,-0.3476029790851273
N2O,1.71037,-0.320068,-2.094306332235673,-0.9511801513858598,0.6487261883561645,-0.3476029790851273
N2O,0.548217,-0.031036,-2.0792974184614805,-0.9116583642010095,0.6487261883561645,-0.3476029790851273
N2O,1.423165,0.310104,-2.0372683314129256,-0.9438424573804203,0.6487261883561645,-0.3476029790851273
N2O,0.447598,-0.382525,-2.1126114122844855,-0.9486856973809266,0.6487261883561645,-0.3476029790851273
N2O,0.640221,1.213905,-2.1126114122844855,-0.9486856973809266,0.6487261883561645,-0.3476029790851273
N2O,1.573686,0.212286,-2.0984358972486916,-0.9126061657820956,0.6487261883561645,-0.3476029790851273
N2O,-0.306696,1.122405,-2.222058674788492,-0.949259634932961,0.6487261883561645,-0.3476029790851273
N2O,-0.107897,1.021854,-2.222058674788492,-0.949259634932961,0.6487261883561645,-0.3476029790851273
N2O,0.658833,1.2575,-2.2200323375416597,-0.949259634932961,0.6487261883561645,-0.3476029790851273
N2O,1.240926,1.938917,-2.3097622841346523,-0.9552220672135276,0.6487261883561645,-0.3476029790851273
N2O,0.704001,0.819623,-2.1504098779748935,-1.0376183570019517,0.6487261883561645,-0.3476029790851273
N2O,-0.446794,1.119174,-2.2729897569573803,-0.949259634932961,0.6487261883561645,-0.3476029790851273
N2O,0.196235,1.451119,-2.3077359468878207,-0.9552220672135276,0.6487261883561645,-0.3476029790851273
N2O,0.587859,1.049439,-2.3077359468878207,-0.9552220672135276,0.6487261883561645,-0.3476029790851273
N2O,0.596292,1.863791,-2.298479396491239,-0.9552220672135276,0.6487261883561645,-0.3476029790851273
N2O,0.859542,1.000572,-2.3077359468878207,-0.9552220672135276,0.6487261883561645,-0.3476029790851273
N2O,0.938663,1.732788,-2.248308554906348,-0.949259634932961,0.6487261883561645,-0.3476029790851273
N2O,0.338629,0.63939,-2.222058674788492,-0.949259634932961,0.6487261883561645,-0.3476029790851273
N2O,0.877605,0.274016,-2.1483361322412846,-0.9364850228514808,0.6487261883561645,-0.3476029790851273
N2O,1.8678,-0.10574,-2.1483361322412846,-0.9364850228514808,0.6487261883561645,-0.3476029790851273
N2O,1.834315,0.253341,-2.096332669482505,-0.9511801513858598,0.6487261883561645,-0.3476029790851273
N2O,1.474591,0.363002,-2.305431771376716,-0.9552220672135276,0.6487261883561645,-0.3476029790851273
N2O,0.440304,-0.036088,-2.097054244886032,-1.0361583808828967,0.6487261883561645,-0.3476029790851273
N2O,0.644406,0.432325,-2.305431771376716,-0.9552220672135276,0.6487261883561645,-0.3476029790851273
N2O,0.641053,-0.672528,-2.222058674788492,-0.949259634932961,0.6487261883561645,-0.3476029790851273
N2O,1.113445,-0.978322,-2.3498512434621017,-0.9495576906867844,0.6487261883561645,-0.3476029790851273
N2O,0.264404,1.324477,-2.404967864471119,-0.9635779779738135,0.6487261883561645,-0.3476029790851273
N2O,1.096154,1.377849,-2.1298676485106944,-0.9511801513858598,0.6487261883561645,-0.3476029790851273
N2O,0.278221,1.948769,-2.255978921624425,-0.9654984944267124,0.6487261883561645,-0.3476029790851273
N2O,1.448564,1.80438,-2.3045121938640194,-0.958626454950278,0.6487261883561645,-0.3476029790851273
N2O,0.607853,2.92353,-2.13528529532995,-0.9457961154041314,0.6487261883561645,-0.3476029790851273
N2O,-0.358265,2.397798,-2.146967411893176,-0.9573468813205334,0.6487261883561645,-0.3476029790851273
N2O,1.781426,2.075749,-2.06078932605673,-1.3013321897877719,0.6487261883561645,-0.3476029790851273
N2O,2.250994,1.625008,-2.1445467954413115,-0.9512010365222924,0.6487261883561645,-0.3476029790851273
N2O,1.319967,3.430156,-2.1775909339746806,-0.9479592011494825,0.6487261883561645,-0.3476029790851273
N2O,1.037738,1.771827,-2.1775909339746806,-0.9479592011494825,0.6487261883561645,-0.3476029790851273
N2O,1.488083,1.076609,-2.2200323375416597,-0.949259634932961,0.6487261883561645,-0.3476029790851273
N2O,1.060861,3.891307,-2.180643304566397,-0.9443081119094251,0.6487261883561645,-0.3476029790851273
N2O,1.137382,2.391261,-2.008849869591727,-1.0420386387870784,0.6487261883561645,-0.3476029790851273
N2O,2.718875,2.190108,-2.351798763818262,-0.9635779779738135,0.6487261883561645,-0.3476029790851273
N2O,1.880501,2.114788,-2.21567696260504,-0.949259634932961,0.6487261883561645,-0.3476029790851273
N2O,2.482242,2.002588,-2.108186569195315,-0.9511801513858598,0.6487261883561645,-0.3476029790851273
N2O,1.117185,2.414728,-2.1061602319484836,-0.9511801513858598,0.6487261883561645,-0.3476029790851273
N2O,0.410334,2.856578,-2.1061602319484836,-0.9511801513858598,0.6487261883561645,-0.3476029790851273
N2O,0.252254,2.820879,-2.1445866207384796,-0.9334329009874457,0.6487261883561645,-0.3476029790851273
N2O,1.370926,1.953882,-2.180643304566397,-0.9443081119094251,0.6487261883561645,-0.3476029790851273
N2O,1.538271,0.9175,-2.1409076664310103,-0.935927354992379,0.6487261883561645,-0.3476029790851273
N2O,0.808237,2.755918,-2.175564596727849,-0.9479592011494825,0.6487261883561645,-0.3476029790851273
N2O,0.893353,3.498956,-2.2552609297918247,-0.949259634932961,0.6487261883561645,-0.3476029790851273
N2O,0.900525,1.344275,-2.065297430876722,-1.035404149854799,0.6487261883561645,-0.3476029790851273
N2O,1.980407,0.267395,-1.7877048002688143,-1.0408521280112053,0.6487261883561645,-0.3476029790851273
N2O,2.052295,0.776779,-1.8952622719179877,-1.0411240097952752,0.6487261883561645,-0.3476029790851273
N2O,0.872505,0.754273,-1.7582908883480532,-1.0408521280112053,0.6487261883561645,-0.3476029790851273
N2O,0.936591,0.460432,-1.7582908883480532,-1.0408521280112053,0.6487261883561645,-0.3476029790851273
N2O,0.849362,1.771329,-1.8398459680748378,-1.0411240097952752,0.6487261883561645,-0.3476029790851273
N2O,1.136995,0.103063,-2.0950279076391998,-1.0361583808828967,0.6487261883561645,-0.3476029790851273
N2O,0.480536,1.435024,-2.0950279076391998,-1.0361583808828967,0.6487261883561645,-0.3476029790851273
N2O,2.359048,0.301769,-1.6807227804382536,-1.0396640336762202,0.6487261883561645,-0.3476029790851273
N2O,0.354945,1.497944,-2.0950279076391998,-1.0361583808828967,0.6487261883561645,-0.3476029790851273
N2O,0.430835,-0.013228,-1.8398459680748378,-1.0411240097952752,0.6487261883561645,-0.3476029790851273
N2O,0.93525,1.197203,-1.8398459680748378,-1.0411240097952752,0.6487261883561645,-0.3476029790851273
N2O,0.5178,1.142701,-1.3944747053266113,-1.0465719879516815,0.6487261883561645,-0.3476029790851273
N2O,0.38203,1.976379,-1.6827491176850855,-1.0396640336762202,0.6487261883561645,-0.3476029790851273
N2O,0.431283,1.705701,-1.6861820093381008,-1.0459203007434934,0.6487261883561645,-0.3476029790851273
N2O,0.3623,0.58224,-2.1394107660535004,-0.9481733908825417,0.6487261883561645,-0.3476029790851273
N2O,0.502886,-1.021891,-2.116944527070389,-1.0361583808828967,0.6487261883561645,-0.3476029790851273
N2O,0.142004,1.063517,-2.0950279076391998,-1.0361583808828967,0.6487261883561645,-0.3476029790851273
N2O,0.745269,1.453523,-1.8398459680748378,-1.0411240097952752,0.6487261883561645,-0.3476029790851273
N2O,0.800821,1.29411,-2.087348366566324,-1.0361583808828967,0.6487261883561645,-0.3476029790851273
N2O,0.911984,0.406015,-2.1775909339746806,-0.9479592011494825,0.6487261883561645,-0.3476029790851273
N2O,1.529371,1.520754,-2.087348366566324,-1.0361583808828967,0.6487261883561645,-0.3476029790851273
N2O,2.559046,0.792739,-1.9119318996692887,-1.0411240097952752,0.6487261883561645,-0.3476029790851273
N2O,0.788568,0.792511,-1.8952622719179877,-1.0411240097952752,0.6487261883561645,-0.3476029790851273
N2O,1.253239,1.871248,-1.7582908883480532,-1.0408521280112053,0.6487261883561645,-0.3476029790851273
N2O,0.242176,2.642857,-1.7877048002688143,-1.0408521280112053,0.6487261883561645,-0.3476029790851273
N2O,0.38205,1.786623,-2.087348366566324,-1.0361583808828967,0.6487261883561645,-0.3476029790851273
N2O,1.009189,0.221919,-2.116944527070389,-1.0361583808828967,0.6487261883561645,-0.3476029790851273
N2O,1.098125,0.652204,-2.097054244886032,-1.0361583808828967,0.6487261883561645,-0.3476029790851273
N2O,0.755693,1.352475,-1.9531656466220817,-1.0420386387870784,0.6487261883561645,-0.3476029790851273
N2O,1.058361,0.710265,-1.744266595616058,-1.0505055503357466,0.6487261883561645,-0.3476029790851273
N2O,0.665883,0.241354,-2.1248375909030264,-0.9481733908825417,0.6487261883561645,-0.3476029790851273
N2O,0.728648,0.494528,-2.1234528022046817,-0.9517378192449616,0.6487261883561645,-0.3476029790851273
N2O,0.809882,-0.827192,-2.253234592544993,-0.949259634932961,0.6487261883561645,-0.3476029790851273
N2O,0.51906,1.164954,-2.253234592544993,-0.949259634932961,0.6487261883561645,-0.3476029790851273
N2O,0.77916,0.246104,-2.253234592544993,-0.949259634932961,0.6487261883561645,-0.3476029790851273
N2O,-0.016076,1.027818,-2.253234592544993,-0.949259634932961,0.6487261883561645,-0.3476029790851273
N2O,0.073774,1.759427,-2.1775909339746806,-0.9479592011494825,0.6487261883561645,-0.3476029790851273
N2O,0.025862,1.293333,-2.1775909339746806,-0.9479592011494825,0.6487261883561645,-0.3476029790851273
N2O,0.447111,1.224837,-2.2355672447893964,-0.949259634932961,0.6487261883561645,-0.3476029790851273
N2O,0.35651,1.620638,-2.1775909339746806,-0.9479592011494825,0.6487261883561645,-0.3476029790851273
N2O,-0.368587,1.550066,-2.275151211976181,-0.949259634932961,0.6487261883561645,-0.3476029790851273
N2O,-0.815458,2.211601,-2.0927237321280954,-1.0480010710676455,0.6487261883561645,-0.3476029790851273
N2O,1.052327,1.078954,-2.1126114122844855,-0.9486856973809266,0.6487261883561645,-0.3476029790851273
N2O,0.359618,2.055782,-1.9531656466220817,-1.0420386387870784,0.6487261883561645,-0.3476029790851273
N2O,0.430429,0.83511,-2.1298676485106944,-0.9511801513858598,0.6487261883561645,-0.3476029790851273
N2O,0.350251,1.129862,-1.98895958740737,-1.0420386387870784,0.6487261883561645,-0.3476029790851273
N2O,0.368599,0.693504,-2.0809167468332266,-0.9334293565835844,0.6487261883561645,-0.3476029790851273
N2O,-0.333375,2.742412,-2.1497524699713337,-0.9481733908825417,0.6487261883561645,-0.3476029790851273
N2O,0.421855,1.34905,-2.1234528022046817,-0.9517378192449616,0.6487261883561645,-0.3476029790851273
N2O,0.543341,1.308686,-2.117996280491317,-0.9172287586090179,0.6487261883561645,-0.3476029790851273
N2O,1.486763,1.623624,-2.1137791686525906,-0.9511801513858598,0.6487261883561645,-0.3476029790851273
N2O,-1.010194,2.669107,-2.3815333690915255,-0.9506300505209762,0.6487261883561645,-0.3476029790851273
N2O,0.776967,3.059063,-2.4278064528580585,-0.9695404102543803,0.6487261883561645,-0.3476029790851273
N2O,-0.145243,2.073201,-2.325322053561073,-0.9552220672135276,0.6487261883561645,-0.3476029790851273
N2O,1.578888,1.73003,-2.3903671716643062,-0.9313255039061678,0.6487261883561645,-0.3476029790851273
N2O,0.127395,1.946146,-2.303405434129884,-0.9552220672135276,0.6487261883561645,-0.3476029790851273
N2O,0.496141,3.041475,-2.248308554906348,-0.949259634932961,0.6487261883561645,-0.3476029790851273
N2O,0.836805,1.16929,-2.248308554906348,-0.949259634932961,0.6487261883561645,-0.3476029790851273
N2O,0.566037,1.51948,-2.2447135395926923,-0.949259634932961,0.6487261883561645,-0.3476029790851273
N2O,0.866349,2.261498,-2.303405434129884,-0.9552220672135276,0.6487261883561645,-0.3476029790851273
N2O,0.58219,0.949301,-2.303405434129884,-0.9552220672135276,0.6487261883561645,-0.3476029790851273
N2O,0.57644,1.608187,-2.303405434129884,-0.9552220672135276,0.6487261883561645,-0.3476029790851273
N2O,1.128989,1.197397,-2.146309794994453,-0.9364850228514808,0.6487261883561645,-0.3476029790851273
N2O,0.725641,2.057385,-2.1234528022046817,-0.9517378192449616,0.6487261883561645,-0.3476029790851273
N2O,0.834611,1.03547,-2.1234528022046817,-0.9517378192449616,0.6487261883561645,-0.3476029790851273
N2O,0.60958,1.528177,-2.2010775577302177,-0.9352393476459315,0.6487261883561645,-0.3476029790851273
N2O,0.180854,3.650912,-2.2200323375416597,-0.949259634932961,0.6487261883561645,-0.3476029790851273
N2O,1.483166,-0.150937,-2.2200323375416597,-0.949259634932961,0.6487261883561645,-0.3476029790851273
N2O,0.979138,0.926829,-2.2200323375416597,-0.949259634932961,0.6487261883561645,-0.3476029790851273
N2O,0.932974,1.822406,-2.253234592544993,-0.949259634932961,0.6487261883561645,-0.3476029790851273
N2O,0.598039,0.278681,-2.0950279076391998,-1.0361583808828967,0.6487261883561645,-0.3476029790851273
N2O,0.857977,0.877878,-2.3077359468878207,-0.9552220672135276,0.6487261883561645,-0.3476029790851273
N2O,1.025181,1.169788,-2.148383540728062,-1.0376183570019517,0.6487261883561645,-0.3476029790851273
N2O,0.485107,-0.005139,-2.165472401792352,-1.0376183570019517,0.6487261883561645,-0.3476029790851273
N2O,0.323959,2.091287,-2.0597560738063807,-1.035404149854799,0.6487261883561645,-0.3476029790851273
N2O,-0.050964,-0.253842,-2.165472401792352,-1.0376183570019517,0.6487261883561645,-0.3476029790851273
N2O,-0.251144,0.962992,-2.165472401792352,-1.0376183570019517,0.6487261883561645,-0.3476029790851273
N2O,-0.068499,1.43262,-2.35350360588931,-0.9620903726205011,0.6487261883561645,-0.3476029790851273
N2O,-0.142053,1.749321,-2.165472401792352,-1.0376183570019517,0.6487261883561645,-0.3476029790851273
N2O,0.140541,-0.007956,-2.3077359468878207,-0.9552220672135276,0.6487261883561645,-0.3476029790851273
N2O,-0.547372,0.388173,-2.303405434129884,-0.9552220672135276,0.6487261883561645,-0.3476029790851273
N2O,0.702437,0.696929,-1.8952622719179877,-1.0411240097952752,0.6487261883561645,-0.3476029790851273
N2O,0.674885,1.6361,-2.175564596727849,-0.9479592011494825,0.6487261883561645,-0.3476029790851273
N2O,0.469767,1.815143,-2.3077359468878207,-0.9552220672135276,0.6487261883561645,-0.3476029790851273
N2O,0.6529,0.677409,-2.3077359468878207,-0.9552220672135276,0.6487261883561645,-0.3476029790851273
N2O,1.110763,0.49522,-2.3097622841346523,-0.9552220672135276,0.6487261883561645,-0.3476029790851273
N2O,-0.760983,0.322132,-2.300056405814945,-0.9552220672135276,0.6487261883561645,-0.3476029790851273
N2O,0.709041,0.908634,-2.2729897569573803,-0.949259634932961,0.6487261883561645,-0.3476029790851273
N2O,0.253899,-0.762231,-2.2355672447893964,-0.949259634932961,0.6487261883561645,-0.3476029790851273
N2O,0.704692,0.261481,-2.2355672447893964,-0.949259634932961,0.6487261883561645,-0.3476029790851273
N2O,0.569593,0.726773,-2.21567696260504,-0.949259634932961,0.6487261883561645,-0.3476029790851273
N2O,0.266619,1.268541,-2.180643304566397,-0.9443081119094251,0.6487261883561645,-0.3476029790851273
N2O,0.077878,-1.20991,-2.1466129579853113,-0.9334329009874457,0.6487261883561645,-0.3476029790851273
N2O,-0.578602,0.311807,-1.988708455542888,-0.9348101763752114,0.6487261883561645,-0.3476029790851273
N2O,0.091268,0.452477,-1.988708455542888,-0.9348101763752114,0.6487261883561645,-0.3476029790851273
N2O,0.255647,0.59944,-2.1298676485106944,-0.9511801513858598,0.6487261883561645,-0.3476029790851273
N2O,0.691079,0.68641,-2.1826696418132285,-0.9443081119094251,0.6487261883561645,-0.3476029790851273
N2O,0.074932,-0.216321,-2.1757246091930296,-0.9334329009874457,0.6487261883561645,-0.3476029790851273
N2O,1.422901,2.77693,-2.2552609297918247,-0.949259634932961,0.6487261883561645,-0.3476029790851273
N2O,-0.509823,0.386047,-2.0927237321280954,-1.0480010710676455,0.6487261883561645,-0.3476029790851273
N2O,0.26032,1.157278,-2.275151211976181,-0.949259634932961,0.6487261883561645,-0.3476029790851273
N2O,-0.554402,1.214562,-1.7026393998694422,-1.0396640336762202,0.6487261883561645,-0.3476029790851273
N2O,-1.117497,-0.081843,-2.3097622841346523,-0.9552220672135276,0.6487261883561645,-0.3476029790851273
N2O,0.776255,0.86018,-2.2980300685681128,-0.9552220672135276,0.6487261883561645,-0.3476029790851273
N2O,-0.283309,0.775058,-2.1504098779748935,-1.0376183570019517,0.6487261883561645,-0.3476029790851273
N2O,-0.462541,0.841014,-2.1504098779748935,-1.0376183570019517,0.6487261883561645,-0.3476029790851273
N2O,0.528874,0.863023,-2.148383540728062,-1.0376183570019517,0.6487261883561645,-0.3476029790851273
N2O,-0.165257,0.388865,-2.148383540728062,-1.0376183570019517,0.6487261883561645,-0.3476029790851273
N2O,1.004943,1.572767,-2.303405434129884,-0.9552220672135276,0.6487261883561645,-0.3476029790851273
N2O,0.384976,0.98279,-2.0950279076391998,-1.0361583808828967,0.6487261883561645,-0.3476029790851273
N2O,1.106273,1.176359,-2.065297430876722,-1.035404149854799,0.6487261883561645,-0.3476029790851273
N2O,0.129772,0.372163,-2.148383540728062,-1.0376183570019517,0.6487261883561645,-0.3476029790851273
N2O,0.038866,0.667522,-2.3077359468878207,-0.9552220672135276,0.6487261883561645,-0.3476029790851273
N2O,0.49866,0.139201,-2.148383540728062,-1.0376183570019517,0.6487261883561645,-0.3476029790851273
N2O,-0.106027,1.244989,-2.1775909339746806,-0.9479592011494825,0.6487261883561645,-0.3476029790851273
N2O,0.106649,1.199463,-2.1682051962192617,-1.0376183570019517,0.6487261883561645,-0.3476029790851273
N2O,0.607975,1.784995,-2.198254882323248,-0.9479592011494825,0.6487261883561645,-0.3476029790851273
N2O,-0.169585,2.498737,-2.1682625032264267,-0.9479592011494825,0.6487261883561645,-0.3476029790851273
N2O,1.162617,2.456804,-2.1682625032264267,-0.9479592011494825,0.6487261883561645,-0.3476029790851273
N2O,-0.510026,2.283606,-2.1826696418132285,-0.9443081119094251,0.6487261883561645,-0.3476029790851273
N2O,0.319204,2.292473,-1.9925453933165849,-0.9390681570540321,0.6487261883561645,-0.3476029790851273
N2O,-0.179358,2.421155,-2.087634054694376,-0.9257975526410354,0.6487261883561645,-0.3476029790851273
N2O,0.43553,3.301633,-2.0948626719570558,-0.9511801513858598,0.6487261883561645,-0.3476029790851273
N2O,1.158188,2.568676,-2.170186614653798,-0.9443081119094251,0.6487261883561645,-0.3476029790851273
N2O,1.039018,1.604324,-1.9765122519214007,-0.9349263060300738,0.6487261883561645,-0.3476029790851273
N2O,1.03148,1.281051,-1.9912443635097437,-0.9430285382796804,0.6487261883561645,-0.3476029790851273
N2O,0.869417,3.076153,-2.097054244886032,-1.0361583808828967,0.6487261883561645,-0.3476029790851273
N2O,0.618399,1.683946,-2.097054244886032,-1.0361583808828967,0.6487261883561645,-0.3476029790851273
N2O,0.620613,1.628011,-2.116944527070389,-1.0361583808828967,0.6487261883561645,-0.3476029790851273
N2O,0.794725,2.232066,-2.1674987390391838,-1.0376183570019517,0.6487261883561645,-0.3476029790851273
N2O,0.779953,1.685962,-2.165472401792352,-1.0376183570019517,0.6487261883561645,-0.3476029790851273
N2O,0.361284,1.229696,-2.165472401792352,-1.0376183570019517,0.6487261883561645,-0.3476029790851273
N2O,0.538038,0.739722,-2.165472401792352,-1.0376183570019517,0.6487261883561645,-0.3476029790851273
N2O,-0.137583,1.257938,-2.303405434129884,-0.9552220672135276,0.6487261883561645,-0.3476029790851273
N2O,0.975847,2.199489,-2.253234592544993,-0.949259634932961,0.6487261883561645,-0.3476029790851273
N2O,0.808379,1.427626,-2.1504098779748935,-1.0376183570019517,0.6487261883561645,-0.3476029790851273
N2O,0.086087,1.691757,-2.087348366566324,-1.0361583808828967,0.6487261883561645,-0.3476029790851273
N2O,-0.141789,2.229274,-2.275151211976181,-0.949259634932961,0.6487261883561645,-0.3476029790851273
N2O,-0.054641,1.6774,-2.0950279076391998,-1.0361583808828967,0.6487261883561645,-0.3476029790851273
N2O,0.086452,1.222931,-2.303405434129884,-0.9552220672135276,0.6487261883561645,-0.3476029790851273
N2O,0.534746,2.012381,-1.6652391753957345,-1.0459203007434934,0.6487261883561645,-0.3476029790851273
N2O,0.349865,1.788445,-1.670988280499219,-1.0459203007434934,0.6487261883561645,-0.3476029790851273
N2O,-0.00742,-0.245145,-2.1050342909864956,-0.9486856973809266,0.6487261883561645,-0.3476029790851273
N2O,0.774975,1.027684,-1.7075505990124653,-1.04342584673856,0.6487261883561645,-0.3476029790851273
N2O,0.455462,-0.148567,-1.7276745582140969,-1.04342584673856,0.6487261883561645,-0.3476029790851273
N2O,0.201884,1.741012,-2.119286806851868,-0.9481733908825417,0.6487261883561645,-0.3476029790851273
N2O,0.994296,0.814351,-2.1380259773551558,-0.9517378192449616,0.6487261883561645,-0.3476029790851273
N2O,0.660844,0.152343,-2.2552609297918247,-0.949259634932961,0.6487261883561645,-0.3476029790851273
N2O,0.075622,-0.774462,-2.39495169900108,-0.9635779779738135,0.6487261883561645,-0.3476029790851273
N2O,-0.431616,0.81694,-2.0981861600300906,-1.0563569818279315,0.6487261883561645,-0.3476029790851273
N2O,-1.511763,1.413866,-2.008849869591727,-1.0420386387870784,0.6487261883561645,-0.3476029790851273
N2O,0.594585,0.122608,-1.7674023515022335,-1.053982376717073,0.6487261883561645,-0.3476029790851273
N2O,-0.390592,0.781131,-2.2576151935647326,-0.9660561622858143,0.6487261883561645,-0.3476029790851273
N2O,0.354376,0.91755,-2.1380259773551558,-0.9517378192449616,0.6487261883561645,-0.3476029790851273
N2O,0.183434,0.17937,-2.23441112358077,-0.9563164936564548,0.6487261883561645,-0.3476029790851273
N2O,0.485229,1.803106,-2.2359460243932885,-0.9269245088229483,0.6487261883561645,-0.3476029790851273
N2O,0.287913,-0.161406,-2.23441112358077,-0.9563164936564548,0.6487261883561645,-0.3476029790851273
N2O,-0.887915,1.121823,-2.2447135395926923,-0.949259634932961,0.6487261883561645,-0.3476029790851273
N2O,0.245569,0.421418,-2.1641803383208984,-0.935927354992379,0.6487261883561645,-0.3476029790851273
N2O,0.412163,0.512445,-2.287410672357522,-0.9508033658923337,0.6487261883561645,-0.3476029790851273
N2O,0.769347,0.548034,-2.126863928149858,-0.9481733908825417,0.6487261883561645,-0.3476029790851273
N2O,1.200064,0.456678,-2.1374603994826757,-0.9181765601901037,0.6487261883561645,-0.3476029790851273
N2O,0.598689,0.100052,-2.0813237557083126,-0.9116583642010095,0.6487261883561645,-0.3476029790851273
N2O,1.22404,0.499969,-2.2887954610558667,-0.9472389375299137,0.6487261883561645,-0.3476029790851273
N2O,-0.100887,0.385221,-2.126863928149858,-0.9481733908825417,0.6487261883561645,-0.3476029790851273
N2O,0.474094,-0.294728,-2.1497524699713337,-0.9481733908825417,0.6487261883561645,-0.3476029790851273
N2O,1.249622,0.286442,-2.170186614653798,-0.9443081119094251,0.6487261883561645,-0.3476029790851273
N2O,-0.279347,-0.865987,-2.248308554906348,-0.949259634932961,0.6487261883561645,-0.3476029790851273
N2O,0.821688,0.902257,-1.6807227804382536,-1.0396640336762202,0.6487261883561645,-0.3476029790851273
N2O,1.406077,0.768715,-1.6827491176850855,-1.0396640336762202,0.6487261883561645,-0.3476029790851273
N2O,0.07993,0.252202,-2.305431771376716,-0.9552220672135276,0.6487261883561645,-0.3476029790851273
N2O,0.817319,0.44486,-1.7877048002688143,-1.0408521280112053,0.6487261883561645,-0.3476029790851273
N2O,1.873734,0.474351,-1.7877048002688143,-1.0408521280112053,0.6487261883561645,-0.3476029790851273
N2O,1.472621,1.088647,-1.8952622719179877,-1.0411240097952752,0.6487261883561645,-0.3476029790851273
N2O,1.159955,0.79381,-2.2980300685681128,-0.9552220672135276,0.6487261883561645,-0.3476029790851273
N2O,0.552769,1.665338,-2.0853220293194923,-1.0361583808828967,0.6487261883561645,-0.3476029790851273
N2O,1.027802,0.265514,-2.1330423498663476,-0.935927354992379,0.6487261883561645,-0.3476029790851273
N2O,1.169403,0.960706,-2.248308554906348,-0.949259634932961,0.6487261883561645,-0.3476029790851273
N2O,1.4509,0.609909,-2.3097622841346523,-0.9552220672135276,0.6487261883561645,-0.3476029790851273
N2O,0.834021,0.644831,-2.25033489215318,-0.949259634932961,0.6487261883561645,-0.3476029790851273
N2O,0.889532,0.86493,-2.3097622841346523,-0.9552220672135276,0.6487261883561645,-0.3476029790851273
N2O,0.633272,1.281271,-2.3296525663190093,-0.9552220672135276,0.6487261883561645,-0.3476029790851273
N2O,0.103459,1.523343,-1.789731137515646,-1.0408521280112053,0.6487261883561645,-0.3476029790851273
N2O,0.15895,1.933197,-2.065297430876722,-1.035404149854799,0.6487261883561645,-0.3476029790851273
N2O,0.324832,-0.174658,-2.065297430876722,-1.035404149854799,0.6487261883561645,-0.3476029790851273
N2O,0.440568,0.443865,-1.7877048002688143,-1.0408521280112053,0.6487261883561645,-0.3476029790851273
N2O,1.157456,0.559549,-2.065297430876722,-1.035404149854799,0.6487261883561645,-0.3476029790851273
N2O,-0.084205,0.774948,-2.065297430876722,-1.035404149854799,0.6487261883561645,-0.3476029790851273
N2O,0.119592,1.14292,-2.0950279076391998,-1.0361583808828967,0.6487261883561645,-0.3476029790851273
N2O,0.955467,0.983979,-2.0950279076391998,-1.0361583808828967,0.6487261883561645,-0.3476029790851273
N2O,0.852024,0.487544,-2.126863928149858,-0.9481733908825417,0.6487261883561645,-0.3476029790851273
N2O,-0.284609,1.132317,-2.1067725334815863,-0.926745354222121,0.6487261883561645,-0.3476029790851273
N2O,1.196915,0.401046,-2.1067725334815863,-0.926745354222121,0.6487261883561645,-0.3476029790851273
N2O,0.884148,1.054989,-2.1070606282333273,-0.9486856973809266,0.6487261883561645,-0.3476029790851273
N3C,1.187298,2.694331,1.9156694429899694,-1.1207827888145492,0.5690241258407729,-0.3558142595083772
N3C,0.913765,2.330293,1.7076680229450154,-1.1050880013406064,0.5690241258407729,-0.3558142595083772
N3C,1.590593,6.39963,2.1579915368502243,-1.2362661216244508,0.5690241258407729,-0.3558142595083772
N3C,2.996053,3.083167,1.5819353865150483,-1.1060020834710365,0.5690241258407729,-0.3558142595083772
N3C,2.722295,4.047418,2.308205729031618,-1.2178375016588767,0.5690241258407729,-0.3558142595083772
N3C,3.297113,4.885546,1.9354593528649358,-1.265674358220147,0.5690241258407729,-0.3558142595083772
N3C,1.691593,6.282298,2.3086846831624777,-1.134038392307919,0.5690241258407729,-0.3558142595083772
N3C,-0.134879,6.151189,1.877250001517155,-1.1829600997004883,0.5690241258407729,-0.3558142595083772
N3C,-0.053222,4.74016,1.9332581805887081,-1.1882154737715396,0.5690241258407729,-0.3558142595083772
N3C,5.244541,2.587658,2.1081394898548784,-1.2427527813626424,0.5690241258407729,-0.3558142595083772
N3C,3.064375,4.005748,2.1146832875432615,-1.2293392039014033,0.5690241258407729,-0.3558142595083772
N3C,1.899379,3.580506,2.1447429092034254,-1.2825339269595897,0.5690241258407729,-0.3558142595083772
N3C,3.106736,5.420926,1.7639953146364495,-1.1379026027908665,0.5690241258407729,-0.3558142595083772
N3C,4.169839,0.047693,1.585494297631225,-1.0622072271458531,0.5690241258407729,-0.3558142595083772
N3C,2.071838,2.633145,1.4352596384680376,-1.0675145331995264,0.5690241258407729,-0.3558142595083772
N3C,6.633337,-1.118534,2.12520250001021,-1.2062830453907445,0.5690241258407729,-0.3558142595083772
N3C,3.534099,1.177523,2.1479673125618115,-1.2283144188563624,0.5690241258407729,-0.3558142595083772
N3C,4.931492,0.763634,2.0588721893336395,-1.1168686055974484,0.5690241258407729,-0.3558142595083772
N3C,3.477284,3.122923,2.441270270230714,-1.1268595327459041,0.5690241258407729,-0.3558142595083772
N3C,7.22315,-1.252349,2.150139846752967,-1.122158096974124,0.5690241258407729,-0.3558142595083772
N3C,7.062445,-0.763294,2.3695701858713076,-1.3086766514574115,0.5690241258407729,-0.3558142595083772
N3C,4.211038,0.871351,2.1669659444262472,-1.3483423223452242,0.5690241258407729,-0.3558142595083772
N3C,3.186696,2.837983,2.2185524690663674,-1.313858911243139,0.5690241258407729,-0.3558142595083772
N3C,3.827971,2.567314,2.150919881173925,-1.3648415216391598,0.5690241258407729,-0.3558142595083772
N3C,3.411694,-0.891686,2.192124859798289,-1.2760472672213983,0.5690241258407729,-0.3558142595083772
N3C,4.58232,-0.176551,2.1996694758119446,-1.3095593659299463,0.5690241258407729,-0.3558142595083772
N3C,6.29273,1.42334,2.1447429092034254,-1.2825339269595897,0.5690241258407729,-0.3558142595083772
N3C,7.233572,2.452844,1.9354593528649358,-1.265674358220147,0.5690241258407729,-0.3558142595083772
N3C,7.609258,1.482828,2.2733011184903207,-1.2740777656461915,0.5690241258407729,-0.3558142595083772
N3C,5.161714,-4.015558,2.201248643932635,-1.222846602932859,0.5690241258407729,-0.3558142595083772
N3C,4.640969,0.099182,2.0104298206398052,-1.162101250833691,0.5690241258407729,-0.3558142595083772
N3C,4.376052,1.029448,2.308205729031618,-1.2178375016588767,0.5690241258407729,-0.3558142595083772
N3C,2.702554,3.222547,1.9564235488351724,-1.0367714740846357,0.5690241258407729,-0.3558142595083772
N3C,3.628708,7.132677,2.1662722720131087,-1.1764926292835216,0.5690241258407729,-0.3558142595083772
N3C,3.162499,-1.491502,1.9373159165484397,-1.1513219597040285,0.5690241258407729,-0.3558142595083772
N3C,2.199001,2.692925,1.7710166899784159,-1.1460254862083463,0.5690241258407729,-0.3558142595083772
N3C,2.57885,-0.487401,2.026321223111378,-1.162101250833691,0.5690241258407729,-0.3558142595083772
N3C,3.081143,0.019968,2.068958774283175,-1.1056500841705574,0.5690241258407729,-0.3558142595083772
N3C,1.328062,0.710698,2.2716401668803257,-1.202777434377998,0.5690241258407729,-0.3558142595083772
N3C,4.990834,0.670982,2.1791970732432366,-1.3410250367267074,0.5690241258407729,-0.3558142595083772
N3C,1.810091,1.621044,2.2697171598241463,-1.3175921305172746,0.5690241258407729,-0.3558142595083772
N3C,0.844443,-0.132587,2.2419577030772158,-1.2341171097896229,0.5690241258407729,-0.3558142595083772
N3C,-1.577075,-0.888602,2.111080351873675,-1.4044004379172277,0.5690241258407729,-0.3558142595083772
N3C,5.511878,-3.343318,2.1878693030220555,-1.357432135699755,0.5690241258407729,-0.3558142595083772
N3C,6.574421,-1.684463,2.1949248006801882,-1.3878601015373817,0.5690241258407729,-0.3558142595083772
N3C,4.176237,1.397933,2.2222065657339622,-1.3014661204486395,0.5690241258407729,-0.3558142595083772
N3C,3.671339,3.223568,2.2222065657339622,-1.3014661204486395,0.5690241258407729,-0.3558142595083772
N3C,5.50134,6.747721,2.068958774283175,-1.1218342488878155,0.5690241258407729,-0.3558142595083772
N3C,5.698681,2.338735,2.2716401668803257,-1.2668795463846527,0.5690241258407729,-0.3558142595083772
N3C,6.870045,4.303971,2.042428578739306,-1.2076678757438961,0.5690241258407729,-0.3558142595083772
N3C,6.923819,3.541914,2.0099986213049807,-1.2684105784950317,0.5690241258407729,-0.3558142595083772
N3C,2.991703,0.817528,2.2733011184903207,-1.2740777656461915,0.5690241258407729,-0.3558142595083772
N3C,3.695029,-0.639822,1.9619259512001428,-1.2332005321766433,0.5690241258407729,-0.3558142595083772
N3C,-0.110605,6.294922,2.111080351873675,-1.4044004379172277,0.5690241258407729,-0.3558142595083772
N3C,-3.105068,1.117673,2.2332774972739533,-1.230369959820399,0.5690241258407729,-0.3558142595083772
N3C,3.584449,3.875878,2.111080351873675,-1.4044004379172277,0.5690241258407729,-0.3558142595083772
N3C,3.070988,2.219455,2.026848504591425,-1.235825863639595,0.5690241258407729,-0.3558142595083772
N3C,5.883544,4.560679,2.2022522534661206,-1.2303553739824042,0.5690241258407729,-0.3558142595083772
N3C,-1.788936,1.64599,2.2643742849039175,-1.3156185255452295,0.5690241258407729,-0.3558142595083772
N3C,1.523215,1.782374,2.3369355127839784,-1.2989167590509734,0.5690241258407729,-0.3558142595083772
N3C,-2.156866,5.227473,2.164798894315071,-1.4020436982893998,0.5690241258407729,-0.3558142595083772
N3C,7.372308,5.001095,2.375363607449194,-1.277016398793334,0.5690241258407729,-0.3558142595083772
N3C,0.38618,3.945133,1.9619259512001428,-1.2332005321766433,0.5690241258407729,-0.3558142595083772
N3C,1.969409,1.86876,1.7711338350469241,-1.1904469781845366,0.5690241258407729,-0.3558142595083772
N3C,0.22282,3.340462,2.2419577030772158,-1.2341171097896229,0.5690241258407729,-0.3558142595083772
N3C,-1.583346,4.424862,2.182712971545992,-1.2431487790028182,0.5690241258407729,-0.3558142595083772
N3C,-6.62595,-1.853219,1.641370795544946,-0.8454814861742679,0.5690241258407729,-0.3558142595083772
N3C,-3.948963,5.228363,1.886088745239488,-1.2674897647335133,0.5690241258407729,-0.3558142595083772
N3C,3.099658,0.632831,1.3279634286330844,-1.1878876059123016,0.5690241258407729,-0.3558142595083772
N3C,3.549914,4.692657,2.2580437686557726,-1.1015103471336778,0.5690241258407729,-0.3558142595083772
N3C,-0.869619,3.056221,2.248615000887553,-1.2848334371766088,0.5690241258407729,-0.3558142595083772
N3C,0.967266,-0.530203,1.877250001517155,-1.1829600997004883,0.5690241258407729,-0.3558142595083772
N3C,2.000564,0.516397,2.2341063132502152,-1.2039272477177911,0.5690241258407729,-0.3558142595083772
N3C,3.813029,1.351502,1.9690051823328565,-1.1685879105718826,0.5690241258407729,-0.3558142595083772
N3C,1.353158,-0.272977,1.7839456756987178,-1.1719644631431145,0.5690241258407729,-0.3558142595083772
N3C,2.85986,-1.418577,2.114363857351489,-1.1409031585825504,0.5690241258407729,-0.3558142595083772
N3C,2.923414,-0.29481,2.298500703376476,-1.2479326261213906,0.5690241258407729,-0.3558142595083772
N3C,-1.153356,1.46494,2.20064496939641,-1.2760472672213983,0.5690241258407729,-0.3558142595083772
N3C,0.032218,-2.218594,2.1662722720131087,-1.1764926292835216,0.5690241258407729,-0.3558142595083772
N3C,-2.846968,1.303993,2.3173378947950067,-1.2187956099369774,0.5690241258407729,-0.3558142595083772
N3C,-2.193348,8.198627,2.075789081460539,-1.1829792890217132,0.5690241258407729,-0.3558142595083772
N3C,4.035816,5.100495,2.0314594421572285,-1.1757828582802026,0.5690241258407729,-0.3558142595083772
N3C,2.147968,2.171198,2.026848504591425,-1.235825863639595,0.5690241258407729,-0.3558142595083772
N3C,7.391322,0.769623,2.441270270230714,-1.1268595327459041,0.5690241258407729,-0.3558142595083772
N3C,5.312372,4.548333,2.2715474072882875,-1.063754413572852,0.5690241258407729,-0.3558142595083772
N3C,0.710706,3.212412,2.253230138464896,-1.1006210833174512,0.5690241258407729,-0.3558142595083772
N3C,8.606723,1.705465,1.6915255028828104,-1.1806716843188356,0.5690241258407729,-0.3558142595083772
N3C,3.88103,4.171641,2.0200280122650196,-1.085954731715382,0.5690241258407729,-0.3558142595083772
N3C,3.815502,5.392004,2.5985767384709266,-1.2556462305681924,0.5690241258407729,-0.3558142595083772
N3C,5.081468,0.275186,2.3881023672191453,-1.0830900747264385,0.5690241258407729,-0.3558142595083772
N3C,10.556993,-0.637234,2.6889997569887933,-1.1348732399835755,0.5690241258407729,-0.3558142595083772
N3C,4.757552,-2.597452,2.5192385749370825,-1.2910509753303636,0.5690241258407729,-0.3558142595083772
N3C,7.921185,-1.280665,2.741236898515135,-1.3672556613573557,0.5690241258407729,-0.3558142595083772
N3C,1.057932,-1.115755,2.5197390764845626,-1.1036551348622012,0.5690241258407729,-0.3558142595083772
N3C,2.714459,0.007219,2.741236898515135,-1.3672556613573557,0.5690241258407729,-0.3558142595083772
N3C,1.721368,0.052221,2.191437452959337,-1.0226654834214268,0.5690241258407729,-0.3558142595083772
N3C,2.669879,-1.352023,2.5147162181280702,-1.2841435379665225,0.5690241258407729,-0.3558142595083772
N3C,1.481708,-0.949967,2.492953490787657,-1.1493837913095042,0.5690241258407729,-0.3558142595083772
N3C,-0.973781,-0.498564,2.1717885224202353,-1.0226675630837183,0.5690241258407729,-0.3558142595083772
N3C,0.900244,0.187955,1.8443153235545287,-1.1890621478313848,0.5690241258407729,-0.3558142595083772
N3C,3.738948,0.89805,1.923627250418409,-1.086695162915006,0.5690241258407729,-0.3558142595083772
N3C,-1.244757,0.80039,1.6421029059404404,-1.2214106238794717,0.5690241258407729,-0.3558142595083772
N3C,4.37506,1.297392,1.5391780545093119,-1.3779479703242434,0.5690241258407729,-0.3558142595083772
N3C,2.302533,-1.186142,2.2488000149148286,-1.1209156728432828,0.5690241258407729,-0.3558142595083772
N3C,3.707071,-2.80593,2.3881023672191453,-1.0830900747264385,0.5690241258407729,-0.3558142595083772
N3C,-0.629112,0.933003,2.3086846831624777,-1.134038392307919,0.5690241258407729,-0.3558142595083772
N3C,2.376912,-0.632249,2.259456134393598,-1.273119657368091,0.5690241258407729,-0.3558142595083772
N3C,-0.484169,0.355544,2.147635363668046,-1.2210233875202456,0.5690241258407729,-0.3558142595083772
N3C,2.395491,-0.398897,1.6138630242647658,-1.3002095262582605,0.5690241258407729,-0.3558142595083772
N3C,-1.550392,5.483388,2.3121192150513896,-1.1447607809350535,0.5690241258407729,-0.3558142595083772
N3C,2.585073,5.617858,2.4806925325994174,-1.293693588195081,0.5690241258407729,-0.3558142595083772
N3C,0.114196,1.895546,2.166511646448345,-1.2362661216244508,0.5690241258407729,-0.3558142595083772
N3C,-2.034523,0.253468,2.3668580039807123,-1.1407130687328475,0.5690241258407729,-0.3558142595083772
N3C,4.118141,5.319079,2.2500845513203624,-1.3393245172709154,0.5690241258407729,-0.3558142595083772
N3C,3.271616,-1.08468,2.240232078299753,-1.3223840131538667,0.5690241258407729,-0.3558142595083772
N3C,1.290477,0.902577,2.3668580039807123,-1.1407130687328475,0.5690241258407729,-0.3558142595083772
N3C,1.519793,-0.371697,2.3885467650120424,-1.2883744753874522,0.5690241258407729,-0.3558142595083772
N3C,4.13557,1.154669,2.3885467650120424,-1.2883744753874522,0.5690241258407729,-0.3558142595083772
N3C,5.400276,1.630081,2.727412614107068,-1.0952911243495682,0.5690241258407729,-0.3558142595083772
N3C,8.397317,-0.950409,2.5591056815181172,-1.1119889860181136,0.5690241258407729,-0.3558142595083772
N3C,10.148306,-2.34423,2.674017311694897,-1.0904573814535723,0.5690241258407729,-0.3558142595083772
N3C,5.901855,-1.110651,2.36554228430243,-1.2373903424578694,0.5690241258407729,-0.3558142595083772
N3C,4.224882,1.116132,1.9279223045593998,-1.2732246371228069,0.5690241258407729,-0.3558142595083772
N3C,3.175957,1.030347,2.3083027245732324,-1.2884890983025723,0.5690241258407729,-0.3558142595083772
N3C,3.891557,3.501326,2.156150390367752,-1.1747555821851066,0.5690241258407729,-0.3558142595083772
N3C,6.015345,-0.436187,2.2500845513203624,-1.3393245172709154,0.5690241258407729,-0.3558142595083772
N3C,3.478683,-1.420088,2.1717885224202353,-1.0226675630837183,0.5690241258407729,-0.3558142595083772
N3C,3.495342,-1.03036,2.4746865868590335,-1.1186080213146203,0.5690241258407729,-0.3558142595083772
N3C,4.829489,-0.659333,2.3702213525444615,-1.1240542446745392,0.5690241258407729,-0.3558142595083772
N3C,1.357563,-0.195092,2.3987453195483743,-1.1008498467908363,0.5690241258407729,-0.3558142595083772
N3C,4.620822,-2.065105,2.2939133296560246,-1.1615242787137432,0.5690241258407729,-0.3558142595083772
N3C,2.00405,2.290957,1.4918341484863122,-1.1672372086473086,0.5690241258407729,-0.3558142595083772
N3C,1.961891,1.545488,1.5414942097582625,-1.1518835490990684,0.5690241258407729,-0.3558142595083772
N3C,1.81619,2.870843,1.6714049952700167,-1.1979603994289312,0.5690241258407729,-0.3558142595083772
N3C,2.472543,4.865206,2.0406368408354894,-1.0686353047575528,0.5690241258407729,-0.3558142595083772
N3C,0.412649,-1.391797,2.7028803713248264,-1.2565856685777956,0.5690241258407729,-0.3558142595083772
N3C,3.104715,-1.276157,2.4002205244257677,-1.3145628822030642,0.5690241258407729,-0.3558142595083772
N3C,3.277156,7.197207,2.5684519693724486,-1.3258176344567212,0.5690241258407729,-0.3558142595083772
N3C,3.63929,4.274608,2.285948496997601,-1.2452073808411441,0.5690241258407729,-0.3558142595083772
N3C,-0.081698,-2.234476,2.5838249891430847,-1.1441620505130345,0.5690241258407729,-0.3558142595083772
N3C,1.386654,3.174185,2.2559384307088353,-1.2686254533845958,0.5690241258407729,-0.3558142595083772
N3C,4.605197,-1.10429,2.343461740323722,-1.30207774451638,0.5690241258407729,-0.3558142595083772
N3C,4.853763,-0.5156,2.5379752504833824,-1.3522121718007944,0.5690241258407729,-0.3558142595083772
N3C,3.766709,2.816343,2.229810475570906,-1.3157426486128119,0.5690241258407729,-0.3558142595083772
N3C,0.15959,0.319137,2.297643796312913,-1.3872297413263563,0.5690241258407729,-0.3558142595083772
N3C,2.522162,0.698976,2.085851116149176,-1.315852589014755,0.5690241258407729,-0.3558142595083772
N3C,0.079459,2.042616,2.1717885224202353,-1.0226675630837183,0.5690241258407729,-0.3558142595083772
N3C,2.01302,1.497948,2.4445615325576395,-1.3054648188370264,0.5690241258407729,-0.3558142595083772
N3C,7.691671,4.938385,2.2527874825404894,-1.3272926348215874,0.5690241258407729,-0.3558142595083772
N3C,5.137087,3.542505,2.2643742849039175,-0.865821200473518,0.5690241258407729,-0.3558142595083772
N3C,3.919074,3.131424,2.2647519129835643,-1.2535012503579428,0.5690241258407729,-0.3558142595083772
N3C,3.53111,5.787596,2.2643742849039175,-1.2354090828783502,0.5690241258407729,-0.3558142595083772
N3C,0.920461,3.780973,2.740052315716662,-1.3973958565251308,0.5690241258407729,-0.3558142595083772
N3C,3.115642,5.007428,2.261462484754671,-1.252908671409256,0.5690241258407729,-0.3558142595083772
N3C,2.666806,0.021076,1.648907079983628,-1.1485174868909982,0.5690241258407729,-0.3558142595083772
N3C,2.758878,2.31524,2.298500703376476,-1.2479326261213906,0.5690241258407729,-0.3558142595083772
N3C,6.270908,1.703624,2.506008814063215,-1.2281189999400677,0.5690241258407729,-0.3558142595083772
N3C,2.02233,2.423867,1.7700346595463683,-1.2140303153343874,0.5690241258407729,-0.3558142595083772
N3C,2.670108,4.742413,1.9783658069148184,-1.1342158855185245,0.5690241258407729,-0.3558142595083772
N3C,-0.816673,1.61333,2.0792164615082847,-1.2279836712790044,0.5690241258407729,-0.3558142595083772
N3C,1.877563,-1.753694,2.386095200991973,-1.2265744552470106,0.5690241258407729,-0.3558142595083772
N3C,-2.145222,1.721949,1.8469065202500008,-1.2546787216627733,0.5690241258407729,-0.3558142595083772
N3C,-0.28842,1.628103,2.4768162007041203,-1.243970829545074,0.5690241258407729,-0.3558142595083772
N3C,-1.116254,-3.303329,1.9233587799618506,-1.1370834718705416,0.5690241258407729,-0.3558142595083772
N3C,3.217321,-4.709257,2.1637563215847866,-0.962141173032475,0.5690241258407729,-0.3558142595083772
N3C,1.49873,-0.83931,2.4781595822475353,-0.16585009052773805,0.5690241258407729,-0.3558142595083772
N3C,1.018097,-0.678184,2.2551636848721275,-0.9194518768526675,0.5690241258407729,-0.3558142595083772
N3C,0.239172,-5.60122,2.2862870429244624,-1.1867649869753034,0.5690241258407729,-0.3558142595083772
N3C,-0.067524,-2.079009,2.6591384259786897,-1.336419772476733,0.5690241258407729,-0.3558142595083772
N3C,2.206718,-3.73682,2.4675007559916464,-1.3179866425425717,0.5690241258407729,-0.3558142595083772
N3C,0.759414,-4.871626,2.4638647788857004,-1.0320912881721875,0.5690241258407729,-0.3558142595083772
N3C,0.231911,-7.442539,2.3139610545594667,-1.0657854772970163,0.5690241258407729,-0.3558142595083772
N3C,0.954584,-0.183464,2.0203572510011463,-1.08127541736171,0.5690241258407729,-0.3558142595083772
N3C,1.790599,-2.530115,2.4927011459169846,-1.2281189999400677,0.5690241258407729,-0.3558142595083772
N3C,0.73456,-1.599756,2.375363607449194,-1.277016398793334,0.5690241258407729,-0.3558142595083772
N3C,5.077223,-0.751477,2.245051418056744,-1.1999585569411502,0.5690241258407729,-0.3558142595083772
N3C,6.171518,-0.244104,2.1514052155476895,-1.3245647728450969,0.5690241258407729,-0.3558142595083772
N3C,7.139694,-2.252209,2.2936088851795375,-1.2155041609073458,0.5690241258407729,-0.3558142595083772
N3C,3.343052,0.08329,2.0350385869006535,-1.121344666100845,0.5690241258407729,-0.3558142595083772
N3C,7.277928,-0.474107,2.170085097841848,-1.2206100674139608,0.5690241258407729,-0.3558142595083772
N3C,5.439418,1.560896,2.120380469378222,-1.2518900536110653,0.5690241258407729,-0.3558142595083772
N3C,0.784489,3.565423,2.0079993085686714,-1.3794538568150143,0.5690241258407729,-0.3558142595083772
N3C,1.443898,0.570203,1.7102332284536814,-1.230025062659226,0.5690241258407729,-0.3558142595083772
N3C,5.97181,1.363356,2.182712971545992,-1.2431487790028182,0.5690241258407729,-0.3558142595083772
N3C,1.350626,3.488758,2.035699824690249,-1.2489273497201614,0.5690241258407729,-0.3558142595083772
N3C,1.936528,2.238966,1.7287358308969385,-1.1709936537113492,0.5690241258407729,-0.3558142595083772
N3C,5.603408,2.176693,2.2022522534661206,-1.2303553739824042,0.5690241258407729,-0.3558142595083772
N3C,2.71416,-0.093222,2.2853904644136667,-1.2094311220959248,0.5690241258407729,-0.3558142595083772
N3C,2.054743,1.093757,2.0207865541161953,-1.205468586281393,0.5690241258407729,-0.3558142595083772
N3C,4.624598,-1.998347,2.432119614445049,-1.3173159622665214,0.5690241258407729,-0.3558142595083772
N3C,4.907143,-0.808831,2.265167972027791,-1.4341677445510401,0.5690241258407729,-0.3558142595083772
N3C,5.562197,-0.455207,2.1040479290597744,-1.275337496218079,0.5690241258407729,-0.3558142595083772
N3C,-0.358265,0.393072,2.462418367406182,-1.1329325715573249,0.5690241258407729,-0.3558142595083772
N3C,4.070322,-6.755496,2.2984251995292118,-1.2452073808411441,0.5690241258407729,-0.3558142595083772
N3C,2.684053,-1.196556,2.6952808155496273,-1.2565856685777956,0.5690241258407729,-0.3558142595083772
N3C,1.135982,-1.734078,2.611806499344793,-1.323175021592004,0.5690241258407729,-0.3558142595083772
N3C,4.051646,-0.805096,2.602571064161003,-1.1346456201400288,0.5690241258407729,-0.3558142595083772
N3C,3.721872,2.975146,2.565130159959954,-1.1411322798782202,0.5690241258407729,-0.3558142595083772
N3C,-0.27252,2.765727,1.9776636346155223,-0.7726737782109876,0.5690241258407729,-0.3558142595083772
N3C,1.158853,2.952666,2.441472367401601,-1.0847438521742276,0.5690241258407729,-0.3558142595083772
N3C,2.68538,5.868911,2.3419583353286506,-1.0325127370818095,0.5690241258407729,-0.3558142595083772
N3C,5.14213,11.054243,2.503355824891436,-1.1402041384553847,0.5690241258407729,-0.3558142595083772
N3C,-2.934477,5.561661,2.197238552459297,-1.0356086055188074,0.5690241258407729,-0.3558142595083772
N3C,-1.080905,0.366967,2.5049479052185375,-0.8375722427050373,0.5690241258407729,-0.3558142595083772
N3C,-1.620387,-0.417349,2.4367510935677617,-1.0551268956068895,0.5690241258407729,-0.3558142595083772
N3C,4.12531,2.115181,2.215788311192949,-1.2404235337225717,0.5690241258407729,-0.3558142595083772
N3C,5.786148,3.885305,2.65942742234308,-1.1260283208900779,0.5690241258407729,-0.3558142595083772
N3C,4.954432,5.070866,2.3121192150513896,-1.1447607809350535,0.5690241258407729,-0.3558142595083772
N3C,3.468657,0.020376,2.4002205244257677,-1.3145628822030642,0.5690241258407729,-0.3558142595083772
N3C,3.64232,1.283022,2.0543759921424356,-1.1111157909411682,0.5690241258407729,-0.3558142595083772
N3C,2.586198,-1.023592,2.1738541983230086,-1.361720618371934,0.5690241258407729,-0.3558142595083772
N3C,3.910894,2.98678,2.3139610545594667,-1.0657854772970163,0.5690241258407729,-0.3558142595083772
N3C,-0.110168,0.021857,1.7300930786195587,-1.1719644631431145,0.5690241258407729,-0.3558142595083772
N3C,4.842606,5.758072,1.9630514169565962,-1.1867894432565105,0.5690241258407729,-0.3558142595083772
N3C,0.415634,-0.387387,1.5557643918063642,-1.2365604953146183,0.5690241258407729,-0.3558142595083772
N3C,6.787697,0.468902,1.9306764606609454,-1.1371180897964117,0.5690241258407729,-0.3558142595083772
N3C,7.728272,1.208209,2.2332774972739533,-1.230369959820399,0.5690241258407729,-0.3558142595083772
N3C,2.480545,2.342143,1.8667504777027757,-1.1570211227657201,0.5690241258407729,-0.3558142595083772
N3C,4.171842,3.12829,1.5878479344824579,-0.990229992270122,0.5690241258407729,-0.3558142595083772
N3C,5.325937,8.309159,2.2758825732875176,-1.2040974892747514,0.5690241258407729,-0.3558142595083772
N3C,2.171976,2.024734,2.1579915368502243,-1.2362661216244508,0.5690241258407729,-0.3558142595083772
N3C,1.922225,2.842522,2.285948496997601,-1.2452073808411441,0.5690241258407729,-0.3558142595083772
N3C,1.571473,3.777642,2.1579915368502243,-1.2362661216244508,0.5690241258407729,-0.3558142595083772
N3C,3.005161,3.339377,1.7400796838632724,-1.1434453486099734,0.5690241258407729,-0.3558142595083772
N3C,1.470955,1.048638,2.3083027245732324,-1.2884890983025723,0.5690241258407729,-0.3558142595083772
N3C,-0.771908,0.025795,2.3695701858713076,-1.3086766514574115,0.5690241258407729,-0.3558142595083772
N3C,5.295148,-1.846516,2.4129830224515785,-1.1306608004965295,0.5690241258407729,-0.3558142595083772
N3C,5.995327,2.254986,2.470957537265225,-0.9197892891330376,0.5690241258407729,-0.3558142595083772
N3C,-1.384729,11.077339,2.1622259415601093,-1.2273693157753784,0.5690241258407729,-0.3558142595083772
N3C,2.204678,-1.013178,1.8897629969926182,-1.2932339626283609,0.5690241258407729,-0.3558142595083772
N3C,2.65999,1.137661,1.801439812694794,-1.159110179366578,0.5690241258407729,-0.3558142595083772
N3C,-0.731467,-5.825377,2.6952808155496273,-1.2565856685777956,0.5690241258407729,-0.3558142595083772
N3C,1.554556,4.90596,2.565130159959954,-1.1411322798782202,0.5690241258407729,-0.3558142595083772
N3C,-3.308077,7.234764,2.371491301747319,-1.2856940195839932,0.5690241258407729,-0.3558142595083772
N3C,3.450088,1.595268,2.3034319174670674,-1.1063887105834906,0.5690241258407729,-0.3558142595083772
N3C,4.5873,2.100215,2.7399667756171473,-1.0738130047045833,0.5690241258407729,-0.3558142595083772
N3C,0.079935,-2.611962,2.3053015865316575,-0.8342569453406357,0.5690241258407729,-0.3558142595083772
N3C,3.199685,4.399928,2.000866822845439,-1.2416552220507235,0.5690241258407729,-0.3558142595083772
N3C,2.412747,0.191712,2.621076059746386,-1.1415987629785411,0.5690241258407729,-0.3558142595083772
N3C,6.138573,0.505613,2.318833682331432,-1.0399680011885573,0.5690241258407729,-0.3558142595083772
N3C,1.370575,-0.631146,2.1961420283314097,-1.244886793748858,0.5690241258407729,-0.3558142595083772
N3C,2.498012,5.410704,1.9818112337538492,-1.127907716393901,0.5690241258407729,-0.3558142595083772
N3C,1.798595,0.561305,1.9931903017624537,-1.0779065271878134,0.5690241258407729,-0.3558142595083772
N3C,5.542827,11.478061,2.0623725934378925,-1.3647081291150522,0.5690241258407729,-0.3558142595083772
N3C,-1.128774,-3.905369,2.0469344217978773,-1.1712951533529545,0.5690241258407729,-0.3558142595083772
N3C,-0.097671,-4.800831,2.405069948947776,-1.13306065272196,0.5690241258407729,-0.3558142595083772
N3C,8.16101,4.387228,2.444286808445239,-0.9730171289366548,0.5690241258407729,-0.3558142595083772
N3C,3.087108,-5.393937,1.9931903017624537,-1.0779065271878134,0.5690241258407729,-0.3558142595083772
N3C,6.737698,1.297717,2.0543759921424356,-1.1111157909411682,0.5690241258407729,-0.3558142595083772
N3C,4.572679,-1.013155,1.7904627264753705,-1.1890621478313848,0.5690241258407729,-0.3558142595083772
N3C,7.167325,-5.189376,2.3880299121907043,-1.265391843514034,0.5690241258407729,-0.3558142595083772
N3C,3.451584,-3.517011,2.724244737699089,-1.3241144596016077,0.5690241258407729,-0.3558142595083772
N3C,0.981841,-6.458047,2.2099754369169733,-1.3087834060671566,0.5690241258407729,-0.3558142595083772
N3C,7.539741,0.158482,2.192124859798289,-1.2760472672213983,0.5690241258407729,-0.3558142595083772
N3C,5.747944,0.259817,2.192124859798289,-1.2760472672213983,0.5690241258407729,-0.3558142595083772
N3C,7.980806,0.725123,1.9372493154827612,-1.2259967613235265,0.5690241258407729,-0.3558142595083772
N3C,7.827823,2.207158,2.147635363668046,-1.2210233875202456,0.5690241258407729,-0.3558142595083772
N3C,6.690141,0.742307,2.3511287973950292,-1.2576925185278283,0.5690241258407729,-0.3558142595083772
N3C,0.662053,1.68597,1.5333530073220911,-1.0583321233403715,0.5690241258407729,-0.3558142595083772
N3C,1.676917,-2.066044,1.27851153229092,-1.1719193008032722,0.5690241258407729,-0.3558142595083772
N3C,3.88998,-0.237853,1.7117266580125665,-1.1733492934962664,0.5690241258407729,-0.3558142595083772
N3C,6.273937,-1.287962,2.0317320885632775,-1.157335416874584,0.5690241258407729,-0.3558142595083772
N3C,5.473653,0.643676,1.8443153235545287,-1.1890621478313848,0.5690241258407729,-0.3558142595083772
N3C,3.482298,-0.404551,1.6714049952700167,-1.1979603994289312,0.5690241258407729,-0.3558142595083772
N3C,2.252027,4.487008,2.013385898396849,-1.2729816777735907,0.5690241258407729,-0.3558142595083772
N3C,-0.01032,1.121248,2.268961659537856,-1.1115141337443188,0.5690241258407729,-0.3558142595083772
N3C,7.707347,1.789816,1.538955742438773,-1.0987569038582523,0.5690241258407729,-0.3558142595083772
N3C,0.082774,2.957712,1.3069425873763754,-1.2722460660543442,0.5690241258407729,-0.3558142595083772
N3C,2.174548,-0.118514,1.5491673228369218,-1.3686989542524108,0.5690241258407729,-0.3558142595083772
N3C,1.100003,2.007225,1.4004361293270662,-1.2520537423274292,0.5690241258407729,-0.3558142595083772
N3C,-2.970958,-0.698154,1.6148694843198337,-1.1451274769091453,0.5690241258407729,-0.3558142595083772
N3C,1.20048,3.117742,1.7217130012442945,-1.1474103165614982,0.5690241258407729,-0.3558142595083772
N3C,3.439699,3.314802,1.5954776923429697,-1.1055670505640414,0.5690241258407729,-0.3558142595083772
N3C,0.822355,-0.1425,1.758664091282714,-1.1054867265165247,0.5690241258407729,-0.3558142595083772
N3C,2.015192,5.438009,1.8744101720346673,-1.1262559332652187,0.5690241258407729,-0.3558142595083772
N3C,1.439203,2.200119,2.0381787323368847,-1.1111178706034601,0.5690241258407729,-0.3558142595083772
N3C,2.543768,3.555225,1.6883118012212548,-1.1749311705759107,0.5690241258407729,-0.3558142595083772
N3C,4.290877,6.470157,1.3768473354056305,-1.2980417629483032,0.5690241258407729,-0.3558142595083772
N3C,4.568305,4.333688,2.0020299236733563,-0.4326967195079378,0.5690241258407729,-0.3558142595083772
N3C,-2.375611,0.027193,1.7223042471710062,-1.0995665427236965,0.5690241258407729,-0.3558142595083772
N3C,5.427035,2.008076,2.046605183061751,-1.1759744677066264,0.5690241258407729,-0.3558142595083772
N3C,-1.640516,1.034849,2.0800331054001244,-1.153718345182489,0.5690241258407729,-0.3558142595083772
N3C,4.018967,0.234818,1.638924944277359,-1.337746321091775,0.5690241258407729,-0.3558142595083772
N3C,3.747543,4.190352,1.8469065202500008,-1.2546787216627733,0.5690241258407729,-0.3558142595083772
N3C,2.021379,4.310298,2.3539234633581305,-1.2576925185278283,0.5690241258407729,-0.3558142595083772
N3C,3.54312,3.811243,2.20064496939641,-1.2760472672213983,0.5690241258407729,-0.3558142595083772
N3C,-0.257443,5.030759,2.111154983537945,-1.2265263140835747,0.5690241258407729,-0.3558142595083772
N3C,1.22915,1.531117,2.308205729031618,-1.2178375016588767,0.5690241258407729,-0.3558142595083772
N3C,2.913374,4.951896,2.1579915368502243,-1.2362661216244508,0.5690241258407729,-0.3558142595083772
W3O,-2.27571,-1.060704,-1.4189708140850796,-1.1870689923010544,0.7381533142193423,-0.2702662464849004
W3O,-2.696971,1.284939,-1.4213471601249568,-1.0263676378935112,0.7381533142193423,-0.2702662464849004
W3O,-1.168136,1.856722,-1.431144866786089,-1.1277120623542012,0.7381533142193423,-0.2702662464849004
W3O,-1.202185,2.963708,-1.4189708140850796,-1.1870689923010544,0.7381533142193423,-0.2702662464849004
W3O,-1.584153,0.596688,-1.4189708140850796,-1.1870689923010544,0.7381533142193423,-0.2702662464849004
W3O,-2.183963,-3.901101,-1.5245166533848697,-1.2559327887307656,0.7381533142193423,-0.2702662464849004
W3O,-1.335835,-1.381948,-1.4994036442547276,-1.1134901831852788,0.7381533142193423,-0.2702662464849004
W3O,-1.993834,0.017187,-1.4378107532238595,-1.2438107678164168,0.7381533142193423,-0.2702662464849004
W3O,-3.772295,0.073494,-1.4189708140850796,-1.1870689923010544,0.7381533142193423,-0.2702662464849004
W3O,-3.424522,-0.816896,-1.1810536720764944,-1.1500261626833541,0.7381533142193423,-0.2702662464849004
W3O,-2.708033,0.805594,-1.1242069143461373,-1.046723873611727,0.7381533142193423,-0.2702662464849004
W3O,-1.710446,-0.869548,-1.569934621287775,-1.2325704637107016,0.7381533142193423,-0.2702662464849004
W3O,-3.332323,0.428032,-1.251780094447099,-1.0554968794818995,0.7381533142193423,-0.2702662464849004
W3O,-0.964023,-0.711,-1.3038581959387214,-1.2232791678627981,0.7381533142193423,-0.2702662464849004
W3O,-2.720034,0.594194,-1.4778054146370194,-1.3640145209150378,0.7381533142193423,-0.2702662464849004
W3O,-1.62869,-0.472351,-1.2975697867465052,-1.3144794667433621,0.7381533142193423,-0.2702662464849004
W3O,-2.348554,0.785188,-1.2787057541474958,-1.2861731237920966,0.7381533142193423,-0.2702662464849004
W3O,-3.057265,-4.208717,-1.2929235336158682,-1.2586013322654013,0.7381533142193423,-0.2702662464849004
W3O,-3.191579,-0.126903,-1.693254924201375,-1.267023747912592,0.7381533142193423,-0.2702662464849004
W3O,-0.543892,0.905988,-1.2299086654060762,-1.3092368361814468,0.7381533142193423,-0.2702662464849004
W3O,-0.53163,-0.489978,-1.6765532693547112,-1.276103157358737,0.7381533142193423,-0.2702662464849004
W3O,-3.169392,2.729351,-1.218303199302221,-1.1664768019622276,0.7381533142193423,-0.2702662464849004
W3O,-3.677888,1.262486,-1.3637286057042994,-0.9094222618193836,0.7381533142193423,-0.2702662464849004
W3O,-3.705966,1.621269,-1.2944652886482524,-1.2468805952967885,0.7381533142193423,-0.2702662464849004
W3O,-5.432148,-1.763338,-0.7570042633907441,-1.221037395596012,0.7381533142193423,-0.2702662464849004
W3O,-0.344142,-0.03181,-1.263847811341234,-1.2305780118404752,0.7381533142193423,-0.2702662464849004
W3O,-2.341938,0.427624,-1.693254924201375,-1.267023747912592,0.7381533142193423,-0.2702662464849004
W3O,-3.184944,0.084801,-1.3857442048056396,-1.2449290214300532,0.7381533142193423,-0.2702662464849004
W3O,-0.833067,-1.343516,-1.226309453991041,-1.1565137037438014,0.7381533142193423,-0.2702662464849004
W3O,-0.31699,0.256865,-1.3509894523182133,-1.2349992170316864,0.7381533142193423,-0.2702662464849004
W3O,-2.211613,-0.216018,-1.3567211119425504,-1.0719766751566788,0.7381533142193423,-0.2702662464849004
W3O,-1.734415,-0.343566,-1.2663892079830616,-1.1422181863870073,0.7381533142193423,-0.2702662464849004
W3O,-2.789509,-0.6297,-1.2496082230103793,-1.1863450440669088,0.7381533142193423,-0.2702662464849004
W3O,-4.029588,-2.088522,-1.2438592429211632,-1.0945023681526653,0.7381533142193423,-0.2702662464849004
W3O,-0.575491,-0.219596,-1.197158388144005,-1.1658749541074371,0.7381533142193423,-0.2702662464849004
W3O,-1.468035,-0.202417,-1.218350783716359,-1.2448568656281185,0.7381533142193423,-0.2702662464849004
W3O,-1.965853,-3.187942,-1.2772523931614312,-1.251573838328083,0.7381533142193423,-0.2702662464849004
W3O,-4.563592,-1.823804,-1.587964042856569,-1.2666430227774332,0.7381533142193423,-0.2702662464849004
W3O,-2.203453,-1.589427,-1.6274873406949546,-1.247157114631707,0.7381533142193423,-0.2702662464849004
W3O,-3.095461,-4.407467,-1.5618440573684615,-1.232482860488713,0.7381533142193423,-0.2702662464849004
W3O,-1.709043,-6.060033,-2.0969754532763702,-1.3212017796721862,0.7381533142193423,-0.2702662464849004
W3O,-3.357043,-2.662483,-2.08565949008433,-1.3534087160614396,0.7381533142193423,-0.2702662464849004
W3O,-2.194305,-1.71273,-1.7639602110211565,-1.2450075012200799,0.7381533142193423,-0.2702662464849004
W3O,-2.64946,-3.093325,-2.1092344647910304,-1.2763117560386978,0.7381533142193423,-0.2702662464849004
W3O,-2.669052,-3.817754,-1.5700959260510665,-1.212228913758907,0.7381533142193423,-0.2702662464849004
W3O,-2.115496,-4.496582,-1.828695225625845,-1.2666196179905513,0.7381533142193423,-0.2702662464849004
W3O,-2.552571,-3.188123,-1.828695225625845,-1.2666196179905513,0.7381533142193423,-0.2702662464849004
W3O,-1.541639,-2.162779,-1.5565954839691318,-1.1739925892015484,0.7381533142193423,-0.2702662464849004
W3O,-1.648308,-1.955805,-1.5489085406117373,-1.1993630277199923,0.7381533142193423,-0.2702662464849004
W3O,-2.459121,-2.300454,-1.7086728796028672,-1.0329430399877544,0.7381533142193423,-0.2702662464849004
W3O,-2.47019,-2.969556,-1.4793782137059364,-1.2791655949936171,0.7381533142193423,-0.2702662464849004
W3O,-4.240732,-2.110023,-1.4372735416810742,-1.2656738904317066,0.7381533142193423,-0.2702662464849004
W3O,-3.81019,-0.594085,-1.4239034487364217,-1.272335169044109,0.7381533142193423,-0.2702662464849004
W3O,-2.374819,-1.289483,-2.032118158301943,-1.3321157242050763,0.7381533142193423,-0.2702662464849004
W3O,-3.023677,-0.203407,-1.4793473630139033,-1.217931163250965,0.7381533142193423,-0.2702662464849004
W3O,-2.622507,0.70028,-1.5048277824731808,-1.0586887126802547,0.7381533142193423,-0.2702662464849004
W3O,-4.581151,1.659787,-1.7095579471872964,-1.2655840312458786,0.7381533142193423,-0.2702662464849004
W3O,-3.372094,0.296344,-1.8833119999527912,-1.3501109554847635,0.7381533142193423,-0.2702662464849004
W3O,-3.473123,-0.72484,-1.4795946220912775,-1.1343098338471853,0.7381533142193423,-0.2702662464849004
W3O,-1.475353,-1.943299,-1.431144866786089,-1.1277120623542012,0.7381533142193423,-0.2702662464849004
W3O,-2.39882,-1.712283,-1.1679074240539604,-1.166571034121286,0.7381533142193423,-0.2702662464849004
W3O,-3.83329,-2.423368,-1.36398550184831,-1.1772984175750731,0.7381533142193423,-0.2702662464849004
W3O,-0.633024,-2.939898,-1.2206094642078704,-1.170653288902442,0.7381533142193423,-0.2702662464849004
W3O,-3.125363,-1.994743,-1.238574644284003,-1.2706457919743877,0.7381533142193423,-0.2702662464849004
W3O,-4.20315,-1.35313,-1.5287570523799494,-1.2354091530378783,0.7381533142193423,-0.2702662464849004
W3O,-2.377435,-3.990578,-2.1169975918463684,-1.115484807662915,0.7381533142193423,-0.2702662464849004
W3O,-2.577535,-4.102003,-1.6600840386174793,-0.9334505256420169,0.7381533142193423,-0.2702662464849004
W3O,-2.763007,-0.92142,-1.3347644223885125,-1.2543184348346859,0.7381533142193423,-0.2702662464849004
W3O,-1.275508,-0.034751,-1.5247825423951562,-1.223712241205921,0.7381533142193423,-0.2702662464849004
W3O,-2.137436,0.047663,-1.60316864377311,-1.2531290530868457,0.7381533142193423,-0.2702662464849004
W3O,-4.934333,1.222187,-1.602025220967485,-1.2623891553597533,0.7381533142193423,-0.2702662464849004
W3O,-2.784819,-1.969425,-1.427498178060154,-1.194442887864304,0.7381533142193423,-0.2702662464849004
W3O,-3.091889,-1.405048,-1.4403879286352361,-1.244184827136937,0.7381533142193423,-0.2702662464849004
W3O,-1.375651,-2.841931,-1.4239034487364217,-1.272335169044109,0.7381533142193423,-0.2702662464849004
W3O,-3.237054,-0.927997,-1.5190773427680433,-1.2413810914930172,0.7381533142193423,-0.2702662464849004
W3O,-3.342134,-0.408573,-1.4239034487364217,-1.272335169044109,0.7381533142193423,-0.2702662464849004
W3O,-2.180703,-0.809367,-1.4283908920872428,-1.209212673649775,0.7381533142193423,-0.2702662464849004
W3O,-3.403673,-0.259971,-1.4489924993061039,-1.2284604121566172,0.7381533142193423,-0.2702662464849004
W3O,-1.255303,0.131534,-1.8036191519395386,-1.2030051922440719,0.7381533142193423,-0.2702662464849004
W3O,-2.259614,-1.061617,-1.8036191519395386,-1.2030051922440719,0.7381533142193423,-0.2702662464849004
W3O,-2.99697,-3.810302,-1.7452440811203511,-1.2420671317029384,0.7381533142193423,-0.2702662464849004
W3O,-3.56616,1.334279,-1.8712379820442913,-1.264968426306814,0.7381533142193423,-0.2702662464849004
W3O,-2.357109,-0.218921,-1.4821106390672414,-1.1719363108668606,0.7381533142193423,-0.2702662464849004
W3O,-0.661356,-0.783993,-1.766507011580688,-1.2630819180516837,0.7381533142193423,-0.2702662464849004
W3O,-2.206222,0.542703,-1.4871590727300164,-1.2248304948195574,0.7381533142193423,-0.2702662464849004
W3O,-3.951215,0.998948,-1.7994458053282718,-1.2252782387203633,0.7381533142193423,-0.2702662464849004
W3O,-3.364859,-0.429607,-1.8088575475784152,-1.2824982869953727,0.7381533142193423,-0.2702662464849004
W3O,-3.654614,-1.172186,-2.1725990589163082,-1.2866276428956944,0.7381533142193423,-0.2702662464849004
W3O,-2.703382,-1.67267,-1.5190773427680433,-1.2413810914930172,0.7381533142193423,-0.2702662464849004
W3O,-3.188453,-1.020053,-1.7994458053282718,-1.2252782387203633,0.7381533142193423,-0.2702662464849004
W3O,-1.731295,-1.426473,-1.7994458053282718,-1.2252782387203633,0.7381533142193423,-0.2702662464849004
W3O,-4.509526,1.119938,-1.763410449026699,-1.2651892128258468,0.7381533142193423,-0.2702662464849004
W3O,-2.616567,-0.996706,-1.2206094642078704,-1.170653288902442,0.7381533142193423,-0.2702662464849004
W3O,-3.819639,-0.001954,-1.5373723766378165,-1.230234787930128,0.7381533142193423,-0.2702662464849004
W3O,-2.715038,-1.024603,-1.5190773427680433,-1.2413810914930172,0.7381533142193423,-0.2702662464849004
W3O,-3.23387,-0.11334,-1.4744289137136641,-1.1715345167468834,0.7381533142193423,-0.2702662464849004
W3O,-2.715363,-1.3148,-1.5287570523799494,-1.2354091530378783,0.7381533142193423,-0.2702662464849004
W3O,-3.2535,-1.976307,-1.5245166533848697,-1.2559327887307656,0.7381533142193423,-0.2702662464849004
W3O,-3.232601,0.098669,-1.6274873406949546,-1.247157114631707,0.7381533142193423,-0.2702662464849004
W3O,-1.336715,0.593804,-1.643552502775286,-1.2296791248447936,0.7381533142193423,-0.2702662464849004
W3O,0.500479,1.382487,-1.495804641631274,-1.1394697483425247,0.7381533142193423,-0.2702662464849004
W3O,-2.770242,-0.195469,-1.5896194885847177,-1.157753034171389,0.7381533142193423,-0.2702662464849004
W3O,-1.534978,-1.192049,-1.4752369623714898,-1.1944735123143504,0.7381533142193423,-0.2702662464849004
W3O,-2.211319,-0.874602,-1.431144866786089,-1.1277120623542012,0.7381533142193423,-0.2702662464849004
W3O,-1.874571,-1.105799,-1.3936665854943142,-1.2295786657702537,0.7381533142193423,-0.2702662464849004
W3O,-2.423407,-0.817914,-1.427498178060154,-1.194442887864304,0.7381533142193423,-0.2702662464849004
W3O,-3.314758,-2.865803,-1.4983401857254257,-1.2061908494581322,0.7381533142193423,-0.2702662464849004
W3O,-1.895664,-8.873467,-1.3722521935117904,-1.003970917055844,0.7381533142193423,-0.2702662464849004
W3O,-0.710086,-4.487065,-1.2706870952537972,-0.9949992250549595,0.7381533142193423,-0.2702662464849004
W3O,-1.566526,-0.799583,-1.2623060563088497,-1.2416224125956374,0.7381533142193423,-0.2702662464849004
W3O,-0.661192,-5.237705,-1.3722521935117904,-1.003970917055844,0.7381533142193423,-0.2702662464849004
W3O,-0.989339,-2.674104,-1.2659803663759959,-1.2515855108140637,0.7381533142193423,-0.2702662464849004
W3O,-3.574903,-5.362522,-1.263847811341234,-1.2305780118404752,0.7381533142193423,-0.2702662464849004
W3O,-1.943946,-8.680969,-1.26752212140838,-1.2442595227343403,0.7381533142193423,-0.2702662464849004
W3O,-1.393074,-4.760834,-1.1571925850760583,-1.1358600636489593,0.7381533142193423,-0.2702662464849004
W3O,-1.750568,-2.05046,-1.2440398547563574,-1.0896798410693336,0.7381533142193423,-0.2702662464849004
W3O,-0.554094,-2.118379,-1.2805962181852204,-1.2377873524000687,0.7381533142193423,-0.2702662464849004
W3O,-1.228604,-3.665117,-1.333889934163332,-1.2594984122123234,0.7381533142193423,-0.2702662464849004
W3O,-3.399729,-5.026439,-1.3069692984789605,-1.2594984122123234,0.7381533142193423,-0.2702662464849004
W3O,-3.153134,-1.915031,-1.2972491527137862,-1.157473436875002,0.7381533142193423,-0.2702662464849004
W3O,-3.78599,-3.676215,-1.3123107495605335,-0.9050119766496202,0.7381533142193423,-0.2702662464849004
W3O,-4.214818,-1.084575,-1.5869179536779419,-1.2140045752650972,0.7381533142193423,-0.2702662464849004
W3O,-1.535616,-1.392932,-1.3867496313624228,-1.066499568789219,0.7381533142193423,-0.2702662464849004
W3O,-3.191986,-2.883934,-1.3771078366345904,-1.2405319489066713,0.7381533142193423,-0.2702662464849004
W3O,-3.97182,-1.734612,-1.3143491064725998,-1.2515855108140637,0.7381533142193423,-0.2702662464849004
W3O,-4.772584,-3.609049,-1.3029648222690768,-1.2416224125956374,0.7381533142193423,-0.2702662464849004
W3O,-1.647096,-3.451604,-1.3258072738932278,-1.0559364855566504,0.7381533142193423,-0.2702662464849004
W3O,-2.834352,-1.419668,-1.3011806432220234,-1.2732848981403375,0.7381533142193423,-0.2702662464849004
W3O,-1.129744,-1.449458,-1.2399248728666097,-1.2118199907316936,0.7381533142193423,-0.2702662464849004
W3O,-2.340126,-2.005831,-1.4795946220912775,-1.1343098338471853,0.7381533142193423,-0.2702662464849004
W3O,1.247481,0.034109,-1.2944652886482524,-1.2468805952967885,0.7381533142193423,-0.2702662464849004
W3O,-2.407081,-3.374976,-1.460928800584151,-1.2382128886817987,0.7381533142193423,-0.2702662464849004
W3O,-1.046092,-1.018882,-1.4378107532238595,-1.2438107678164168,0.7381533142193423,-0.2702662464849004
W3O,-1.105807,-2.924222,-1.7470102979551625,-1.2450075012200799,0.7381533142193423,-0.2702662464849004
W3O,3.389191,-0.545118,-1.5113616412001114,-1.1605790736841775,0.7381533142193423,-0.2702662464849004
W3O,1.494607,0.12054,-1.7594158926596122,-1.2420671317029384,0.7381533142193423,-0.2702662464849004
W3O,-0.376641,0.249089,-1.4746406090243864,-1.200480952165079,0.7381533142193423,-0.2702662464849004
W3O,-1.464909,-1.095567,-1.4489924993061039,-1.2284604121566172,0.7381533142193423,-0.2702662464849004
W3O,-1.306501,-1.908235,-1.5618440573684615,-1.232482860488713,0.7381533142193423,-0.2702662464849004
W3O,-1.259144,-1.453275,-1.4795946220912775,-1.1343098338471853,0.7381533142193423,-0.2702662464849004
W3O,-1.12085,0.224361,-1.1804206860093573,-1.2208233558189192,0.7381533142193423,-0.2702662464849004
W3O,-0.517767,-1.193981,-1.2569887472287697,-1.1841658146247684,0.7381533142193423,-0.2702662464849004
W3O,-2.10814,-1.617162,-1.2365362372096749,-1.2946851389436982,0.7381533142193423,-0.2702662464849004
W3O,-0.172763,0.047758,-1.401231988187903,-0.9417587275683034,0.7381533142193423,-0.2702662464849004
W3O,-3.524282,-1.626071,-1.5702243543615928,-1.1776690035769353,0.7381533142193423,-0.2702662464849004
W3O,-2.406437,-2.984337,-1.5245166533848697,-1.2559327887307656,0.7381533142193423,-0.2702662464849004
W3O,-3.168943,-2.762458,-1.5276926670259103,-1.228996353173374,0.7381533142193423,-0.2702662464849004
W3O,-3.200753,-0.762625,-1.5565954839691318,-1.1739925892015484,0.7381533142193423,-0.2702662464849004
W3O,-0.680265,0.020757,-1.5048277824731808,-1.0586887126802547,0.7381533142193423,-0.2702662464849004
W3O,-0.01177,0.987403,-1.390139122064408,-1.0627844707041971,0.7381533142193423,-0.2702662464849004
W3O,-0.864135,3.893303,-1.553685359338378,-1.1687084772340952,0.7381533142193423,-0.2702662464849004
W3O,-3.539371,0.194218,-1.828695225625845,-1.2666196179905513,0.7381533142193423,-0.2702662464849004
W3O,-2.741501,0.405656,-1.457300795615516,-1.0453837781731046,0.7381533142193423,-0.2702662464849004
W3O,-1.730581,1.051487,-1.4747577314955609,-1.1655419333953905,0.7381533142193423,-0.2702662464849004
W3O,-2.649864,3.726779,-1.8036191519395386,-1.2030051922440719,0.7381533142193423,-0.2702662464849004
W3O,-1.749465,2.615262,-1.7543366644643876,-1.2356727542314678,0.7381533142193423,-0.2702662464849004
W3O,-1.95784,0.461631,-1.778044630563796,-1.1873725859930213,0.7381533142193423,-0.2702662464849004
W3O,-1.529855,0.984282,-1.8509493631242764,-1.2077483780318048,0.7381533142193423,-0.2702662464849004
W3O,-0.300913,-0.313318,-1.3872358230831672,-1.2032846878089989,0.7381533142193423,-0.2702662464849004
W3O,-3.402373,0.90082,-1.3698137970908189,-1.1780733216219523,0.7381533142193423,-0.2702662464849004
W3O,-4.560653,1.167488,-1.4489924993061039,-1.2284604121566172,0.7381533142193423,-0.2702662464849004
W3O,-0.883308,-3.081961,-1.5565954839691318,-1.1739925892015484,0.7381533142193423,-0.2702662464849004
W3O,-3.912101,0.360484,-1.4744289137136641,-1.1715345167468834,0.7381533142193423,-0.2702662464849004
W3O,-4.973866,-1.275893,-1.2745875680450849,-0.8962523974944165,0.7381533142193423,-0.2702662464849004
W3O,-0.032671,-1.087573,-1.7470102979551625,-1.2450075012200799,0.7381533142193423,-0.2702662464849004
W3O,-2.377639,-0.675404,-1.5565954839691318,-1.1739925892015484,0.7381533142193423,-0.2702662464849004
W3O,-2.677086,1.350784,-1.7470102979551625,-1.2450075012200799,0.7381533142193423,-0.2702662464849004
W3O,-2.536131,-2.329569,-1.3518114491473006,-1.23844352610156,0.7381533142193423,-0.2702662464849004
W3O,-2.774625,0.865185,-1.4239034487364217,-1.272335169044109,0.7381533142193423,-0.2702662464849004
W3O,0.198332,-1.759253,-1.477967963056556,-1.2302510460809901,0.7381533142193423,-0.2702662464849004
W3O,-1.098866,-2.991589,-1.2663892079830616,-1.1422181863870073,0.7381533142193423,-0.2702662464849004
W3O,-4.251738,-0.881561,-1.2173646995490068,-1.297488874587618,0.7381533142193423,-0.2702662464849004
W3O,-1.795673,-1.233061,-1.3053999509711056,-1.2115584308941856,0.7381533142193423,-0.2702662464849004
W3O,-2.028298,-1.822613,-1.195125032557088,-1.1407761608472342,0.7381533142193423,-0.2702662464849004
W3O,-2.902857,-1.962725,-1.3331059507737681,-1.066955508028637,0.7381533142193423,-0.2702662464849004
W3O,-1.471731,-6.810207,-1.8187485009767992,-0.9958708435698493,0.7381533142193423,-0.2702662464849004
W3O,-4.78908,-6.17541,-1.3331059507737681,-1.066955508028637,0.7381533142193423,-0.2702662464849004
W3O,-3.379537,-5.239666,-1.9071463886706788,-1.3077177522334507,0.7381533142193423,-0.2702662464849004
W3O,-2.546861,-2.32896,-1.8712191040089048,-1.3017458137783118,0.7381533142193423,-0.2702662464849004
W3O,-2.740065,-3.836047,-1.8411697422765867,-1.3123427163670178,0.7381533142193423,-0.2702662464849004
W3O,-3.210903,-2.268941,-1.7470102979551625,-1.2450075012200799,0.7381533142193423,-0.2702662464849004
W3O,-1.151218,-1.827753,-1.8803441791057787,-1.2581694169733995,0.7381533142193423,-0.2702662464849004
W3O,-0.53831,-2.029977,-1.778044630563796,-1.1873725859930213,0.7381533142193423,-0.2702662464849004
W3O,-1.69814,-0.93722,-1.4747577314955609,-1.1655419333953905,0.7381533142193423,-0.2702662464849004
W3O,-2.296291,-3.035238,-1.8036191519395386,-1.2030051922440719,0.7381533142193423,-0.2702662464849004
W3O,-0.839102,-2.492876,-1.8193050073169847,-1.2602252405190812,0.7381533142193423,-0.2702662464849004
W3O,-0.245677,-0.19367,-1.5373723766378165,-1.230234787930128,0.7381533142193423,-0.2702662464849004
W3O,-1.879662,-2.333348,-1.7095579471872964,-1.2655840312458786,0.7381533142193423,-0.2702662464849004
W3O,-1.022997,0.620645,-1.5618871911029681,-1.1752310239583024,0.7381533142193423,-0.2702662464849004
W3O,-2.108453,-1.527847,-1.468842013626983,-1.1961301175411647,0.7381533142193423,-0.2702662464849004
W3O,-2.80942,-1.454569,-1.495804641631274,-1.1394697483425247,0.7381533142193423,-0.2702662464849004
W3O,-2.618257,-4.345259,-1.557417829298683,-1.217931163250965,0.7381533142193423,-0.2702662464849004
W3O,-0.257456,-3.150975,-1.5628769620345857,-1.2127567981432148,0.7381533142193423,-0.2702662464849004
W3O,-2.288993,-1.863625,-1.460928800584151,-1.2382128886817987,0.7381533142193423,-0.2702662464849004
W3O,-3.157274,-3.031013,-1.4378107532238595,-1.2438107678164168,0.7381533142193423,-0.2702662464849004
W3O,-2.217661,-1.744891,-1.3936665854943142,-1.2295786657702537,0.7381533142193423,-0.2702662464849004
W3O,-1.315726,-4.062009,-1.3936665854943142,-1.2295786657702537,0.7381533142193423,-0.2702662464849004
W3O,0.155787,0.051432,-1.2461317940164247,-1.2425631847929195,0.7381533142193423,-0.2702662464849004
W3O,-1.695971,-2.131694,-1.2659803663759959,-1.2515855108140637,0.7381533142193423,-0.2702662464849004
W3O,0.613203,2.894142,-1.2723080130497324,-0.9033156387081993,0.7381533142193423,-0.2702662464849004
W3O,-3.037872,0.020642,-1.2448633713529065,-1.2288816738990544,0.7381533142193423,-0.2702662464849004
W3O,-0.065833,-1.766582,-1.6642795386921663,-0.9743168448580335,0.7381533142193423,-0.2702662464849004
W3O,0.91578,0.16456,-1.5598758848205916,-1.2538732473799616,0.7381533142193423,-0.2702662464849004
W3O,-2.919297,-2.821278,-1.3190692428203419,-1.1006556925942979,0.7381533142193423,-0.2702662464849004
W3O,1.563784,1.813262,-1.2489823333869798,-1.264672643119053,0.7381533142193423,-0.2702662464849004
W3O,-0.956183,-2.184851,-1.2929235336158682,-1.2586013322654013,0.7381533142193423,-0.2702662464849004
W3O,0.305959,-1.664903,-1.2299086654060762,-1.3092368361814468,0.7381533142193423,-0.2702662464849004
W3O,2.750707,-0.69863,-1.2625348920982609,-1.2965583404325915,0.7381533142193423,-0.2702662464849004
W3O,0.285487,-0.413579,-1.6367281818940964,-1.2626918303289865,0.7381533142193423,-0.2702662464849004
W3O,-0.113542,-3.270766,-1.351481059748232,-1.2642815330531116,0.7381533142193423,-0.2702662464849004
W3O,-0.426843,-0.350818,-1.8832532298168738,-1.2769371744196751,0.7381533142193423,-0.2702662464849004
W3O,-1.328255,-1.248433,-1.557417829298683,-1.217931163250965,0.7381533142193423,-0.2702662464849004
W3O,-0.216663,-0.820398,-1.351481059748232,-1.2642815330531116,0.7381533142193423,-0.2702662464849004
W3O,-1.548197,-0.097407,-1.724195074055389,-0.9975108644413825,0.7381533142193423,-0.2702662464849004
W3O,2.193792,3.239742,-1.2625348920982609,-1.2965583404325915,0.7381533142193423,-0.2702662464849004
W3O,0.241659,0.805585,-1.3011806432220234,-1.2732848981403375,0.7381533142193423,-0.2702662464849004
W3O,2.066487,-0.04587,-1.4983401857254257,-1.2061908494581322,0.7381533142193423,-0.2702662464849004
W3O,-1.585793,-1.233813,-1.2905577285159002,-1.3071710872220452,0.7381533142193423,-0.2702662464849004
W3O,-2.329676,-0.968343,-1.2787057541474958,-1.2861731237920966,0.7381533142193423,-0.2702662464849004
W3O,-2.587475,0.653643,-1.253293037585115,-1.1771836401868554,0.7381533142193423,-0.2702662464849004
W3O,-1.803846,-0.239165,-1.236227502228785,-1.1386292258325665,0.7381533142193423,-0.2702662464849004
W3O,-3.461736,0.044703,-1.2837096911834143,-1.3045163685249364,0.7381533142193423,-0.2702662464849004
W3O,-2.259614,-1.061617,-1.1292920231621413,-1.3415447505723894,0.7381533142193423,-0.2702662464849004
W3O,-2.153883,-1.000646,-1.2023049737039648,-1.0517081955075407,0.7381533142193423,-0.2702662464849004
W3O,-2.249528,-1.452866,-1.1803631351156787,-1.1869918541375566,0.7381533142193423,-0.2702662464849004
W3O,-2.250096,0.433572,-1.4795946220912775,-1.1343098338471853,0.7381533142193423,-0.2702662464849004
W3O,-1.573722,1.064907,-1.4844834225133936,-1.2209606352436033,0.7381533142193423,-0.2702662464849004
W3O,-1.78521,0.183939,-1.295358662317897,-1.2285373505639492,0.7381533142193423,-0.2702662464849004
W3O,-1.979403,-2.573254,-1.490575427661694,-1.120823786311468,0.7381533142193423,-0.2702662464849004
W3O,-2.030837,-2.246631,-1.5623054691284681,-1.1864968125125273,0.7381533142193423,-0.2702662464849004
W3O,-2.873179,-1.629545,-1.5618440573684615,-1.232482860488713,0.7381533142193423,-0.2702662464849004
W3O,-1.417457,2.205739,-1.806761241943351,-0.9266227039038766,0.7381533142193423,-0.2702662464849004
W3O,-3.255632,0.356706,-1.752577797852039,-0.8967960792674393,0.7381533142193423,-0.2702662464849004
W3O,-3.732142,2.203188,-1.6163635518598398,-1.2061934536695003,0.7381533142193423,-0.2702662464849004
W3O,-2.892351,0.782571,-1.4690963287914305,-0.9197722455314257,0.7381533142193423,-0.2702662464849004
W3O,-1.690854,-0.14512,-1.791452188077471,-1.0188577233576543,0.7381533142193423,-0.2702662464849004
W3O,-3.168823,0.842913,-0.7900699890669866,-1.294656492746342,0.7381533142193423,-0.2702662464849004
W3O,-1.976762,0.886867,-1.2972491527137862,-1.157473436875002,0.7381533142193423,-0.2702662464849004
W3O,-1.042187,2.463491,-0.7565762793933853,-1.2479794134842017,0.7381533142193423,-0.2702662464849004
W3O,-1.015476,-0.953647,-1.2232092435521882,-1.1468431635953558,0.7381533142193423,-0.2702662464849004
W3O,-0.637101,-2.158315,-0.6516843303682203,-1.2004943503316183,0.7381533142193423,-0.2702662464849004
W3O,-1.311573,-2.566515,-0.6964147281076859,-1.2658178993960059,0.7381533142193423,-0.2702662464849004
W3O,0.476126,-0.089536,-1.5487513835028388,-1.6461319847930385,0.7381533142193423,-0.2702662464849004
W3O,-0.176937,-2.017005,-0.6426167092867467,-1.0967197200242929,0.7381533142193423,-0.2702662464849004
W3O,1.090551,-2.066631,-1.2046928291531969,-1.1565137037438014,0.7381533142193423,-0.2702662464849004
W3O,-1.303949,-1.104704,-1.626208759425831,-1.1671124474498946,0.7381533142193423,-0.2702662464849004
W3O,-0.438721,3.043153,-1.5390251829668824,-1.1274215578044517,0.7381533142193423,-0.2702662464849004
W3O,3.019699,1.953858,-1.4645876784156173,-1.0703858296082516,0.7381533142193423,-0.2702662464849004
W3O,-1.681801,-3.114769,-1.4032261210465853,-1.1992216832650469,0.7381533142193423,-0.2702662464849004
W3O,-1.223839,-2.727765,-1.4136082563961687,-1.0271004923442397,0.7381533142193423,-0.2702662464849004
W3O,-0.43372,1.614113,-1.7594158926596122,-1.2420671317029384,0.7381533142193423,-0.2702662464849004
W3O,-2.163318,-0.029002,-1.472110546666395,-1.2349829588808248,0.7381533142193423,-0.2702662464849004
W3O,-0.16618,-1.258588,-1.5370595242880964,-1.0199484275293906,0.7381533142193423,-0.2702662464849004
W3O,-2.320196,-0.611692,-1.4848064957498057,-1.2127567981432148,0.7381533142193423,-0.2702662464849004
W3O,-0.786361,-1.468951,-1.6161074579418482,-1.2394008896602093,0.7381533142193423,-0.2702662464849004
W3O,-1.466256,-3.584653,-1.5127228175266685,-1.1171269936362642,0.7381533142193423,-0.2702662464849004
W3O,-1.381342,-3.131825,-1.4378107532238595,-1.2438107678164168,0.7381533142193423,-0.2702662464849004
W3O,-1.177375,-0.676565,-1.4143868686507433,-1.0616662170905609,0.7381533142193423,-0.2702662464849004
W3O,0.012491,-0.197163,-1.419544590897421,-1.1726527703605194,0.7381533142193423,-0.2702662464849004
W3O,-0.541404,-0.188045,-1.3857442048056396,-1.2449290214300532,0.7381533142193423,-0.2702662464849004
W3O,-0.875664,-1.050881,-1.5245166533848697,-1.2559327887307656,0.7381533142193423,-0.2702662464849004
W3O,-2.086372,-1.897452,-1.5896194885847177,-1.157753034171389,0.7381533142193423,-0.2702662464849004
W3O,-1.578475,0.507069,-1.5896194885847177,-1.157753034171389,0.7381533142193423,-0.2702662464849004
W3O,-0.985498,-1.089295,-1.5373723766378165,-1.230234787930128,0.7381533142193423,-0.2702662464849004
W3O,-2.508998,-2.610164,-1.4403879286352361,-1.244184827136937,0.7381533142193423,-0.2702662464849004
W3O,-0.536181,-4.36299,-1.4515696747174802,-1.2337445241240703,0.7381533142193423,-0.2702662464849004
W3O,-2.711529,0.080252,-1.2905577285159002,-1.3071710872220452,0.7381533142193423,-0.2702662464849004
W3O,-3.049279,-1.31817,-1.245372186059179,-1.2011358005739345,0.7381533142193423,-0.2702662464849004
W3O,-3.303289,0.370573,-1.2489823333869798,-1.264672643119053,0.7381533142193423,-0.2702662464849004
W3O,-0.004848,0.350767,-1.4515696747174802,-1.2337445241240703,0.7381533142193423,-0.2702662464849004
W3O,-2.537681,-1.503481,-1.2496082230103793,-1.1863450440669088,0.7381533142193423,-0.2702662464849004
W3O,-1.748291,-0.019075,-1.4937477643402333,-1.220822502116873,0.7381533142193423,-0.2702662464849004
W3O,0.335318,-1.432165,-1.8712191040089048,-1.3017458137783118,0.7381533142193423,-0.2702662464849004
W3O,-0.343907,-2.398202,-1.5247825423951562,-1.223712241205921,0.7381533142193423,-0.2702662464849004
W3O,-0.322101,-1.539954,-1.766507011580688,-1.2630819180516837,0.7381533142193423,-0.2702662464849004
W3O,-2.128683,-2.453158,-1.4489924993061039,-1.2284604121566172,0.7381533142193423,-0.2702662464849004
W3O,-4.043477,-2.143545,-1.2659803663759959,-1.2515855108140637,0.7381533142193423,-0.2702662464849004
W3O,-2.694138,1.050373,-1.693254924201375,-1.267023747912592,0.7381533142193423,-0.2702662464849004
W3O,-7.471789,2.794981,-1.678097453914627,-1.0861879091911177,0.7381533142193423,-0.2702662464849004
W3O,-1.696838,0.223571,-1.6458748424406877,-1.0628765405977445,0.7381533142193423,-0.2702662464849004
W3O,-2.318819,2.826176,-1.327349028925612,-1.009279733777255,0.7381533142193423,-0.2702662464849004
W3O,-2.775671,-2.092729,-1.3092905564411468,-1.2425704732408571,0.7381533142193423,-0.2702662464849004
W3O,-4.505504,-1.369453,-1.1098752436038828,-1.0781137643907226,0.7381533142193423,-0.2702662464849004
W3O,0.189665,3.208401,-1.3123107495605335,-0.9050119766496202,0.7381533142193423,-0.2702662464849004
W3O,-4.172177,-0.048915,-1.0970185847842162,-0.8931863508817354,0.7381533142193423,-0.2702662464849004
W3O,-2.592528,0.564632,-1.2897963590185004,-1.2633217999219115,0.7381533142193423,-0.2702662464849004
W3O,-3.03791,-1.117896,-1.3161069083546466,-1.2495080893686814,0.7381533142193423,-0.2702662464849004
W2C,3.316249,1.913274,2.636051741790992,-0.5249735583959307,0.6253433159739005,-0.38853527489125184
W2C,4.255812,-0.30563,2.8860286666107675,-0.594067798219477,0.6253433159739005,-0.38853527489125184
W2C,1.962855,1.208877,2.649232147624863,-0.4791683330650533,0.6253433159739005,-0.38853527489125184
W2C,4.609182,1.270476,2.654203106416553,-0.4164392260529988,0.6253433159739005,-0.38853527489125184
W2C,-0.834935,-3.409469,2.695682354066788,-0.5116325636538845,0.6253433159739005,-0.38853527489125184
W2C,3.976593,-1.997576,2.677790399624309,-1.1424357419253701,0.6253433159739005,-0.38853527489125184
W2C,2.489808,2.8086,2.7624388586643547,-0.4703202426486615,0.6253433159739005,-0.38853527489125184
W2C,1.349073,1.679107,3.0782236827426015,-0.5155410340366848,0.6253433159739005,-0.38853527489125184
W2C,0.168935,0.897884,2.934899874945401,-0.43583957393781597,0.6253433159739005,-0.38853527489125184
W2C,0.117865,-3.407838,2.8044044359040985,-1.3112973615584858,0.6253433159739005,-0.38853527489125184
W2C,7.434968,2.784123,2.7398304646141307,-0.5082027065639582,0.6253433159739005,-0.38853527489125184
W2C,0.72537,-1.243421,2.586791494871075,-0.6114264274784674,0.6253433159739005,-0.38853527489125184
W2C,2.017115,3.393592,2.856201501169256,-0.5010364512075628,0.6253433159739005,-0.38853527489125184
W2C,1.191786,-1.560162,3.0782236827426015,-0.444269930766714,0.6253433159739005,-0.38853527489125184
W2C,0.29327,0.812678,2.797778166794717,-1.185845046413331,0.6253433159739005,-0.38853527489125184
W2C,8.685771,5.659827,3.2380515791055307,-1.598760160508003,0.6253433159739005,-0.38853527489125184
W2C,1.42583,-0.189353,2.9075266864596205,-0.4479876732566499,0.6253433159739005,-0.38853527489125184
W2C,2.474574,4.528452,2.8144604952381056,-0.31903427509794197,0.6253433159739005,-0.38853527489125184
W2C,0.111209,-3.619542,2.478832419703411,-0.34100303124508796,0.6253433159739005,-0.38853527489125184
W2C,2.573931,4.098637,2.8144604952381056,-0.31903427509794197,0.6253433159739005,-0.38853527489125184
W2C,-0.155127,-1.014757,2.636474844180986,-0.33014688545591414,0.6253433159739005,-0.38853527489125184
W2C,2.905583,-0.954395,2.636474844180986,-0.33014688545591414,0.6253433159739005,-0.38853527489125184
W2C,0.263585,-1.697139,2.512919486552235,-0.363075509763402,0.6253433159739005,-0.38853527489125184
W2C,0.270317,1.450231,2.556212617189667,-0.21160524748281215,0.6253433159739005,-0.38853527489125184
W2C,-0.496904,-0.872537,2.550209788640373,-0.24444938930505353,0.6253433159739005,-0.38853527489125184
W2C,4.014859,-1.419315,2.4272408172223483,-0.3161274803671498,0.6253433159739005,-0.38853527489125184
W2C,2.460269,-5.661865,2.4408860315255145,-0.44469514703898305,0.6253433159739005,-0.38853527489125184
W2C,4.207732,3.581565,2.5010537043458916,-0.4393696368718284,0.6253433159739005,-0.38853527489125184
W2C,-1.767645,2.905587,2.4314401993542494,-0.3541938601628681,0.6253433159739005,-0.38853527489125184
W2C,-0.092619,6.237148,2.6161962057416006,-0.42351082539860563,0.6253433159739005,-0.38853527489125184
W2C,4.185154,-0.033718,2.501147053564943,-0.348975266842649,0.6253433159739005,-0.38853527489125184
W2C,2.961838,-5.076463,2.653949573486849,-0.5121939313487746,0.6253433159739005,-0.38853527489125184
W2C,3.392546,-3.370807,2.5769699080547745,-0.4651320462304608,0.6253433159739005,-0.38853527489125184
W2C,2.823664,2.432423,2.7579642419008614,-0.9991849292247474,0.6253433159739005,-0.38853527489125184
W2C,1.48371,10.199406,2.6723793468982175,-0.48790678573173873,0.6253433159739005,-0.38853527489125184
W2C,3.259455,-2.682342,2.6631307737803596,-1.2324792684653116,0.6253433159739005,-0.38853527489125184
W2C,-2.040589,5.678182,2.8410344130957177,-1.4420057622042302,0.6253433159739005,-0.38853527489125184
W2C,3.220264,13.382358,2.7610527799689235,-0.45819711750381475,0.6253433159739005,-0.38853527489125184
W2C,5.842886,13.1216,2.62570966770764,-0.47923008229283426,0.6253433159739005,-0.38853527489125184
W2C,6.505133,11.610524,3.1442600233873748,-1.0609945292363123,0.6253433159739005,-0.38853527489125184
W2C,3.951903,9.210723,2.818410925163884,-1.519126307218181,0.6253433159739005,-0.38853527489125184
W2C,5.515419,2.346329,2.827219715204434,-1.3104329255146812,0.6253433159739005,-0.38853527489125184
W2C,3.720767,5.997977,2.7089268229052816,-0.4395278486523457,0.6253433159739005,-0.38853527489125184
W2C,-0.157232,11.632186,2.8271817159294197,-0.4432581153020927,0.6253433159739005,-0.38853527489125184
W2C,3.763612,5.426266,2.8202235805077525,-1.5040430180699462,0.6253433159739005,-0.38853527489125184
W2C,5.131781,0.995189,2.7559977334061316,-0.24926258075627283,0.6253433159739005,-0.38853527489125184
W2C,8.061798,10.11556,3.1130070383497443,-0.40949179729092466,0.6253433159739005,-0.38853527489125184
W2C,-0.48934,6.170409,2.6791298903617244,-0.24573644134506112,0.6253433159739005,-0.38853527489125184
W2C,2.24377,6.14894,2.7060059980707996,-0.20139514168038933,0.6253433159739005,-0.38853527489125184
W2C,5.058169,7.462315,2.6860027776697364,-0.21327291039920582,0.6253433159739005,-0.38853527489125184
W2C,2.777633,7.491538,2.564491761575182,-0.2215927152122542,0.6253433159739005,-0.38853527489125184
W2C,4.870088,12.295101,2.6525338392060793,-0.43652148267427493,0.6253433159739005,-0.38853527489125184
W2C,3.790794,8.081335,2.5131920853897505,-0.19535558084424523,0.6253433159739005,-0.38853527489125184
W2C,4.316507,7.482166,2.4843263000632105,-0.2195392576433647,0.6253433159739005,-0.38853527489125184
W2C,5.437274,5.610149,2.4939330664042423,-0.48585366403213553,0.6253433159739005,-0.38853527489125184
W2C,3.39015,6.999055,2.720499232388225,-0.5515033250522298,0.6253433159739005,-0.38853527489125184
W2C,2.281326,3.780408,2.516815038610337,-0.22467347242742913,0.6253433159739005,-0.38853527489125184
W2C,5.277379,4.123501,2.58131161873034,-0.2046832143049879,0.6253433159739005,-0.38853527489125184
W2C,4.923427,2.915781,3.0853354968495257,-0.5144579022435486,0.6253433159739005,-0.38853527489125184
W2C,3.197914,6.742093,2.6728548163132104,-0.4086230889775345,0.6253433159739005,-0.38853527489125184
W2C,-2.901829,5.961562,2.7110886211833454,-0.4653269523256099,0.6253433159739005,-0.38853527489125184
W2C,-2.47651,5.111371,2.834533729354499,-0.4177509759443183,0.6253433159739005,-0.38853527489125184
W2C,-0.953911,8.507411,3.0742283815392124,-0.38353806641869637,0.6253433159739005,-0.38853527489125184
W2C,-5.368268,3.478684,2.641245264592363,-0.4300150766702498,0.6253433159739005,-0.38853527489125184
W2C,-0.4657,-3.542088,3.0124609745441946,-0.41453831723337925,0.6253433159739005,-0.38853527489125184
W2C,0.260801,1.093581,2.926053482505423,-0.4084177548790596,0.6253433159739005,-0.38853527489125184
W2C,1.395108,8.451972,2.648166347449313,-0.4086230889775345,0.6253433159739005,-0.38853527489125184
W2C,-0.047064,-7.160136,2.7715292880411324,-0.6797032013733205,0.6253433159739005,-0.38853527489125184
W2C,2.886676,-3.085309,3.0960227828887046,-1.7111657129131577,0.6253433159739005,-0.38853527489125184
W2C,0.605817,6.309054,2.8199226400137345,-1.041408216226413,0.6253433159739005,-0.38853527489125184
W2C,-1.317575,0.692195,2.902225170008637,-1.6606981668073149,0.6253433159739005,-0.38853527489125184
W2C,4.576957,-6.016638,2.9166378135084674,-1.7962338225049252,0.6253433159739005,-0.38853527489125184
W2C,6.349513,9.063219,2.8523763096211296,-1.5711292056085988,0.6253433159739005,-0.38853527489125184
W2C,2.823712,-1.920855,2.5695828143081334,-0.4655997094922656,0.6253433159739005,-0.38853527489125184
W2C,-1.610217,14.382585,2.739395650611211,-0.6213125324723562,0.6253433159739005,-0.38853527489125184
W2C,1.587419,2.179017,2.787716274674106,-1.523657534970437,0.6253433159739005,-0.38853527489125184
W2C,-0.570047,9.199967,3.2380515791055307,-1.598760160508003,0.6253433159739005,-0.38853527489125184
W2C,-1.96004,10.975668,2.6183225739609988,-0.4798300236349891,0.6253433159739005,-0.38853527489125184
W2C,-2.631564,-0.360474,2.6882901732653774,-0.46417403270804203,0.6253433159739005,-0.38853527489125184
W2C,3.608378,8.091708,2.7749563798741637,-0.38178141612572397,0.6253433159739005,-0.38853527489125184
W2C,-2.56711,4.937927,2.818410925163884,-1.2308245661445607,0.6253433159739005,-0.38853527489125184
W2C,-4.218274,5.433658,2.70549973107225,-0.6472727483079432,0.6253433159739005,-0.38853527489125184
W2C,-0.624005,11.658729,2.700306208270879,-0.6014230506951614,0.6253433159739005,-0.38853527489125184
W2C,0.025869,9.646057,3.0885687478392563,-0.48698004282988744,0.6253433159739005,-0.38853527489125184
W2C,4.202749,6.428221,2.631733199055053,-0.4173293893594901,0.6253433159739005,-0.38853527489125184
W2C,-0.347111,5.35864,2.549130504142144,-0.2591531103953873,0.6253433159739005,-0.38853527489125184
W2C,3.242532,7.621373,3.0174403074939957,-0.4641865923511886,0.6253433159739005,-0.38853527489125184
W2C,2.172251,4.701915,2.9310328154552248,-0.46013002900301275,0.6253433159739005,-0.38853527489125184
W2C,3.441223,11.304778,2.8167634069367855,-0.47928872391116156,0.6253433159739005,-0.38853527489125184
W2C,7.374711,2.954983,2.9829715678019855,-0.5501386039109408,0.6253433159739005,-0.38853527489125184
W2C,9.464305,5.2472,3.0379895981554887,-0.4080439133374998,0.6253433159739005,-0.38853527489125184
W2C,2.826705,11.004855,2.533369379239911,-0.383656075576801,0.6253433159739005,-0.38853527489125184
W2C,8.274131,11.956418,2.8167634069367855,-0.47928872391116156,0.6253433159739005,-0.38853527489125184
W2C,6.56083,8.0466,3.184630060354088,-0.5512907120321597,0.6253433159739005,-0.38853527489125184
W2C,8.785544,10.632515,3.0301519898860168,-0.4179364446427123,0.6253433159739005,-0.38853527489125184
W2C,-0.222142,2.918164,2.6860027776697364,-0.21327291039920582,0.6253433159739005,-0.38853527489125184
W2C,-0.810364,3.364616,2.5449240425759507,-0.20728849330315838,0.6253433159739005,-0.38853527489125184
W2C,1.368434,4.859246,2.659454922063029,-0.4237602833701794,0.6253433159739005,-0.38853527489125184
W2C,5.219276,6.225307,2.8009773440710672,-1.518606164374999,0.6253433159739005,-0.38853527489125184
W2C,2.499452,6.48043,2.6896564159105907,-1.2617869856287738,0.6253433159739005,-0.38853527489125184
W2C,4.36297,5.648915,2.590868709261465,-0.524805278789308,0.6253433159739005,-0.38853527489125184
W2C,1.79689,8.607721,2.795234171149837,-1.0249205301016198,0.6253433159739005,-0.38853527489125184
W2C,-2.89507,4.565897,3.174143853155821,-1.6309113201771186,0.6253433159739005,-0.38853527489125184
W2C,1.162126,-1.513827,2.8009773440710672,-1.518606164374999,0.6253433159739005,-0.38853527489125184
W2C,-0.980001,4.546298,2.6429728246479414,-0.56430667443768,0.6253433159739005,-0.38853527489125184
W2C,-0.33089,6.306508,3.1362569072424114,-1.246324550730829,0.6253433159739005,-0.38853527489125184
W2C,-2.003181,2.17111,2.511170701322278,-0.38826118259302916,0.6253433159739005,-0.38853527489125184
W2C,1.83232,4.498,2.8476562413346196,-0.5855424472846344,0.6253433159739005,-0.38853527489125184
W2C,-2.441451,-4.211096,2.659454922063029,-0.4237602833701794,0.6253433159739005,-0.38853527489125184
W2C,-0.912177,4.319196,2.578605813445443,-0.4391921483220608,0.6253433159739005,-0.38853527489125184
W2C,-0.89793,7.030811,2.636051741790992,-0.5249735583959307,0.6253433159739005,-0.38853527489125184
W2C,1.619206,3.873871,2.810010618027172,-0.44279460465847337,0.6253433159739005,-0.38853527489125184
W2C,-0.704377,5.323144,2.637482100694932,-0.48718664695714425,0.6253433159739005,-0.38853527489125184
W2C,3.030934,4.184272,2.6429728246479414,-0.5574924759207336,0.6253433159739005,-0.38853527489125184
W2C,1.923808,8.946533,2.659454922063029,-0.3962182991924625,0.6253433159739005,-0.38853527489125184
W2C,3.592682,1.663147,2.615145080776039,-0.4819947779958102,0.6253433159739005,-0.38853527489125184
W2C,0.805519,5.750749,2.764738624876355,-0.631152669951334,0.6253433159739005,-0.38853527489125184
W2C,-1.329571,0.670552,2.6878781305939987,-1.0161545231867108,0.6253433159739005,-0.38853527489125184
W2C,2.67615,8.54656,2.590644435443728,-0.4416285010093945,0.6253433159739005,-0.38853527489125184
W2C,-2.516012,2.334218,2.5016617699662906,-0.1925600313403988,0.6253433159739005,-0.38853527489125184
W2C,1.009877,2.245345,2.549130504142144,-0.2361489535684327,0.6253433159739005,-0.38853527489125184
W2C,0.416999,0.906103,2.4812996709408526,-0.21944201672243105,0.6253433159739005,-0.38853527489125184
W2C,-2.148316,-2.274372,2.4255295137233706,-0.18508728737065283,0.6253433159739005,-0.38853527489125184
W2C,-1.089782,-2.21178,2.638997120046174,-0.335717054595096,0.6253433159739005,-0.38853527489125184
W2C,-2.580038,0.261682,2.6738984831538355,-0.2487576990749132,0.6253433159739005,-0.38853527489125184
W2C,-5.651471,-4.530866,2.489959676067426,-0.18649496383360817,0.6253433159739005,-0.38853527489125184
W2C,-2.454335,-1.408641,2.6708718540314775,-0.24042790673118627,0.6253433159739005,-0.38853527489125184
W2C,-1.026744,4.292224,2.666317550798772,-0.1909918310533374,0.6253433159739005,-0.38853527489125184
W2C,-5.395065,1.30357,2.5261528968754217,-0.20754073250630875,0.6253433159739005,-0.38853527489125184
W2C,-3.21619,-1.365319,2.4887009584806195,-0.18037487967833532,0.6253433159739005,-0.38853527489125184
W2C,-2.636041,-3.184267,2.6060734266701897,-0.4108913506534046,0.6253433159739005,-0.38853527489125184
W2C,-0.106081,-0.057593,2.532305200109829,-0.4582767345917628,0.6253433159739005,-0.38853527489125184
W2C,-1.637944,2.820076,2.8031640414200996,-1.1242908287960665,0.6253433159739005,-0.38853527489125184
W2C,3.515748,2.20331,2.575780336188898,-0.22625745229618882,0.6253433159739005,-0.38853527489125184
W2C,-1.778197,1.868098,2.3760204701340615,-0.28038585268327876,0.6253433159739005,-0.38853527489125184
W2C,-5.797933,0.087469,2.570242875919234,-0.4363476288460685,0.6253433159739005,-0.38853527489125184
W2C,0.157977,-3.175712,2.672478464398976,-0.43345223202031613,0.6253433159739005,-0.38853527489125184
W2C,-0.812361,-2.160582,2.5585603911781662,-0.33521559293791586,0.6253433159739005,-0.38853527489125184
W2C,-4.356769,-3.722669,2.647028490629899,-0.46166280867635795,0.6253433159739005,-0.38853527489125184
W2C,1.721194,-0.485204,2.473972235459397,-0.18599055159993266,0.6253433159739005,-0.38853527489125184
W2C,-0.221231,2.650219,2.7735515913347686,-0.5953396559817453,0.6253433159739005,-0.38853527489125184
W2C,-2.545529,10.618282,2.7385080213678576,-0.4422350941705849,0.6253433159739005,-0.38853527489125184
W2C,-0.274048,4.182449,2.5050716582337818,-0.25828186707343903,0.6253433159739005,-0.38853527489125184
W2C,-0.192558,4.668954,2.6281218715207295,-0.39460637559570055,0.6253433159739005,-0.38853527489125184
W2C,-6.285666,3.910365,2.6184686189936466,-0.39393508009345096,0.6253433159739005,-0.38853527489125184
W2C,-0.725158,10.447796,2.7609498906143783,-0.4316937162215344,0.6253433159739005,-0.38853527489125184
W2C,0.602983,6.353865,2.578605813445443,-0.44802136988566765,0.6253433159739005,-0.38853527489125184
W2C,2.578839,0.68271,2.4812996709408526,-0.21944201672243105,0.6253433159739005,-0.38853527489125184
W2C,2.073728,4.294514,2.445558414878725,-0.337132915349725,0.6253433159739005,-0.38853527489125184
W2C,-4.146299,5.563512,2.5887423410420665,-0.4698586667415681,0.6253433159739005,-0.38853527489125184
W2C,0.483379,8.794035,2.670327893150077,-0.47923008229283426,0.6253433159739005,-0.38853527489125184
W2C,3.446206,6.091726,2.58754520551583,-0.5338310608830238,0.6253433159739005,-0.38853527489125184
W2C,-2.023301,2.763853,2.4402582367445933,-0.18280725684424526,0.6253433159739005,-0.38853527489125184
W2C,3.77877,3.137144,2.532305200109829,-0.4582767345917628,0.6253433159739005,-0.38853527489125184
W2C,2.123939,4.514904,2.575780336188898,-0.23705353660856332,0.6253433159739005,-0.38853527489125184
W2C,6.794627,12.252634,2.8098249801860855,-0.509944811767355,0.6253433159739005,-0.38853527489125184
W2C,-0.266104,9.338955,2.5574908452781284,-0.4731600807542703,0.6253433159739005,-0.38853527489125184
W2C,7.655941,10.172126,2.9829715678019855,-0.5501386039109408,0.6253433159739005,-0.38853527489125184
W2C,6.678173,2.916457,3.0782236827426015,-0.444269930766714,0.6253433159739005,-0.38853527489125184
W2C,2.48113,8.713921,2.726402253996046,-0.5066122223872207,0.6253433159739005,-0.38853527489125184
W2C,0.3432,10.777724,3.1143234410167264,-0.5180830237855076,0.6253433159739005,-0.38853527489125184
W2C,2.7671,-0.455382,2.9589989954010387,-0.4003793301555857,0.6253433159739005,-0.38853527489125184
W2C,0.151877,3.153628,2.7062717068873123,-0.462213853386396,0.6253433159739005,-0.38853527489125184
W2C,0.039841,3.171161,3.0301519898860168,-0.4179364446427123,0.6253433159739005,-0.38853527489125184
W2C,2.924007,-0.062463,2.4509192621308955,-0.3541938601628681,0.6253433159739005,-0.38853527489125184
W2C,3.518913,4.625337,2.641245264592363,-0.6283580070903064,0.6253433159739005,-0.38853527489125184
W2C,1.240707,3.18101,2.7766796596828085,-0.4799915998704251,0.6253433159739005,-0.38853527489125184
W2C,5.435168,1.69232,2.659454922063029,-0.44267147915927635,0.6253433159739005,-0.38853527489125184
W2C,2.556014,4.635443,3.12026606200969,-0.46501793876751313,0.6253433159739005,-0.38853527489125184
W2C,6.645535,8.96825,3.142883176351793,-1.3717768658759832,0.6253433159739005,-0.38853527489125184
W2C,3.301196,9.694215,2.827416039874272,-0.28648130231030283,0.6253433159739005,-0.38853527489125184
W2C,4.086414,12.049446,3.140638428714467,-0.41579421224122065,0.6253433159739005,-0.38853527489125184
W2C,6.460021,2.393074,2.631733199055053,-0.4173293893594901,0.6253433159739005,-0.38853527489125184
W2C,5.920652,9.377825,2.515898557039369,-0.21136570682144093,0.6253433159739005,-0.38853527489125184
W2C,2.279452,1.57039,2.4996875574962485,-0.1890938984624811,0.6253433159739005,-0.38853527489125184
W2C,4.727071,7.224412,2.8031640414200996,-1.3478242944602448,0.6253433159739005,-0.38853527489125184
W2C,2.250119,-0.649229,2.636051741790992,-0.5249735583959307,0.6253433159739005,-0.38853527489125184
W2C,2.417961,3.627529,2.842787676754965,-1.0590217902715198,0.6253433159739005,-0.38853527489125184
W2C,4.141955,0.247794,2.5887423410420665,-0.46370242226151637,0.6253433159739005,-0.38853527489125184
W2C,-0.780626,-3.211637,2.9733821082656555,-1.6920693708893482,0.6253433159739005,-0.38853527489125184
W2C,0.689433,-3.295231,2.6904165414847756,-0.5022051573196132,0.6253433159739005,-0.38853527489125184
W2C,-0.509912,-3.751657,2.7118774664731338,-1.068269371958665,0.6253433159739005,-0.38853527489125184
W2C,-1.422628,3.388269,2.654203106416553,-0.43482398470781636,0.6253433159739005,-0.38853527489125184
W2C,-1.212861,12.094054,2.7681657167093863,-0.4203225635797362,0.6253433159739005,-0.38853527489125184
W2C,1.542877,-0.497389,2.7089268229052816,-0.39237236754630006,0.6253433159739005,-0.38853527489125184
W2C,-1.315878,-3.158876,2.547734191336292,-0.3900051563704541,0.6253433159739005,-0.38853527489125184
W2C,2.647954,0.667618,2.5547638801463592,-0.2109448775758906,0.6253433159739005,-0.38853527489125184
W2C,3.077825,-1.522302,2.9736891239571714,-1.5114583432110396,0.6253433159739005,-0.38853527489125184
W2C,1.7813,2.938187,2.792207187732136,-1.2564561420133904,0.6253433159739005,-0.38853527489125184
W2C,2.166785,6.309589,2.59425214510917,-0.4789897245915476,0.6253433159739005,-0.38853527489125184
S2C,0.199663,-4.201485,1.5364348069186011,0.3461960267807534,0.5818739582925636,-0.3471224098581214
S2C,3.788822,0.529217,2.32780339754348,0.41113860107417743,0.5818739582925636,-0.3471224098581214
S2C,4.143116,4.415875,1.397551165394333,0.3632420176749759,0.5818739582925636,-0.3471224098581214
S2C,2.139259,-3.127956,1.527181284253518,0.34952866558363405,0.5818739582925636,-0.3471224098581214
S2C,3.088346,-2.433754,1.5486518220375671,0.3229512959255002,0.5818739582925636,-0.3471224098581214
S2C,1.353665,2.117923,1.5246640405529952,0.15853085149655727,0.5818739582925636,-0.3471224098581214
S2C,2.98358,-9.906345,1.5593530297763198,0.2642974274367212,0.5818739582925636,-0.3471224098581214
S2C,3.009412,0.550951,1.2706603048075285,0.32538402501395636,0.5818739582925636,-0.3471224098581214
S2C,2.001168,0.429352,1.3705859174688535,0.3632420176749759,0.5818739582925636,-0.3471224098581214
S2C,2.227263,-2.809234,1.5364348069186011,0.3461960267807534,0.5818739582925636,-0.3471224098581214
S2C,5.135089,-4.893463,1.5593530297763198,0.26988599750745773,0.5818739582925636,-0.3471224098581214
S2C,5.219231,-5.690718,1.5905237808422552,0.27238169301367976,0.5818739582925636,-0.3471224098581214
S2C,4.332089,-2.33663,1.5624150430156722,0.2250806961436277,0.5818739582925636,-0.3471224098581214
S2C,3.681203,1.863573,1.9196006442957703,0.30108783750866924,0.5818739582925636,-0.3471224098581214
S2C,6.448145,13.382575,1.6093385155399453,0.22448749011761918,0.5818739582925636,-0.3471224098581214
S2C,7.193542,2.758901,2.7131613696847543,0.3398582924142613,0.5818739582925636,-0.3471224098581214
S2C,7.992254,-1.873814,1.5532211738533859,0.2053839667297611,0.5818739582925636,-0.3471224098581214
S2C,2.218423,-1.346518,2.1943960189539977,0.4338656995068082,0.5818739582925636,-0.3471224098581214
S2C,3.506179,-3.328006,2.32780339754348,0.41113860107417743,0.5818739582925636,-0.3471224098581214
S2C,4.300867,0.444463,2.16975050642561,0.4243255036383336,0.5818739582925636,-0.3471224098581214
S2C,-1.458714,0.747708,2.3120051062363816,0.4325311622828999,0.5818739582925636,-0.3471224098581214
S2C,4.892098,-2.3348,2.279229215265718,0.34605391954947085,0.5818739582925636,-0.3471224098581214
S2C,-0.515493,2.290551,1.2676557899138627,0.30997545846383984,0.5818739582925636,-0.3471224098581214
S2C,-1.429654,2.118986,1.2799170850361208,0.3382697906264256,0.5818739582925636,-0.3471224098581214
S2C,2.542186,0.666657,1.8243753867173398,0.35563720954286476,0.5818739582925636,-0.3471224098581214
S2C,1.411703,5.239991,2.3120051062363816,0.4325311622828999,0.5818739582925636,-0.3471224098581214
S2C,0.405675,3.633726,1.685444687775682,0.3617727228961137,0.5818739582925636,-0.3471224098581214
S2C,2.514524,3.034556,1.5410041587344203,0.2921276945767084,0.5818739582925636,-0.3471224098581214
S2C,-3.077066,1.642847,1.4364549828837827,0.32500909932899863,0.5818739582925636,-0.3471224098581214
S2C,-0.795849,3.902559,1.5672423929330201,0.3255212226053603,0.5818739582925636,-0.3471224098581214
S2C,2.282199,0.067446,1.271985906598846,0.3406383952705758,0.5818739582925636,-0.3471224098581214
S2C,1.12134,-0.849187,1.485938947239914,0.3283903284401237,0.5818739582925636,-0.3471224098581214
S2C,2.180898,-1.53415,1.57535472536426,0.32753874654559484,0.5818739582925636,-0.3471224098581214
S2C,6.360712,1.645136,1.452781659026012,0.27306879142713897,0.5818739582925636,-0.3471224098581214
S2C,4.61601,-2.933101,1.5486518220375671,0.29286671289536703,0.5818739582925636,-0.3471224098581214
S2C,4.860657,7.299748,1.5295157788886287,0.059875113753580726,0.5818739582925636,-0.3471224098581214
S2C,5.325921,0.196766,1.6581395749643695,0.3338993696420569,0.5818739582925636,-0.3471224098581214
S2C,3.327749,-1.532006,1.8779667121486057,0.2863181605392553,0.5818739582925636,-0.3471224098581214
S2C,5.307641,0.063855,1.5364348069186011,0.34068168788365494,0.5818739582925636,-0.3471224098581214
S2C,4.18339,0.652018,1.6089120855761678,0.2850004226431723,0.5818739582925636,-0.3471224098581214
S2C,-1.121244,2.146201,1.5410041587344203,0.2921276945767084,0.5818739582925636,-0.3471224098581214
S2C,-1.488112,-1.962986,1.5694092377630935,0.27576419422453485,0.5818739582925636,-0.3471224098581214
S2C,0.913313,2.042357,1.8788618805578847,0.2513324816865345,0.5818739582925636,-0.3471224098581214
S2C,1.010488,-0.619682,1.5486518220375671,0.26988599750745773,0.5818739582925636,-0.3471224098581214
S2C,-0.784115,2.205278,1.5364348069186011,0.3461960267807534,0.5818739582925636,-0.3471224098581214
S2C,5.103295,0.544209,1.2836690580136794,0.27323714642986285,0.5818739582925636,-0.3471224098581214
S2C,4.197685,0.238218,1.2704729656599247,0.27944133130632165,0.5818739582925636,-0.3471224098581214
S2C,1.675277,0.950062,1.2423450856972043,0.3134069630761663,0.5818739582925636,-0.3471224098581214
S2C,0.392658,-1.834897,1.2799170850361208,0.24036464713720554,0.5818739582925636,-0.3471224098581214
S2C,2.22376,1.700395,1.2583583537970213,0.3048317804523711,0.5818739582925636,-0.3471224098581214
S2C,0.367676,-0.181516,1.2704729656599247,0.3112533911641342,0.5818739582925636,-0.3471224098581214
S2C,-0.686195,-3.872362,1.369033665998687,0.20602434533164485,0.5818739582925636,-0.3471224098581214
S2C,3.075397,-0.948482,1.377572303529551,0.2519917072189306,0.5818739582925636,-0.3471224098581214
S2C,3.192798,0.652204,1.2836690580136794,0.27323714642986285,0.5818739582925636,-0.3471224098581214
S2C,2.314898,-0.782711,1.625533248338426,0.316877908278319,0.5818739582925636,-0.3471224098581214
S2C,5.267518,0.211229,1.252991235066855,0.32607387099331664,0.5818739582925636,-0.3471224098581214
S2C,1.813245,-2.03798,1.6213071655667533,0.35078876918980323,0.5818739582925636,-0.3471224098581214
S2C,2.041085,1.230757,1.4686265645125312,0.3359773031025296,0.5818739582925636,-0.3471224098581214
S2C,-0.551186,-1.960137,2.212508784324519,0.4228535904406257,0.5818739582925636,-0.3471224098581214
S2C,1.492674,-2.756548,1.5198288927309402,0.34685247354639653,0.5818739582925636,-0.3471224098581214
S2C,5.213156,3.440108,1.268793308796281,0.3626769046168595,0.5818739582925636,-0.3471224098581214
S2C,1.416042,-0.20729,1.2799170850361208,0.31010666121624414,0.5818739582925636,-0.3471224098581214
S2C,3.220178,1.041325,1.2678887060676363,0.3714510161731784,0.5818739582925636,-0.3471224098581214
S2C,1.92171,-1.452527,0.8570792929276816,0.20037906729094918,0.5818739582925636,-0.3471224098581214
S2C,1.345519,-1.073936,1.2704729656599247,0.3076044607165033,0.5818739582925636,-0.3471224098581214
S2C,3.520255,-5.650489,1.4352708576162827,0.2929792764712373,0.5818739582925636,-0.3471224098581214
S2C,3.872704,-1.986966,1.377572303529551,0.2993954622183008,0.5818739582925636,-0.3471224098581214
S2C,-0.221636,1.01264,1.377572303529551,0.2993954622183008,0.5818739582925636,-0.3471224098581214
S2C,2.89264,-1.038609,1.5532211738533859,0.2995482936313775,0.5818739582925636,-0.3471224098581214
S2C,3.306871,-1.329911,1.5590579278267698,0.1902638045764918,0.5818739582925636,-0.3471224098581214
S2C,2.754844,2.619141,1.3742660531473563,0.2773247011585246,0.5818739582925636,-0.3471224098581214
S2C,4.484301,1.784691,1.8097941436563822,0.3576562237736718,0.5818739582925636,-0.3471224098581214
S2C,5.037611,3.572813,1.407790122656902,0.24883903349063105,0.5818739582925636,-0.3471224098581214
S2C,2.947564,-1.019389,1.5532211738533859,0.271385164221196,0.5818739582925636,-0.3471224098581214
S2C,1.906533,-1.34005,1.3950831049392807,0.3300607921282231,0.5818739582925636,-0.3471224098581214
S2C,1.856447,2.535981,1.400604452642144,0.18710133470856238,0.5818739582925636,-0.3471224098581214
S2C,1.997935,-0.675499,1.3611735143886434,0.16470406833252924,0.5818739582925636,-0.3471224098581214
S2C,4.918097,-1.398665,1.5410041587344203,0.2946298950764492,0.5818739582925636,-0.3471224098581214
S2C,3.695908,-0.447783,1.2706603048075285,0.32538402501395636,0.5818739582925636,-0.3471224098581214
S2C,1.17533,-3.798996,1.5544885760109506,0.2220414395617553,0.5818739582925636,-0.3471224098581214
S2C,3.191268,-3.946436,1.5501586069010869,0.2992468394297457,0.5818739582925636,-0.3471224098581214
S2C,3.453101,-3.12409,1.573819686605291,0.10826159035916681,0.5818739582925636,-0.3471224098581214
S2C,1.929293,-2.937496,1.5694092377630935,0.27941312467216584,0.5818739582925636,-0.3471224098581214
S2C,2.142033,-1.364524,1.8698140088638882,0.2806365700788752,0.5818739582925636,-0.3471224098581214
S2C,1.309011,1.327948,1.5905237808422552,0.28161919353204723,0.5818739582925636,-0.3471224098581214
S2C,0.503985,1.563207,1.6089120855761678,0.3289024517164854,0.5818739582925636,-0.3471224098581214
S2C,1.829109,1.957105,1.3582248150853053,0.35515775209801725,0.5818739582925636,-0.3471224098581214
S2C,-0.08277,2.612112,1.2544596975601081,0.31982857378792945,0.5818739582925636,-0.3471224098581214
S2C,3.105311,3.771336,1.3615590354297344,0.31161957528972695,0.5818739582925636,-0.3471224098581214
S2C,3.238186,-3.402153,1.2704729656599247,0.27944133130632165,0.5818739582925636,-0.3471224098581214
S2C,2.375757,-4.849105,1.415382070906729,0.36381893701511825,0.5818739582925636,-0.3471224098581214
S2C,2.765853,-1.567216,2.1975662250863737,0.4338656995068082,0.5818739582925636,-0.3471224098581214
S2C,3.371481,-0.853599,1.3532223353936916,0.3748322452843035,0.5818739582925636,-0.3471224098581214
S2C,1.4816,-4.095357,2.209338578192142,0.4292752011523889,0.5818739582925636,-0.3471224098581214
S2C,4.122383,-0.427243,1.3131052904393794,0.37076117019381805,0.5818739582925636,-0.3471224098581214
S2C,2.834913,0.225956,1.5504852069635624,0.3741371016097779,0.5818739582925636,-0.3471224098581214
S2C,2.421359,1.767359,1.8243753867173398,0.35563720954286476,0.5818739582925636,-0.3471224098581214
S2C,2.808422,1.566888,1.5493888219512286,0.36629513402111047,0.5818739582925636,-0.3471224098581214
S2C,3.958589,2.294372,1.2678887060676363,0.3769653550702768,0.5818739582925636,-0.3471224098581214
S2C,0.548928,1.024892,1.5493888219512286,0.36629513402111047,0.5818739582925636,-0.3471224098581214
S2C,2.584284,1.601882,2.1722408445890995,0.4243255036383336,0.5818739582925636,-0.3471224098581214
S2C,-1.345681,0.652023,1.7147822517242908,0.426427528136464,0.5818739582925636,-0.3471224098581214
S2C,-1.116654,-4.439614,1.2555972164425264,0.3633667505962198,0.5818739582925636,-0.3471224098581214
S2C,0.174366,3.256133,2.1731706542893225,0.42058008496380805,0.5818739582925636,-0.3471224098581214
S2C,-0.427374,-0.817454,1.5909355837816064,0.4183810143964423,0.5818739582925636,-0.3471224098581214
S2C,1.427957,1.622598,1.563761533993089,0.40535996463349155,0.5818739582925636,-0.3471224098581214
S2C,1.052132,2.402855,1.709076348511436,0.4214778306224088,0.5818739582925636,-0.3471224098581214
S2C,1.329925,-0.492633,2.170350813418407,0.4289160019927529,0.5818739582925636,-0.3471224098581214
S2C,1.06918,-1.962434,2.1682041421985154,0.4243255036383336,0.5818739582925636,-0.3471224098581214
S2C,2.574538,-2.951646,1.527181284253518,0.34952866558363405,0.5818739582925636,-0.3471224098581214
S2C,3.235595,-1.638417,1.7147822517242908,0.426427528136464,0.5818739582925636,-0.3471224098581214
S2C,2.616577,4.078012,1.281084798421391,0.36524683129671964,0.5818739582925636,-0.3471224098581214
S2C,2.699509,4.497478,2.170350813418407,0.4289160019927529,0.5818739582925636,-0.3471224098581214
S2C,0.938089,1.337753,1.7904914110476056,0.33631270497544086,0.5818739582925636,-0.3471224098581214
S2C,2.500764,0.981534,1.7273225280140325,0.3993993346383373,0.5818739582925636,-0.3471224098581214
S2C,1.661993,2.524649,2.1731706542893225,0.42058008496380805,0.5818739582925636,-0.3471224098581214
S2C,0.140476,-0.581665,2.1731706542893225,0.42058008496380805,0.5818739582925636,-0.3471224098581214
S2C,3.12278,0.365951,2.214305090282949,0.4255297824778632,0.5818739582925636,-0.3471224098581214
S2C,3.288808,0.445862,2.4998596148552346,0.4053373216655934,0.5818739582925636,-0.3471224098581214
S2C,3.125672,0.131386,1.2704729656599247,0.27944133130632165,0.5818739582925636,-0.3471224098581214
S2C,4.309918,-0.538301,2.2998188274205167,0.4018852185993284,0.5818739582925636,-0.3471224098581214
S2C,0.66162,-0.410208,2.1713743483308923,0.4243255036383336,0.5818739582925636,-0.3471224098581214
S2C,3.07223,3.471833,2.268723999022863,0.4229909664144253,0.5818739582925636,-0.3471224098581214
S2C,1.584457,-0.942337,2.1582280950511774,0.42517058331822727,0.5818739582925636,-0.3471224098581214
S2C,4.780836,-0.207739,1.556073262302282,0.40910538330801716,0.5818739582925636,-0.3471224098581214
S2C,5.551269,-1.05495,1.652538846949336,0.39840545349769263,0.5818739582925636,-0.3471224098581214
S2C,3.489327,-2.768955,1.4629192157714987,0.37307231948996733,0.5818739582925636,-0.3471224098581214
S2C,1.398427,-1.94756,1.625533248338426,0.316877908278319,0.5818739582925636,-0.3471224098581214
S2C,-0.709791,-1.337264,2.591082349385938,0.3870422883243954,0.5818739582925636,-0.3471224098581214
S2C,0.223119,1.166091,1.6579704385391083,0.3759741245560894,0.5818739582925636,-0.3471224098581214
S2C,1.32578,1.148409,1.4352708576162827,0.26481614706105555,0.5818739582925636,-0.3471224098581214
S2C,6.824581,0.993844,1.3902793212471733,0.24058638912454758,0.5818739582925636,-0.3471224098581214
S2C,4.84583,1.418234,1.5875717404832255,0.27491288664902913,0.5818739582925636,-0.3471224098581214
S2C,4.526379,-1.566276,1.5543553340420353,0.3625497153465849,0.5818739582925636,-0.3471224098581214
S2C,1.689325,1.674795,1.5550253778140541,0.34876595346061356,0.5818739582925636,-0.3471224098581214
S2C,3.92931,-0.985589,1.7884447388606262,0.3386157481791269,0.5818739582925636,-0.3471224098581214
S2C,2.089038,-1.540119,1.5486518220375671,0.2606484969890903,0.5818739582925636,-0.3471224098581214
S2C,1.056049,-4.004331,1.5697554051925984,0.163790707039797,0.5818739582925636,-0.3471224098581214
S2C,-0.805251,0.688446,1.388596818713671,0.14738774210172026,0.5818739582925636,-0.3471224098581214
S2C,3.493702,0.356146,1.6213071655667533,0.35078876918980323,0.5818739582925636,-0.3471224098581214
S2C,0.57027,1.592946,1.5423851692947392,0.2219336791656878,0.5818739582925636,-0.3471224098581214
S2C,2.633635,2.570183,1.4352708576162827,0.29662820691886815,0.5818739582925636,-0.3471224098581214
S2C,1.018525,7.427636,1.525880212204629,0.15853085149655727,0.5818739582925636,-0.3471224098581214
S2C,3.256798,5.403581,1.5713502805793866,0.2772132479982841,0.5818739582925636,-0.3471224098581214
S2C,4.976459,7.538765,2.623535698142573,-0.3281369152385115,0.5818739582925636,-0.3471224098581214
S2C,2.122751,10.390109,1.5955790249347637,0.3310355615024588,0.5818739582925636,-0.3471224098581214
S2C,0.58139,4.17073,1.2511254772156786,0.3688810894933182,0.5818739582925636,-0.3471224098581214
S2C,1.224068,1.444369,1.6110789304062412,0.2827943537832909,0.5818739582925636,-0.3471224098581214
S2C,-1.582041,7.518825,1.5785586003035528,0.20624891578401006,0.5818739582925636,-0.3471224098581214
S2C,2.345815,3.669162,1.5471608857327932,0.37740201883769087,0.5818739582925636,-0.3471224098581214
S2C,1.261799,0.683224,1.5783067657232894,0.34876595346061356,0.5818739582925636,-0.3471224098581214
S2C,-1.881304,10.415526,2.661423340930453,0.3091588758889538,0.5818739582925636,-0.3471224098581214
S2C,3.644755,8.361894,2.0923561220882885,0.3124203642326514,0.5818739582925636,-0.3471224098581214
S2C,2.765395,9.282234,1.6314181077137493,-0.4264322098601893,0.5818739582925636,-0.3471224098581214
S2C,4.65856,4.67695,1.6676788321269118,-0.7498066120559607,0.5818739582925636,-0.3471224098581214
S2C,0.396338,7.37351,1.629281357136579,-0.8159987344378363,0.5818739582925636,-0.3471224098581214
S2C,-0.39517,0.609456,1.5731125203815008,0.20776668299476847,0.5818739582925636,-0.3471224098581214
S2C,3.913817,3.502394,1.5534152870111735,0.09159807142867187,0.5818739582925636,-0.3471224098581214
S2C,3.593403,0.596073,1.4222621044101318,0.31144868674805065,0.5818739582925636,-0.3471224098581214
S2C,9.598337,7.299823,1.5532211738533859,0.23028590304177926,0.5818739582925636,-0.3471224098581214
S2C,11.104167,1.176079,1.5875717404832255,0.27356304545092314,0.5818739582925636,-0.3471224098581214
S2C,3.747754,5.04097,1.5238569630227483,0.352793582811547,0.5818739582925636,-0.3471224098581214
S2C,0.253548,10.752493,1.5672423929330201,0.3255212226053603,0.5818739582925636,-0.3471224098581214
S2C,-0.971895,4.8836,2.2949158757783454,0.4325311622828999,0.5818739582925636,-0.3471224098581214
S2C,1.285462,5.102021,1.6206302966962545,0.3475238519618903,0.5818739582925636,-0.3471224098581214
S2C,-0.073786,6.29505,2.1753173255092135,0.42517058331822727,0.5818739582925636,-0.3471224098581214
S2C,-1.946592,7.260383,1.6913918801573196,0.39014595216348835,0.5818739582925636,-0.3471224098581214
S2C,1.028145,0.930832,2.1731706542893225,0.42058008496380805,0.5818739582925636,-0.3471224098581214
S2C,2.724702,3.324048,1.3080500463468705,0.36524683129671964,0.5818739582925636,-0.3471224098581214
S2C,1.202025,4.102162,2.058778568579147,0.37960411695405133,0.5818739582925636,-0.3471224098581214
S2C,1.646239,5.293705,2.705592108243196,0.35155750148496834,0.5818739582925636,-0.3471224098581214
S2C,3.474482,6.016345,1.6419272456125713,-0.5802946653934257,0.5818739582925636,-0.3471224098581214
S2C,1.866856,5.48215,2.5221745837242553,0.3389790681634267,0.5818739582925636,-0.3471224098581214
S2C,-1.560256,1.713376,1.5691834357493128,0.2701818163397981,0.5818739582925636,-0.3471224098581214
S2C,4.463805,3.136446,2.342745956781625,0.41113860107417743,0.5818739582925636,-0.3471224098581214
S2C,-0.792493,4.438143,2.090189277258215,0.30538893257416533,0.5818739582925636,-0.3471224098581214
S2C,-0.766592,1.467598,1.4582953350227341,0.10553565311546546,0.5818739582925636,-0.3471224098581214
S2C,-5.018172,0.256866,1.5532211738533859,0.23028590304177926,0.5818739582925636,-0.3471224098581214
S2C,1.033253,-0.788398,1.5590579278267698,0.15533882668715432,0.5818739582925636,-0.3471224098581214
S2C,-2.407548,0.343701,2.0966140762884327,-0.6779546864047122,0.5818739582925636,-0.3471224098581214
S2C,4.523405,-0.9522,2.6497016936397033,0.2812046286947192,0.5818739582925636,-0.3471224098581214
S2C,0.658176,-1.995012,2.570744828345399,0.3870422883243954,0.5818739582925636,-0.3471224098581214
S2C,1.260783,-1.906293,1.4345139400674896,0.3551318742522409,0.5818739582925636,-0.3471224098581214
S2C,4.830468,6.76568,2.2572370331655107,0.3766998632330423,0.5818739582925636,-0.3471224098581214
S2C,0.938047,1.527509,1.5672423929330201,0.28161919353204723,0.5818739582925636,-0.3471224098581214
S2C,4.309501,-0.069476,1.5672423929330201,0.28161919353204723,0.5818739582925636,-0.3471224098581214
S2C,0.306324,-4.028923,1.4559195467949093,0.366623246786101,0.5818739582925636,-0.3471224098581214
S2C,2.82558,3.96574,1.5493888219512286,0.36629513402111047,0.5818739582925636,-0.3471224098581214
S2C,2.086869,1.183521,1.5543553340420353,0.3625497153465849,0.5818739582925636,-0.3471224098581214
S2C,0.321805,-1.183499,1.4524585810493507,0.11919231589640861,0.5818739582925636,-0.3471224098581214
S2C,1.365532,2.708836,1.3556320665700157,0.1699683590057774,0.5818739582925636,-0.3471224098581214
S2C,3.213528,-4.695546,1.5486518220375671,0.24830327164802285,0.5818739582925636,-0.3471224098581214
S2C,4.970265,1.143313,1.5446825363225218,0.10987126470028569,0.5818739582925636,-0.3471224098581214
S2C,0.648959,-0.253225,1.7864902209463382,0.3330477877475279,0.5818739582925636,-0.3471224098581214
S2C,1.766838,-0.57314,1.536881055671961,0.13528612064130394,0.5818739582925636,-0.3471224098581214
S2C,4.97475,0.841686,1.5875717404832255,0.27491288664902913,0.5818739582925636,-0.3471224098581214
S2C,5.085971,-1.09562,1.5486518220375671,0.2695562775124102,0.5818739582925636,-0.3471224098581214
S2C,5.182296,3.08467,2.130931557989125,0.3360883490994728,0.5818739582925636,-0.3471224098581214
S2C,4.426472,-0.857425,1.3902793212471733,0.27239844898236026,0.5818739582925636,-0.3471224098581214
S2C,3.39296,2.002649,2.131826726398404,0.30776843830536005,0.5818739582925636,-0.3471224098581214
S2C,0.879576,-5.411924,1.8739655220473381,0.28305324331134235,0.5818739582925636,-0.3471224098581214
S2C,0.644757,-2.708619,2.130931557989125,0.3360883490994728,0.5818739582925636,-0.3471224098581214
S2C,3.174183,0.608609,1.5486518220375671,0.29286671289536703,0.5818739582925636,-0.3471224098581214
S2C,3.219008,2.068291,1.5553880186834594,0.2009773157729753,0.5818739582925636,-0.3471224098581214
S2C,5.056745,-1.707876,1.8717986772172643,0.2760218116528563,0.5818739582925636,-0.3471224098581214
S2C,2.957592,0.777119,1.5550253778140541,0.34876595346061356,0.5818739582925636,-0.3471224098581214
S2C,3.475791,-1.484565,1.5672423929330201,0.27238169301367976,0.5818739582925636,-0.3471224098581214
S2C,4.922431,1.916192,1.906737920568859,0.37530302188855524,0.5818739582925636,-0.3471224098581214
S2C,1.660177,-0.745702,1.4261719657937377,0.29662820691886815,0.5818739582925636,-0.3471224098581214
S2C,-0.68664,1.07241,1.452753887204107,0.0943736685452251,0.5818739582925636,-0.3471224098581214
S2C,-1.853713,-3.19246,1.5532211738533859,0.23028590304177926,0.5818739582925636,-0.3471224098581214
S2C,-0.814519,-0.237472,1.1869610216660322,0.20867374661785457,0.5818739582925636,-0.3471224098581214
S2C,-1.228778,4.529776,1.596695070457202,0.3521471825717386,0.5818739582925636,-0.3471224098581214
S2C,-0.894073,7.022297,1.5446825363225218,0.1628301704147865,0.5818739582925636,-0.3471224098581214
S2C,-4.66955,2.614657,1.5532211738533859,0.2397280890242276,0.5818739582925636,-0.3471224098581214
S2C,1.408336,1.846946,1.2836690580136794,0.27323714642986285,0.5818739582925636,-0.3471224098581214
S2C,0.595763,1.948688,1.5446825363225218,0.14848086101230387,0.5818739582925636,-0.3471224098581214
S2C,3.115691,-0.426147,1.3914500044754772,0.15938243339108618,0.5818739582925636,-0.3471224098581214
S2C,1.363511,0.387263,1.3742660531473563,0.28097363160615546,0.5818739582925636,-0.3471224098581214
S2C,0.801,-6.99248,1.536881055671961,0.07864778786851974,0.5818739582925636,-0.3471224098581214
S2C,3.606933,-2.117048,1.4463025707050234,0.16999520248348537,0.5818739582925636,-0.3471224098581214
S2C,2.81089,0.372419,1.5590579278267698,0.14180350774358186,0.5818739582925636,-0.3471224098581214
S2C,4.896439,2.408787,1.4222621044101318,0.3169630256451491,0.5818739582925636,-0.3471224098581214
S2C,4.368643,-3.49954,1.7864902209463382,0.3330477877475279,0.5818739582925636,-0.3471224098581214
S2C,3.123832,1.336982,1.4266245769107893,0.3415332697781838,0.5818739582925636,-0.3471224098581214
S2C,4.297169,-1.430537,2.688277129540539,0.3115383816201485,0.5818739582925636,-0.3471224098581214
S2C,4.500686,9.217629,1.5651860533767796,0.21640322454066058,0.5818739582925636,-0.3471224098581214
S2C,0.866117,5.683823,1.5810018835382011,0.2158509485717271,0.5818739582925636,-0.3471224098581214
S2C,4.824876,3.428571,1.5532211738533859,0.23607915857659667,0.5818739582925636,-0.3471224098581214
S2C,-0.721594,5.025719,1.5624150430156722,0.2250806961436277,0.5818739582925636,-0.3471224098581214
S2C,7.012728,5.369859,1.5544885760109506,0.21596833915589675,0.5818739582925636,-0.3471224098581214
S2C,7.85755,6.50527,1.5935857940816076,0.23681389216821727,0.5818739582925636,-0.3471224098581214
S2C,6.803595,4.622667,1.5486518220375671,0.26988599750745773,0.5818739582925636,-0.3471224098581214
S2C,3.319933,3.948957,1.5651860533767796,0.21640322454066058,0.5818739582925636,-0.3471224098581214
S2C,2.289934,5.156862,1.5456473071439008,0.24465434120039192,0.5818739582925636,-0.3471224098581214
S2C,6.569948,6.299007,1.3772705680410224,0.29273326770864116,0.5818739582925636,-0.3471224098581214
S2C,3.868751,4.609976,1.5703044061723725,0.23681389216821727,0.5818739582925636,-0.3471224098581214
S2C,7.79637,4.756301,1.3614870256463085,0.3386335816488321,0.5818739582925636,-0.3471224098581214
S2C,5.17118,1.935616,1.5410041587344203,0.26396456516652667,0.5818739582925636,-0.3471224098581214
S2C,5.73653,4.984359,1.8250656568471735,0.38111100790849656,0.5818739582925636,-0.3471224098581214
S2C,4.483494,-0.324874,1.4352708576162827,0.2929792764712373,0.5818739582925636,-0.3471224098581214
S2C,3.66699,1.897863,1.4266245769107893,0.3470476086752823,0.5818739582925636,-0.3471224098581214
S2C,8.249228,-0.470772,1.9741826669445888,0.3547856276483359,0.5818739582925636,-0.3471224098581214
S2C,2.570994,1.747739,1.5955790249347637,0.32997911779527117,0.5818739582925636,-0.3471224098581214
S2C,-0.397548,4.281875,1.397551165394333,0.3632420176749759,0.5818739582925636,-0.3471224098581214
S2C,4.958554,7.126785,1.5456473071439008,0.30812347625517267,0.5818739582925636,-0.3471224098581214
S2C,0.681416,1.463882,1.2798071232264319,0.19735096157710313,0.5818739582925636,-0.3471224098581214
S2C,1.637923,1.432138,1.2511242390556077,0.338758314570076,0.5818739582925636,-0.3471224098581214
S2C,-0.77828,4.403854,1.5593530297763198,0.2735349279550886,0.5818739582925636,-0.3471224098581214
S2C,1.578767,2.004741,1.5909355837816064,0.4183810143964423,0.5818739582925636,-0.3471224098581214
S2C,2.539459,0.142199,1.2799170850361208,0.2448986737397696,0.5818739582925636,-0.3471224098581214
S2C,3.45161,0.849651,1.3950831049392807,0.3300607921282231,0.5818739582925636,-0.3471224098581214
S2C,1.04177,0.695661,1.5364348069186011,0.3394883448347849,0.5818739582925636,-0.3471224098581214
S2C,5.950281,-1.04402,1.5410041587344203,0.2921276945767084,0.5818739582925636,-0.3471224098581214
S2C,4.113632,2.084693,1.5410041587344203,0.2946298950764492,0.5818739582925636,-0.3471224098581214
S2C,4.143227,0.989148,1.5446825363225218,0.1346973411231761,0.5818739582925636,-0.3471224098581214
S2C,0.465161,1.543078,1.5534152870111735,0.05655789052236642,0.5818739582925636,-0.3471224098581214
S2C,3.234456,6.532202,1.5380972273235947,0.13528612064130394,0.5818739582925636,-0.3471224098581214
S2C,0.100244,4.421166,1.5412858715001718,-0.4935286581736413,0.5818739582925636,-0.3471224098581214
S2C,1.366521,-1.845299,1.645897232802174,-0.7638585387161259,0.5818739582925636,-0.3471224098581214
S2C,1.904347,-2.9026,1.5567703505450106,-0.904790666756895,0.5818739582925636,-0.3471224098581214
S2C,2.505613,-2.456624,1.5486518220375671,0.24830327164802285,0.5818739582925636,-0.3471224098581214
S2C,4.497112,-1.988776,1.5728322776733903,0.2578968572201007,0.5818739582925636,-0.3471224098581214
S2C,3.94826,-1.031308,1.369033665998687,0.20967327577927575,0.5818739582925636,-0.3471224098581214
S2C,4.67116,0.423531,1.4006582762516466,0.36381893701511825,0.5818739582925636,-0.3471224098581214
S2C,3.563262,1.30098,1.4267322200854187,0.18140178021476355,0.5818739582925636,-0.3471224098581214
S2C,7.274408,1.04655,1.961238093435959,0.29921971473741366,0.5818739582925636,-0.3471224098581214
S2C,0.246647,3.296695,1.5380972273235947,0.11834154415018491,0.5818739582925636,-0.3471224098581214
S2C,-0.729587,-3.211354,1.5722454489886657,0.24222756914556337,0.5818739582925636,-0.3471224098581214
S2C,2.022646,3.2856,1.5829429263544943,0.2365893541244686,0.5818739582925636,-0.3471224098581214
S2C,1.408893,5.095044,1.5603103459405485,0.2772132479982841,0.5818739582925636,-0.3471224098581214
S2C,6.782001,-3.56899,1.5719029917156562,0.2365893541244686,0.5818739582925636,-0.3471224098581214
S2C,5.980522,-6.604385,1.7088795412375972,-0.570420225496397,0.5818739582925636,-0.3471224098581214
S2C,-1.371586,2.193837,1.57535472536426,0.32753874654559484,0.5818739582925636,-0.3471224098581214
S2C,1.191018,-1.90235,2.7059172981139397,0.30495818234621486,0.5818739582925636,-0.3471224098581214
S2C,3.309611,2.052008,1.5783067657232894,0.34876595346061356,0.5818739582925636,-0.3471224098581214
S2C,3.102995,1.349322,2.316908057878553,0.4018852185993284,0.5818739582925636,-0.3471224098581214
S2C,-3.094212,2.101456,2.2786064252203833,0.39693552108527325,0.5818739582925636,-0.3471224098581214
S2C,3.258009,4.186859,2.335736011786577,0.40618890356012227,0.5818739582925636,-0.3471224098581214
S2C,-0.130487,1.386994,2.533809420306512,0.41028701917964855,0.5818739582925636,-0.3471224098581214
S2C,0.950585,1.939793,2.2576101124199366,0.39693552108527325,0.5818739582925636,-0.3471224098581214
S2C,1.899632,2.823751,2.2855946825429005,0.40618890356012227,0.5818739582925636,-0.3471224098581214
S2C,-1.107546,-1.325942,1.2555972164425264,0.3633667505962198,0.5818739582925636,-0.3471224098581214
S2C,1.909396,1.472602,1.3131052904393794,0.37076117019381805,0.5818739582925636,-0.3471224098581214
S2C,6.387161,0.493959,1.2948539539931159,0.3714510161731784,0.5818739582925636,-0.3471224098581214
S2C,7.736227,1.120902,1.5486518220375671,0.29286671289536703,0.5818739582925636,-0.3471224098581214
S2C,4.974087,2.449046,1.3772705680410224,0.29273326770864116,0.5818739582925636,-0.3471224098581214
S2C,4.808906,4.288944,1.4266245769107893,0.3415332697781838,0.5818739582925636,-0.3471224098581214
S2C,3.334575,6.303303,1.3832929351864753,0.3325960739914045,0.5818739582925636,-0.3471224098581214
S2C,4.337084,8.133005,1.5410041587344203,0.2722172095326101,0.5818739582925636,-0.3471224098581214
S4O,7.451045,-0.657898,-1.536343890800945,-1.4571973308322774,0.5447102458414873,-0.2894426366193738
S4O,7.470029,-0.893373,-1.5278533400762335,-1.3933643556965305,0.5447102458414873,-0.2894426366193738
S4O,3.550218,-2.625099,-1.5361532958750326,-1.3857248202190124,0.5447102458414873,-0.2894426366193738
S4O,3.799298,-1.266259,-1.5311740950999695,-1.3857248202190124,0.5447102458414873,-0.2894426366193738
S4O,4.655203,-2.408523,-1.5061412975680328,-1.347790445405272,0.5447102458414873,-0.2894426366193738
S4O,3.288175,-0.690425,-1.4627929457208542,-1.3253954167827258,0.5447102458414873,-0.2894426366193738
S4O,-0.034049,1.863742,-1.5088275447252126,-1.3911471693375377,0.5447102458414873,-0.2894426366193738
S4O,0.438376,-0.919974,-1.4449370825859176,-1.3360919347228,0.5447102458414873,-0.2894426366193738
S4O,0.937723,0.580984,-1.4449370825859176,-1.3360919347228,0.5447102458414873,-0.2894426366193738
S4O,0.824569,-1.80128,-1.5268914670501192,-1.3857248202190124,0.5447102458414873,-0.2894426366193738
S4O,4.984983,2.662691,-1.5380411661417457,-1.4571973308322774,0.5447102458414873,-0.2894426366193738
S4O,0.861834,-1.903845,-1.4071159104027458,-1.336282326260277,0.5447102458414873,-0.2894426366193738
S4O,2.647724,-2.116434,-1.4186540119730098,-1.337993029667321,0.5447102458414873,-0.2894426366193738
S4O,1.815603,1.636387,-1.5013276037968228,-1.345383138688988,0.5447102458414873,-0.2894426366193738
S4O,3.353011,-1.352647,-1.5435988054152991,-1.445456380234259,0.5447102458414873,-0.2894426366193738
S4O,-5.352097,-3.081725,-1.532139311158942,-1.5193809542629972,0.5447102458414873,-0.2894426366193738
S4O,-1.209626,-2.076943,-1.440789965705156,-1.344128893799825,0.5447102458414873,-0.2894426366193738
S4O,5.693941,0.825531,-1.409660963772598,-1.3432246644885681,0.5447102458414873,-0.2894426366193738
S4O,-2.58538,-2.512614,-1.5328177101974036,-1.4777624944682068,0.5447102458414873,-0.2894426366193738
S4O,-1.080581,-3.412513,-1.5013276037968228,-1.345383138688988,0.5447102458414873,-0.2894426366193738
S4O,0.830338,-0.651923,-1.4186540119730098,-1.337993029667321,0.5447102458414873,-0.2894426366193738
S4O,-1.365863,-2.079272,-1.4466343579267182,-1.333034952260244,0.5447102458414873,-0.2894426366193738
S4O,-0.711963,-4.795114,-1.4449370825859176,-1.3360919347228,0.5447102458414873,-0.2894426366193738
S4O,5.118104,-1.742652,-1.4354374956928564,-1.3272965117272468,0.5447102458414873,-0.2894426366193738
S4O,2.700527,-0.99206,-1.4311548676430061,-1.3272965117272468,0.5447102458414873,-0.2894426366193738
S4O,1.209763,-2.414643,-1.4585103176710037,-1.3253954167827258,0.5447102458414873,-0.2894426366193738
S4O,1.436246,-4.883081,-1.506872722860368,-1.3601720444568277,0.5447102458414873,-0.2894426366193738
S4O,4.813403,-2.752327,-1.4293215302653075,-1.3253954167827258,0.5447102458414873,-0.2894426366193738
S4O,2.748454,-2.334206,-1.4281908688070095,-1.3246582294449096,0.5447102458414873,-0.2894426366193738
S4O,0.700451,-1.425918,-1.411655559664616,-1.3162759634354366,0.5447102458414873,-0.2894426366193738
S4O,-1.874728,-1.74913,-1.433604158315158,-1.3253954167827258,0.5447102458414873,-0.2894426366193738
S4O,2.493583,1.631542,-1.4293215302653075,-1.3253954167827258,0.5447102458414873,-0.2894426366193738
S4O,5.793938,-2.071074,-1.4118498867814002,-1.337993029667321,0.5447102458414873,-0.2894426366193738
S4O,0.596009,1.582557,-1.4118498867814002,-1.3449353678956124,0.5447102458414873,-0.2894426366193738
S4O,0.986462,-0.080328,-1.440789965705156,-1.344128893799825,0.5447102458414873,-0.2894426366193738
S4O,3.256717,0.371741,-1.4281908688070095,-1.3246582294449096,0.5447102458414873,-0.2894426366193738
S4O,4.695172,-3.415361,-1.5054747206775845,-1.3358211155840511,0.5447102458414873,-0.2894426366193738
S4O,2.922816,0.178542,-1.4672836329606744,-1.3253954167827258,0.5447102458414873,-0.2894426366193738
S4O,5.929154,-1.107627,-1.5235231543265542,-1.332764133121495,0.5447102458414873,-0.2894426366193738
S4O,7.406751,-1.726943,-1.4505365433657178,-1.3196607182691873,0.5447102458414873,-0.2894426366193738
S4O,-4.800523,2.389944,-1.5300510966059337,-1.6066238890357631,0.5447102458414873,-0.2894426366193738
S4O,7.948916,0.340855,-1.5331598608133412,-1.582177285271933,0.5447102458414873,-0.2894426366193738
S4O,4.930775,0.656601,-1.5370104676913934,-1.4388583000829602,0.5447102458414873,-0.2894426366193738
S4O,4.75206,5.778889,-1.5188055724817555,-1.6293621860378653,0.5447102458414873,-0.2894426366193738
S4O,3.548949,0.589621,-1.538065702836784,-1.4864910538232972,0.5447102458414873,-0.2894426366193738
S4O,4.684272,3.818214,-1.5150648051009725,-1.378912387313657,0.5447102458414873,-0.2894426366193738
S4O,6.839192,0.13571,-1.5150648051009725,-1.5400705525392504,0.5447102458414873,-0.2894426366193738
S4O,9.263865,5.032672,-1.5374239634642668,-1.5163516067274745,0.5447102458414873,-0.2894426366193738
S4O,8.235746,0.748793,-1.5150594254821697,-1.6090071273885558,0.5447102458414873,-0.2894426366193738
S4O,3.801621,1.345511,-1.5499171258860314,-1.4634677430813539,0.5447102458414873,-0.2894426366193738
S4O,6.066695,2.46759,-1.5298125999965184,-1.383086537936675,0.5447102458414873,-0.2894426366193738
S4O,5.492407,1.640587,-1.5105248200660133,-1.3880901868749818,0.5447102458414873,-0.2894426366193738
S4O,3.643093,0.160143,-1.4428217592309323,-1.336282326260277,0.5447102458414873,-0.2894426366193738
S4O,3.318918,1.852767,-1.523538643002491,-1.325124597643977,0.5447102458414873,-0.2894426366193738
S4O,8.529601,3.946827,-1.5200098287887853,-1.332764133121495,0.5447102458414873,-0.2894426366193738
S4O,5.281844,1.819922,-1.4406894182189822,-1.3227571345003886,0.5447102458414873,-0.2894426366193738
S4O,11.158781,0.94071,-1.438094845554978,-1.3253954167827258,0.5447102458414873,-0.2894426366193738
S4O,2.704441,1.552649,-1.4463350847687009,-1.344128893799825,0.5447102458414873,-0.2894426366193738
S4O,4.042637,1.990441,-1.4138905780309836,-1.333034952260244,0.5447102458414873,-0.2894426366193738
S4O,5.27607,2.289051,-1.4138905780309836,-1.333034952260244,0.5447102458414873,-0.2894426366193738
S4O,5.185001,1.535186,-1.4107955927592586,-1.3162759634354366,0.5447102458414873,-0.2894426366193738
S4O,4.333471,-0.291882,-1.4306749626209747,-1.3227571345003886,0.5447102458414873,-0.2894426366193738
S4O,6.482124,0.580053,-1.46888590982158,-1.318543080886048,0.5447102458414873,-0.2894426366193738
S4O,5.514578,-0.347498,-1.4354374956928564,-1.3272965117272468,0.5447102458414873,-0.2894426366193738
S4O,7.791498,-1.681724,-1.430586932605707,-1.318543080886048,0.5447102458414873,-0.2894426366193738
S4O,4.119284,-0.938329,-1.4180491216179962,-1.3204441758305692,0.5447102458414873,-0.2894426366193738
S4O,4.928221,0.801851,-1.4563633652334427,-1.318543080886048,0.5447102458414873,-0.2894426366193738
S4O,3.67939,1.754253,-1.5506586196002523,-1.5164391474374947,0.5447102458414873,-0.2894426366193738
S4O,5.352341,1.257837,-1.4281908688070095,-1.3246582294449096,0.5447102458414873,-0.2894426366193738
S4O,4.019,-1.379138,-1.4118514159027022,-1.320490017049777,0.5447102458414873,-0.2894426366193738
S4O,4.066954,0.325933,-1.438094845554978,-1.3253954167827258,0.5447102458414873,-0.2894426366193738
S4O,2.830527,-0.787332,-1.4174945268871049,-1.3204441758305692,0.5447102458414873,-0.2894426366193738
S4O,2.596249,-1.97958,-1.4338122175051276,-1.3253954167827258,0.5447102458414873,-0.2894426366193738
S4O,-0.993591,-1.207361,-1.4420930675491743,-1.3227571345003886,0.5447102458414873,-0.2894426366193738
S4O,3.049633,0.517393,-1.4406894182189822,-1.3227571345003886,0.5447102458414873,-0.2894426366193738
S4O,-1.081513,-1.905595,-1.5327763719608751,-1.383086537936675,0.5447102458414873,-0.2894426366193738
S4O,2.930816,-1.965009,-1.4262118852815582,-1.337993029667321,0.5447102458414873,-0.2894426366193738
S4O,1.449627,-0.742746,-1.5370830998772547,-1.325124597643977,0.5447102458414873,-0.2894426366193738
S4O,3.542411,-3.048813,-1.5311740950999695,-1.3857248202190124,0.5447102458414873,-0.2894426366193738
S4O,6.218586,-5.890154,-1.5360906197877104,-1.5352806604543323,0.5447102458414873,-0.2894426366193738
S4O,2.771858,-7.347255,-1.531571172959199,-1.5206532010518348,0.5447102458414873,-0.2894426366193738
S4O,7.507705,-3.08325,-1.5480834493919189,-1.5206532010518348,0.5447102458414873,-0.2894426366193738
S4O,6.539044,-1.555102,-1.5327763719608751,-1.383086537936675,0.5447102458414873,-0.2894426366193738
S4O,5.509592,-3.863237,-1.5278212710523413,-1.325124597643977,0.5447102458414873,-0.2894426366193738
S4O,6.753931,0.341446,-1.5361532958750326,-1.3857248202190124,0.5447102458414873,-0.2894426366193738
S4O,5.121141,-2.73624,-1.5345278406039768,-1.46652472554391,0.5447102458414873,-0.2894426366193738
S4O,5.740396,-4.255794,-1.5679522700006152,-1.4808049232896874,0.5447102458414873,-0.2894426366193738
S4O,4.217906,-1.669433,-1.54777017344847,-1.4739525873930102,0.5447102458414873,-0.2894426366193738
S4O,2.223976,-2.85149,-1.4585103176710037,-1.3253954167827258,0.5447102458414873,-0.2894426366193738
S4O,-0.108126,-0.208197,-1.4394290375114884,-1.3246582294449096,0.5447102458414873,-0.2894426366193738
S4O,-2.055362,0.292562,-1.4627929457208542,-1.3253954167827258,0.5447102458414873,-0.2894426366193738
S4O,1.356118,-1.920628,-1.4977605717313323,-1.2941235820997854,0.5447102458414873,-0.2894426366193738
S4O,3.283836,2.089152,-1.5015922594141158,-1.347892693440454,0.5447102458414873,-0.2894426366193738
S4O,1.856837,-0.966684,-1.507790640691181,-1.4002181874656496,0.5447102458414873,-0.2894426366193738
S4O,4.717927,-1.965591,-1.5067122213702273,-1.409925139764024,0.5447102458414873,-0.2894426366193738
S4O,0.929747,-3.74941,-1.5287325296026584,-1.4702591644993144,0.5447102458414873,-0.2894426366193738
S4O,0.678239,0.751922,-1.5007395510495143,-1.3276140474490006,0.5447102458414873,-0.2894426366193738
S4O,3.382937,2.128197,-1.4224339504982162,-1.3204441758305692,0.5447102458414873,-0.2894426366193738
S4O,2.898718,2.323003,-1.529423547913247,-1.3224863153616395,0.5447102458414873,-0.2894426366193738
S4O,1.140077,-1.171724,-1.529423547913247,-1.3224863153616395,0.5447102458414873,-0.2894426366193738
S4O,6.344201,2.139365,-1.5264597759488903,-1.3224863153616395,0.5447102458414873,-0.2894426366193738
S4O,4.964266,0.487278,-1.5278212710523413,-1.325124597643977,0.5447102458414873,-0.2894426366193738
S4O,6.415705,-1.927636,-1.4306749626209747,-1.3227571345003886,0.5447102458414873,-0.2894426366193738
S4O,3.923341,-1.26211,-1.4186540119730098,-1.337993029667321,0.5447102458414873,-0.2894426366193738
S4O,3.10085,0.090342,-1.5311740950999695,-1.3857248202190124,0.5447102458414873,-0.2894426366193738
S4O,3.771416,4.048417,-1.4420930675491743,-1.3227571345003886,0.5447102458414873,-0.2894426366193738
S4O,1.87859,0.75103,-1.46888590982158,-1.3227571345003886,0.5447102458414873,-0.2894426366193738
S4O,3.925002,-0.090197,-1.418381265270804,-1.333034952260244,0.5447102458414873,-0.2894426366193738
S4O,2.424456,1.646612,-1.4537772827190525,-1.3227571345003886,0.5447102458414873,-0.2894426366193738
S4O,2.904385,0.804654,-1.5278212710523413,-1.325124597643977,0.5447102458414873,-0.2894426366193738
S4O,5.282849,-0.066509,-1.5078500845624194,-1.345383138688988,0.5447102458414873,-0.2894426366193738
S4O,3.469462,0.326227,-1.448612148746189,-1.2957448349937506,0.5447102458414873,-0.2894426366193738
S4O,10.333299,-0.139977,-1.517407570298972,-1.6122602841215912,0.5447102458414873,-0.2894426366193738
S4O,6.849965,-1.673139,-1.5332544521614893,-1.595843935803071,0.5447102458414873,-0.2894426366193738
S4O,7.308609,-0.22569,-1.5339006115162923,-1.7075141758410686,0.5447102458414873,-0.2894426366193738
S4O,-0.834239,-2.578131,-1.5542855289879034,-1.5059543031258387,0.5447102458414873,-0.2894426366193738
S4O,-0.907192,0.796909,-1.5576062840116391,-1.5059543031258387,0.5447102458414873,-0.2894426366193738
S4O,5.783015,0.496797,-1.54371602809737,-1.5033160208435012,0.5447102458414873,-0.2894426366193738
S4O,-4.350359,-2.691879,-1.5284089506663263,-1.383086537936675,0.5447102458414873,-0.2894426366193738
S4O,-0.27944,-5.333018,-1.464518488527031,-1.3227571345003886,0.5447102458414873,-0.2894426366193738
S4O,-0.274937,-2.587428,-1.4135471621222009,-1.337993029667321,0.5447102458414873,-0.2894426366193738
S4O,-3.17699,-1.93223,-1.4354374956928564,-1.3272965117272468,0.5447102458414873,-0.2894426366193738
S4O,-0.748939,-2.973622,-1.4190980427885493,-1.3231282993321143,0.5447102458414873,-0.2894426366193738
S4O,0.934289,-1.193575,-1.430283403291422,-1.333034952260244,0.5447102458414873,-0.2894426366193738
S4O,3.218973,-0.295843,-1.4431210323889494,-1.333034952260244,0.5447102458414873,-0.2894426366193738
S4O,3.430977,0.216784,-1.5379343706797344,-1.5090112855883946,0.5447102458414873,-0.2894426366193738
S4O,1.156275,1.495072,-1.5105248200660133,-1.3880901868749818,0.5447102458414873,-0.2894426366193738
S4O,2.269558,-0.331461,-1.5345278406039768,-1.4634677430813539,0.5447102458414873,-0.2894426366193738
S4O,6.102885,3.012481,-1.4384331142226323,-1.3432246644885681,0.5447102458414873,-0.2894426366193738
S4O,6.390714,3.152475,-1.4414237570481487,-1.3360919347228,0.5447102458414873,-0.2894426366193738
S4O,6.841693,6.654161,-1.5053013641216713,-1.4115933091707664,0.5447102458414873,-0.2894426366193738
S4O,4.93961,3.859588,-1.5054747206775845,-1.3358211155840511,0.5447102458414873,-0.2894426366193738
S4O,2.006105,2.339983,-1.4114820932151315,-1.3430342729510916,0.5447102458414873,-0.2894426366193738
S4O,5.672436,2.634986,-1.5112029086100476,-1.413829928803572,0.5447102458414873,-0.2894426366193738
S4O,-0.184876,0.052868,-1.464518488527031,-1.3227571345003886,0.5447102458414873,-0.2894426366193738
S4O,4.681938,4.443417,-1.459888227208305,-1.318543080886048,0.5447102458414873,-0.2894426366193738
S4O,0.219082,-1.275921,-1.4281908688070095,-1.3246582294449096,0.5447102458414873,-0.2894426366193738
S4O,3.471918,-4.105215,-1.464518488527031,-1.3227571345003886,0.5447102458414873,-0.2894426366193738
S4O,0.783455,-1.385963,-1.5202538273727375,-1.3788724843223348,0.5447102458414873,-0.2894426366193738
S4O,5.876454,0.435705,-1.4563633652334427,-1.318543080886048,0.5447102458414873,-0.2894426366193738
S4O,3.302536,-1.483737,-1.430322786394069,-1.318543080886048,0.5447102458414873,-0.2894426366193738
S4O,1.592019,0.633288,-1.4563633652334427,-1.318543080886048,0.5447102458414873,-0.2894426366193738
S4O,5.438682,-1.21384,-1.55371366146083,-1.5027011463928033,0.5447102458414873,-0.2894426366193738
S4O,9.933675,0.027723,-1.427062070630845,-1.318543080886048,0.5447102458414873,-0.2894426366193738
S4O,5.33699,-0.91788,-1.5377418929837285,-1.4708201562399155,0.5447102458414873,-0.2894426366193738
S4O,4.769885,-2.950782,-1.5337424749709079,-1.5263232924912886,0.5447102458414873,-0.2894426366193738
S4O,5.954096,-1.142523,-1.5370104676913934,-1.4802219746984668,0.5447102458414873,-0.2894426366193738
S4O,11.484317,3.55653,-1.522400779810299,-1.3857248202190124,0.5447102458414873,-0.2894426366193738
S4O,0.518832,-2.353256,-1.466306271258623,-1.3253954167827258,0.5447102458414873,-0.2894426366193738
S4O,5.001906,-1.512843,-1.525056126618698,-1.3224863153616395,0.5447102458414873,-0.2894426366193738
S4O,2.429941,-0.541445,-1.405542614793958,-1.338183421204798,0.5447102458414873,-0.2894426366193738
S4O,3.064773,-1.023815,-1.4303306458420473,-1.3272965117272468,0.5447102458414873,-0.2894426366193738
S4O,3.675777,-2.308501,-1.5319987181215804,-1.3182722617472993,0.5447102458414873,-0.2894426366193738
S4O,7.318644,-3.094884,-1.4351116063198244,-1.3246582294449096,0.5447102458414873,-0.2894426366193738
S4O,3.380512,-3.151279,-1.5363898929457278,-1.5216578350466945,0.5447102458414873,-0.2894426366193738
S4O,5.479163,-0.021798,-1.46888590982158,-1.3227571345003886,0.5447102458414873,-0.2894426366193738
S4O,2.343798,-2.255518,-1.5011133957789604,-1.3992517305867114,0.5447102458414873,-0.2894426366193738
S4O,4.559914,-2.570565,-1.4594721906971184,-1.333034952260244,0.5447102458414873,-0.2894426366193738
S4O,2.483277,-3.692136,-1.4092200503272063,-1.346029988744346,0.5447102458414873,-0.2894426366193738
S4O,0.784926,0.734729,-1.515531008703666,-1.352803781993402,0.5447102458414873,-0.2894426366193738
S4O,7.249619,1.206378,-1.4449370825859176,-1.3360919347228,0.5447102458414873,-0.2894426366193738
S4O,3.299137,-3.448052,-1.41571495204639,-1.3278848665877496,0.5447102458414873,-0.2894426366193738
S4O,2.484819,-0.33247,-1.4449370825859176,-1.3430342729510916,0.5447102458414873,-0.2894426366193738
S4O,3.323219,-0.737054,-1.440789965705156,-1.344128893799825,0.5447102458414873,-0.2894426366193738
S4O,2.327926,-3.393142,-1.5013276037968228,-1.345383138688988,0.5447102458414873,-0.2894426366193738
S4O,3.613457,-1.601773,-1.464518488527031,-1.3227571345003886,0.5447102458414873,-0.2894426366193738
S4O,5.491378,-1.138686,-1.529423547913247,-1.3182722617472993,0.5447102458414873,-0.2894426366193738
S4O,2.771213,-2.502922,-1.4428217592309323,-1.344128893799825,0.5447102458414873,-0.2894426366193738
S4O,4.169952,-3.374504,-1.5327763719608751,-1.383086537936675,0.5447102458414873,-0.2894426366193738
S4O,3.024363,-0.976883,-1.427062070630845,-1.318543080886048,0.5447102458414873,-0.2894426366193738
S4O,2.208421,0.77703,-1.4395846152189824,-1.318543080886048,0.5447102458414873,-0.2894426366193738
S4O,1.007233,-2.950129,-1.427062070630845,-1.318543080886048,0.5447102458414873,-0.2894426366193738
S4O,3.182122,-2.280591,-1.4306749626209747,-1.3227571345003886,0.5447102458414873,-0.2894426366193738
S4O,4.225723,-4.482692,-1.4224339504982162,-1.3204441758305692,0.5447102458414873,-0.2894426366193738
S4O,0.925878,1.418802,-1.5264597759488903,-1.3224863153616395,0.5447102458414873,-0.2894426366193738
S4O,2.305721,-2.833788,-1.4340068033198246,-1.3204441758305692,0.5447102458414873,-0.2894426366193738
S4O,1.51199,-3.257716,-1.438094845554978,-1.3253954167827258,0.5447102458414873,-0.2894426366193738
S4O,2.052905,-4.449142,-1.459888227208305,-1.318543080886048,0.5447102458414873,-0.2894426366193738
S4O,1.301089,-1.37058,-1.529423547913247,-1.3224863153616395,0.5447102458414873,-0.2894426366193738
S4O,4.999582,-4.124614,-1.529423547913247,-1.3224863153616395,0.5447102458414873,-0.2894426366193738
S4O,9.018933,0.224547,-1.4109810413062207,-1.346029988744346,0.5447102458414873,-0.2894426366193738
S4O,7.326074,0.844872,-1.4338122175051276,-1.3253954167827258,0.5447102458414873,-0.2894426366193738
S4O,4.191411,-1.757231,-1.415471728546041,-1.346029988744346,0.5447102458414873,-0.2894426366193738
S4O,4.735836,-1.55361,-1.4174945268871049,-1.3204441758305692,0.5447102458414873,-0.2894426366193738
S4O,7.236738,2.501895,-1.5266834078601494,-1.3857248202190124,0.5447102458414873,-0.2894426366193738
S4O,7.911729,-1.554578,-1.5061412975680328,-1.3599086527345616,0.5447102458414873,-0.2894426366193738
S4O,6.959165,-0.027341,-1.4123715869815754,-1.3406929759562636,0.5447102458414873,-0.2894426366193738
S4O,5.464511,-0.947413,-1.4136383911683423,-1.344128893799825,0.5447102458414873,-0.2894426366193738
S4O,2.028398,-1.835855,-1.532139311158942,-1.5193809542629972,0.5447102458414873,-0.2894426366193738
S4O,8.082174,0.031947,-1.5532274806917759,-1.4996857090073108,0.5447102458414873,-0.2894426366193738
S4O,4.879834,-5.100097,-1.529423547913247,-1.3224863153616395,0.5447102458414873,-0.2894426366193738
S4O,5.682022,2.04286,-1.523538643002491,-1.325124597643977,0.5447102458414873,-0.2894426366193738
S4O,2.604615,-2.783715,-1.5204258652999716,-1.3182722617472993,0.5447102458414873,-0.2894426366193738
S4O,4.523058,-2.936827,-1.5342285674459597,-1.480147550951548,0.5447102458414873,-0.2894426366193738
S4O,4.84865,4.154942,-1.5573289460722508,-1.4608294607990167,0.5447102458414873,-0.2894426366193738
S4O,5.719633,-3.004479,-1.5559252967420585,-1.4608294607990167,0.5447102458414873,-0.2894426366193738
S4O,3.520201,-0.870972,-1.430322786394069,-1.318543080886048,0.5447102458414873,-0.2894426366193738
S4O,3.72358,0.155593,-1.5235231543265542,-1.332764133121495,0.5447102458414873,-0.2894426366193738
S4O,2.321958,-0.356748,-1.5105248200660133,-1.3911471693375377,0.5447102458414873,-0.2894426366193738
S4O,1.303076,1.330504,-1.4131793685559322,-1.333034952260244,0.5447102458414873,-0.2894426366193738
S4O,3.471086,1.687896,-1.4340068033198246,-1.3204441758305692,0.5447102458414873,-0.2894426366193738
S4O,5.831824,1.07446,-1.4466343579267182,-1.333034952260244,0.5447102458414873,-0.2894426366193738
S4O,3.084898,0.950716,-1.459888227208305,-1.318543080886048,0.5447102458414873,-0.2894426366193738
S4O,6.906248,-0.582448,-1.459888227208305,-1.318543080886048,0.5447102458414873,-0.2894426366193738
S4O,4.921048,-1.229222,-1.415471728546041,-1.338183421204798,0.5447102458414873,-0.2894426366193738
S4O,0.036047,0.151997,-1.4414237570481487,-1.3360919347228,0.5447102458414873,-0.2894426366193738
S4O,5.597294,-3.644956,-1.5679522700006152,-1.4808049232896874,0.5447102458414873,-0.2894426366193738
S4O,5.370664,-0.417495,-1.4765454617855875,-1.3253954167827258,0.5447102458414873,-0.2894426366193738
S4O,8.29377,1.0134,-1.4732247067618518,-1.333034952260244,0.5447102458414873,-0.2894426366193738
S4O,4.452255,0.761789,-1.4461921954594417,-1.333034952260244,0.5447102458414873,-0.2894426366193738
S4O,4.258312,-0.097879,-1.4476117196287694,-1.333034952260244,0.5447102458414873,-0.2894426366193738
S4O,5.366964,-0.863765,-1.4058741914554116,-1.346029988744346,0.5447102458414873,-0.2894426366193738
S4O,2.215679,-0.80838,-1.4138905780309836,-1.3360919347228,0.5447102458414873,-0.2894426366193738
S4O,4.06196,0.047166,-1.4351116063198244,-1.3246582294449096,0.5447102458414873,-0.2894426366193738
S4O,0.874233,-2.351025,-1.509526279736383,-1.3475591946363006,0.5447102458414873,-0.2894426366193738
S4O,1.319702,-1.326985,-1.4325082999986734,-1.3246582294449096,0.5447102458414873,-0.2894426366193738
S4O,-0.805743,-3.026221,-1.5233626528364135,-1.3933643556965305,0.5447102458414873,-0.2894426366193738
S4O,1.460138,-1.223305,-1.41571495204639,-1.3132956700798133,0.5447102458414873,-0.2894426366193738
S4O,3.575347,-3.608774,-1.5232962597215758,-1.625883109529229,0.5447102458414873,-0.2894426366193738
S4O,4.777842,-3.286091,-1.5374121021752918,-1.5996815508074718,0.5447102458414873,-0.2894426366193738
S4O,-0.618864,-3.148406,-1.5314000436889597,-1.5647229628506187,0.5447102458414873,-0.2894426366193738
S4O,3.793238,-4.134543,-1.5264597759488903,-1.3224863153616395,0.5447102458414873,-0.2894426366193738
S4O,-1.573432,-1.085283,-1.5233305838125213,-1.325124597643977,0.5447102458414873,-0.2894426366193738
S4O,2.212282,-2.772695,-1.5544078131258516,-1.4634677430813539,0.5447102458414873,-0.2894426366193738
S4O,0.970723,-6.642677,-1.4466343579267182,-1.3360919347228,0.5447102458414873,-0.2894426366193738
S4O,5.385978,1.947978,-1.4989707523142994,-1.3523254769172797,0.5447102458414873,-0.2894426366193738
S4O,3.750587,2.44227,-1.5490005519338177,-1.4656327781905305,0.5447102458414873,-0.2894426366193738
S4O,1.994203,-1.298147,-1.5045476764511136,-1.4115933091707664,0.5447102458414873,-0.2894426366193738
S4O,1.833863,-2.896406,-1.5344208740093694,-1.4708201562399155,0.5447102458414873,-0.2894426366193738
S4O,4.938887,-2.056217,-1.5342285674459597,-1.480147550951548,0.5447102458414873,-0.2894426366193738
S4O,1.192332,-2.056474,-1.532139311158942,-1.5263232924912886,0.5447102458414873,-0.2894426366193738
S4O,7.346313,2.250137,-1.5390857667786435,-1.5164391474374947,0.5447102458414873,-0.2894426366193738
S4O,4.630886,-0.744014,-1.5204258652999716,-1.3182722617472993,0.5447102458414873,-0.2894426366193738
S4O,8.829914,-3.213816,-1.5407332169230852,-1.5426661715123748,0.5447102458414873,-0.2894426366193738
S4O,8.499041,0.454857,-1.5344208740093694,-1.4777624944682068,0.5447102458414873,-0.2894426366193738
S4O,7.346058,0.341454,-1.551779178227782,-1.5186008525841386,0.5447102458414873,-0.2894426366193738
S4O,14.586093,1.673373,-1.5340164270697745,-1.5290856968957944,0.5447102458414873,-0.2894426366193738
S4O,12.674606,0.140639,-1.4585103176710037,-1.3253954167827258,0.5447102458414873,-0.2894426366193738
S4O,-0.6534,-0.902897,-1.506872722860368,-1.3532297062285361,0.5447102458414873,-0.2894426366193738
S4O,5.89273,2.722989,-1.4714610800299133,-1.318543080886048,0.5447102458414873,-0.2894426366193738
S4O,3.370291,-0.951793,-1.5190479557626708,-1.325124597643977,0.5447102458414873,-0.2894426366193738
S4O,1.672726,1.10869,-1.430586932605707,-1.318543080886048,0.5447102458414873,-0.2894426366193738
S4O,3.168751,1.48175,-1.5284089506663263,-1.383086537936675,0.5447102458414873,-0.2894426366193738
S4O,2.934252,-0.19045,-1.4563633652334427,-1.318543080886048,0.5447102458414873,-0.2894426366193738
S4O,6.160351,4.504936,-1.4351116063198244,-1.3246582294449096,0.5447102458414873,-0.2894426366193738
S4O,3.049273,-2.440509,-1.430586932605707,-1.318543080886048,0.5447102458414873,-0.2894426366193738
S4O,1.134522,-0.222642,-1.427062070630845,-1.318543080886048,0.5447102458414873,-0.2894426366193738
S4O,-1.034441,-2.120333,-1.4224339504982162,-1.3204441758305692,0.5447102458414873,-0.2894426366193738
S4O,2.216438,-6.22198,-1.459888227208305,-1.318543080886048,0.5447102458414873,-0.2894426366193738
S4O,5.275478,2.088169,-1.5169010033251094,-1.3182722617472993,0.5447102458414873,-0.2894426366193738
S4O,-0.31853,-2.406372,-1.4421597854273158,-1.318543080886048,0.5447102458414873,-0.2894426366193738
S4O,4.445636,-0.878646,-1.4563633652334427,-1.318543080886048,0.5447102458414873,-0.2894426366193738
S4O,6.61579,-0.197681,-1.5323444727881246,-1.5057581288553592,0.5447102458414873,-0.2894426366193738
S4O,-4.372133,6.730055,-1.5069045279336373,-1.4046509709424753,0.5447102458414873,-0.2894426366193738
S4O,-3.966572,3.715718,-1.5344208740093694,-1.4708201562399155,0.5447102458414873,-0.2894426366193738
S4O,3.821433,-3.064588,-1.4084364944534704,-1.344128893799825,0.5447102458414873,-0.2894426366193738
S4O,-2.341857,-0.204692,-1.499724439984857,-1.345383138688988,0.5447102458414873,-0.2894426366193738
S4O,-0.154675,-1.031551,-1.4169567366322091,-1.337993029667321,0.5447102458414873,-0.2894426366193738
S4O,3.023416,-5.754153,-1.5069045279336373,-1.408555759982023,0.5447102458414873,-0.2894426366193738
S4O,0.750889,-1.105072,-1.4166839899300032,-1.3360919347228,0.5447102458414873,-0.2894426366193738
S4O,3.69831,-1.338683,-1.4354374956928564,-1.3272965117272468,0.5447102458414873,-0.2894426366193738
S4O,4.073837,0.638079,-1.4292713132907828,-1.3227571345003886,0.5447102458414873,-0.2894426366193738
S4O,0.918518,0.336507,-1.542581151176705,-1.4265996839723352,0.5447102458414873,-0.2894426366193738
S4O,2.725695,-2.16549,-1.4449370825859176,-1.3360919347228,0.5447102458414873,-0.2894426366193738
S4O,-0.162822,0.252536,-1.5380411661417457,-1.4541403483697215,0.5447102458414873,-0.2894426366193738
S4O,1.112165,1.095735,-1.4125847116352885,-1.3510712320281162,0.5447102458414873,-0.2894426366193738
S4O,0.296448,1.711113,-1.433604158315158,-1.3253954167827258,0.5447102458414873,-0.2894426366193738
S4O,5.455508,3.082568,-1.5148542638529874,-1.629572291024485,0.5447102458414873,-0.2894426366193738
S4O,4.51258,-1.027537,-1.5040923750971424,-1.3925789219338924,0.5447102458414873,-0.2894426366193738
S4O,-0.44236,-0.312082,-1.4058741914554116,-1.346029988744346,0.5447102458414873,-0.2894426366193738
S4O,0.888506,0.472147,-1.506872722860368,-1.3532297062285361,0.5447102458414873,-0.2894426366193738
S4O,4.067358,1.475593,-1.5200098287887853,-1.332764133121495,0.5447102458414873,-0.2894426366193738
S4O,2.159644,1.628098,-1.5102255469079962,-1.408555759982023,0.5447102458414873,-0.2894426366193738
S4O,3.118012,2.67895,-1.5191048456397729,-1.6126823781676713,0.5447102458414873,-0.2894426366193738
S4O,4.882661,2.947526,-1.538065702836784,-1.4702591644993144,0.5447102458414873,-0.2894426366193738
S4O,5.258968,4.176391,-1.5387767589716776,-1.6035765445112402,0.5447102458414873,-0.2894426366193738
S4O,4.080751,2.378956,-1.5277581142948224,-1.5723005692756613,0.5447102458414873,-0.2894426366193738
S4O,3.014148,-0.395882,-1.5506586196002523,-1.5164391474374947,0.5447102458414873,-0.2894426366193738
S4O,3.391228,1.703573,-1.5379343706797344,-1.5090112855883946,0.5447102458414873,-0.2894426366193738
S4O,2.23496,-0.943414,-1.5576062840116391,-1.5059543031258387,0.5447102458414873,-0.2894426366193738
S4O,2.837038,-0.196116,-1.5088275447252126,-1.3911471693375377,0.5447102458414873,-0.2894426366193738
S4O,0.794513,0.142602,-1.5508789989121456,-1.4634677430813539,0.5447102458414873,-0.2894426366193738
S4O,0.172488,-0.291034,-1.506872722860368,-1.3601720444568277,0.5447102458414873,-0.2894426366193738
S4O,2.007709,-0.964052,-1.5233305838125213,-1.325124597643977,0.5447102458414873,-0.2894426366193738
S4O,4.790452,-0.016346,-1.5337424749709079,-1.5193809542629972,0.5447102458414873,-0.2894426366193738
S4O,4.406442,0.998781,-1.5337424749709079,-1.5193809542629972,0.5447102458414873,-0.2894426366193738
S4O,7.339434,0.319504,-1.5337424749709079,-1.5193809542629972,0.5447102458414873,-0.2894426366193738
S4O,4.414263,-3.432964,-1.5045476764511136,-1.4115933091707664,0.5447102458414873,-0.2894426366193738
S4O,5.26708,1.463573,-1.5013276037968228,-1.3532297062285361,0.5447102458414873,-0.2894426366193738
S4O,9.12747,0.430488,-1.5337424749709079,-1.5193809542629972,0.5447102458414873,-0.2894426366193738
E4O,-0.620751,1.361074,0.4978552339256593,-0.4958433065695248,0.6970323526174169,-0.23335235665362042
E4O,-0.162604,-0.43953,0.47524252029904923,-0.5613681314419358,0.6970323526174169,-0.23335235665362042
E4O,-0.060948,-0.545725,0.6320574237712347,-0.7376820033177531,0.6970323526174169,-0.23335235665362042
E4O,-1.263639,1.319231,0.8335960557222977,-0.5619765487632513,0.6970323526174169,-0.23335235665362042
E4O,-0.208202,0.087654,0.7345201899041255,-0.5609561964339951,0.6970323526174169,-0.23335235665362042
E4O,-0.156306,0.720953,0.5879120799195519,-0.6375963504111192,0.6970323526174169,-0.23335235665362042
E4O,-0.994594,-0.30327,0.7592958330552315,-0.5327252635334416,0.6970323526174169,-0.23335235665362042
E4O,-0.707604,-0.654327,0.23498857623291797,-0.7462912343409178,0.6970323526174169,-0.23335235665362042
E4O,-1.169949,-0.739848,0.2684350747900743,-0.16284242702301935,0.6970323526174169,-0.23335235665362042
E4O,-1.123885,-4.024047,0.09675529068542518,-0.06594002240429488,0.6970323526174169,-0.23335235665362042
E4O,-1.592727,-0.124402,0.1231587386049829,-0.17568034546080694,0.6970323526174169,-0.23335235665362042
E4O,-0.452932,-1.673274,0.37553950309031464,-0.14671431681459637,0.6970323526174169,-0.23335235665362042
E4O,-1.684945,1.197908,0.28150527915157103,-0.35668202861701764,0.6970323526174169,-0.23335235665362042
E4O,-1.682469,-0.856022,0.2833874501968927,-0.35668202861701764,0.6970323526174169,-0.23335235665362042
E4O,-2.031889,0.391511,0.1373674895450547,-0.3740916241512845,0.6970323526174169,-0.23335235665362042
E4O,-0.495874,0.61734,0.5523611219965954,-0.5152629873918507,0.6970323526174169,-0.23335235665362042
E4O,-1.586159,0.087303,0.23639568779625875,-0.5471986523037334,0.6970323526174169,-0.23335235665362042
E4O,-1.145312,1.413008,0.629178432110872,-0.7683586436900405,0.6970323526174169,-0.23335235665362042
E4O,-1.281171,0.817935,0.629178432110872,-0.7683586436900405,0.6970323526174169,-0.23335235665362042
E4O,0.55479,0.636165,0.5565525159954188,-0.6149794279144252,0.6970323526174169,-0.23335235665362042
E4O,0.007404,1.046568,0.5189842384036042,-0.5148694340964101,0.6970323526174169,-0.23335235665362042
E4O,-0.794295,3.435822,0.5189842384036042,-0.5148694340964101,0.6970323526174169,-0.23335235665362042
E4O,-0.908011,2.660908,0.33997367228030995,-0.5141726131312115,0.6970323526174169,-0.23335235665362042
E4O,0.290142,2.336551,0.29739840483440627,-0.6104476665228187,0.6970323526174169,-0.23335235665362042
E4O,-0.566289,1.849124,0.3799312330752912,-0.6104476665228187,0.6970323526174169,-0.23335235665362042
E4O,-0.599433,-0.359062,0.17791294247340952,-0.5933053988363016,0.6970323526174169,-0.23335235665362042
E4O,-0.362885,0.208004,-0.05445874363790614,-0.7116064626989329,0.6970323526174169,-0.23335235665362042
E4O,-0.538798,0.619763,0.1918249674353116,-0.41873069885474457,0.6970323526174169,-0.23335235665362042
E4O,-1.054637,-0.031995,0.2684508163452421,-0.587667681898907,0.6970323526174169,-0.23335235665362042
E4O,-2.152567,-0.316039,0.42081170792207345,-0.5587502127930773,0.6970323526174169,-0.23335235665362042
E4O,0.5093,0.783837,0.08213014770078761,-0.5539480461232713,0.6970323526174169,-0.23335235665362042
E4O,0.547971,-0.914955,0.2901231356177818,-0.4194275198199431,0.6970323526174169,-0.23335235665362042
E4O,-1.511168,-0.586644,0.2410560325411177,-0.7612476969108208,0.6970323526174169,-0.23335235665362042
E4O,0.089537,0.785208,0.1918249674353116,-0.41873069885474457,0.6970323526174169,-0.23335235665362042
E4O,-1.440161,-0.568329,0.1918249674353116,-0.41873069885474457,0.6970323526174169,-0.23335235665362042
E4O,-0.505098,-1.357796,0.18469190934860094,-0.5788708501140889,0.6970323526174169,-0.23335235665362042
E4O,-0.043936,-0.435066,0.27374234740611086,-0.5420289409746314,0.6970323526174169,-0.23335235665362042
E4O,-1.031291,0.000172,0.27374234740611086,-0.5420289409746314,0.6970323526174169,-0.23335235665362042
E4O,-1.35164,-1.097935,0.28927976369971753,-0.5951215347335517,0.6970323526174169,-0.23335235665362042
E4O,-1.444558,-0.646214,0.08763143506932614,-0.546497982885176,0.6970323526174169,-0.23335235665362042
E4O,-1.374627,-0.170199,0.19876595470342048,-0.6437225176048066,0.6970323526174169,-0.23335235665362042
E4O,-0.453004,-2.532737,0.37131228420698065,-0.4964507548352327,0.6970323526174169,-0.23335235665362042
E4O,-0.730412,-2.584049,0.5189842384036042,-0.5148694340964101,0.6970323526174169,-0.23335235665362042
E4O,-0.779688,-3.552353,0.6207889144329972,-0.6189712176448022,0.6970323526174169,-0.23335235665362042
E4O,-0.977133,-3.998846,0.2920966411837998,-0.5543118281657784,0.6970323526174169,-0.23335235665362042
E4O,-1.64421,-3.324962,0.30717562510479685,-0.4798287236433645,0.6970323526174169,-0.23335235665362042
E4O,-2.866352,-4.093118,0.7889019224587362,-0.6867678297011592,0.6970323526174169,-0.23335235665362042
E4O,-3.121257,-3.364367,0.10827568981843018,-0.6171458302909271,0.6970323526174169,-0.23335235665362042
E4O,-4.278868,-5.754642,0.5030123216907979,-0.612823448709614,0.6970323526174169,-0.23335235665362042
E4O,-3.041958,-5.869109,0.29189095028564566,-0.8476364235747001,0.6970323526174169,-0.23335235665362042
E4O,-3.517851,-7.148189,0.39933341234441466,-0.8132634013107224,0.6970323526174169,-0.23335235665362042
E4O,-1.958045,-4.021609,0.4692437427701614,-0.7643624622997748,0.6970323526174169,-0.23335235665362042
E4O,-1.370948,-5.34953,0.671641951554316,-0.6409645185258814,0.6970323526174169,-0.23335235665362042
E4O,-1.045682,-3.7829,0.48586692361463757,-0.748377370384466,0.6970323526174169,-0.23335235665362042
E4O,-0.907329,-4.192538,0.6931515533662912,-0.5772728003914825,0.6970323526174169,-0.23335235665362042
E4O,-0.258537,-2.711143,0.13090608051961733,-0.8488311238111879,0.6970323526174169,-0.23335235665362042
E4O,-1.053255,-6.014853,0.7207246931732706,-0.5023616929420278,0.6970323526174169,-0.23335235665362042
E4O,-1.420475,-4.319839,0.3593826616208432,-0.596086771066885,0.6970323526174169,-0.23335235665362042
E4O,-1.382756,-1.553816,0.0752203168455784,-0.7895112955562847,0.6970323526174169,-0.23335235665362042
E4O,-1.13345,-2.57246,0.3593826616208432,-0.596086771066885,0.6970323526174169,-0.23335235665362042
E4O,-0.819023,-3.963123,0.3007490400268923,-0.587667681898907,0.6970323526174169,-0.23335235665362042
E4O,-0.658363,-1.784459,0.31219761392944223,-0.8434376101551927,0.6970323526174169,-0.23335235665362042
E4O,-0.535478,1.155346,0.7207246931732706,-0.5023616929420278,0.6970323526174169,-0.23335235665362042
E4O,-1.015912,-1.920543,-0.04278255542704402,-0.5672633089891338,0.6970323526174169,-0.23335235665362042
E4O,-1.54241,-1.712233,0.5784771761476186,-0.5174873527452685,0.6970323526174169,-0.23335235665362042
E4O,-1.943277,-1.566824,0.5784771761476186,-0.5174873527452685,0.6970323526174169,-0.23335235665362042
E4O,-1.829292,-1.740686,0.3593826616208432,-0.596086771066885,0.6970323526174169,-0.23335235665362042
E4O,-1.70106,0.149598,0.28927976369971753,-0.5951215347335517,0.6970323526174169,-0.23335235665362042
E4O,-1.796453,-0.682159,-0.0631199494714971,-0.668076102980472,0.6970323526174169,-0.23335235665362042
E4O,-2.557507,-1.387047,-0.0631199494714971,-0.668076102980472,0.6970323526174169,-0.23335235665362042
E4O,-1.475692,1.186096,-0.0631199494714971,-0.668076102980472,0.6970323526174169,-0.23335235665362042
E4O,-2.125793,-0.127798,0.14284386796335433,-0.6097577493930653,0.6970323526174169,-0.23335235665362042
E4O,-1.85752,-0.142941,0.5660478277720871,-0.5148694340964101,0.6970323526174169,-0.23335235665362042
E4O,-1.942991,1.871026,0.11847686838928818,-0.5680475635022124,0.6970323526174169,-0.23335235665362042
E4O,-0.814805,-1.027781,0.2809439304071671,-0.7391057479996209,0.6970323526174169,-0.23335235665362042
E4O,-3.066618,0.941042,0.28927976369971753,-0.5951215347335517,0.6970323526174169,-0.23335235665362042
E4O,-2.075978,-1.057047,0.11847686838928818,-0.5680475635022124,0.6970323526174169,-0.23335235665362042
E4O,-1.679669,-0.711075,0.08763143506932614,-0.546497982885176,0.6970323526174169,-0.23335235665362042
E4O,-2.092901,0.740974,0.6323947977254598,-0.5470155584223471,0.6970323526174169,-0.23335235665362042
E4O,-2.55853,-1.119104,0.6323947977254598,-0.5470155584223471,0.6970323526174169,-0.23335235665362042
E4O,-2.205126,-3.0589,0.6621154891398155,-0.5688429900989135,0.6970323526174169,-0.23335235665362042
E4O,-1.806035,-3.617199,0.42143747617025407,-0.5493584173300456,0.6970323526174169,-0.23335235665362042
E4O,-3.816741,-1.572691,0.3827857179395858,-0.7912920058947092,0.6970323526174169,-0.23335235665362042
E4O,-2.074973,-2.374209,0.5737346317257217,-0.478311963809604,0.6970323526174169,-0.23335235665362042
E4O,-3.00275,-2.790638,0.6539149492579538,-0.6207761163036161,0.6970323526174169,-0.23335235665362042
E4O,-1.592619,-0.503913,0.6443717143950566,-0.4519625278728578,0.6970323526174169,-0.23335235665362042
E4O,-2.36837,0.533285,0.4573053604402167,-0.625486515359217,0.6970323526174169,-0.23335235665362042
E4O,-1.662873,-3.178804,0.07446079800139213,-0.5869691485564664,0.6970323526174169,-0.23335235665362042
E4O,-1.793349,-2.724963,0.7002909952462366,-0.5157548208045551,0.6970323526174169,-0.23335235665362042
E4O,-0.200073,-1.866138,0.7680844864395692,-0.7147034488938019,0.6970323526174169,-0.23335235665362042
E4O,-1.726576,-3.353798,0.3228322663159569,-0.587667681898907,0.6970323526174169,-0.23335235665362042
E4O,-2.671095,-4.829663,0.41599218969676005,-0.7160070738830011,0.6970323526174169,-0.23335235665362042
E4O,-0.76867,-3.452518,0.2821055041892636,-0.8354346058536943,0.6970323526174169,-0.23335235665362042
E4O,-0.531548,-2.68457,-0.04009926095600033,-0.6763565525181217,0.6970323526174169,-0.23335235665362042
E4O,-0.047956,-1.841239,-0.04411026509893942,-0.6763565525181217,0.6970323526174169,-0.23335235665362042
E4O,-1.034556,-0.725167,-0.04009926095600033,-0.6763565525181217,0.6970323526174169,-0.23335235665362042
E4O,-0.908961,0.450905,0.1209330360882791,-0.6630061651701912,0.6970323526174169,-0.23335235665362042
E4O,-0.118658,-0.709896,0.12675516943368662,-0.6630061651701912,0.6970323526174169,-0.23335235665362042
E4O,-0.829395,-3.002614,0.1209330360882791,-0.6630061651701912,0.6970323526174169,-0.23335235665362042
E4O,0.723075,-1.817791,0.2296266409145982,-0.6801484328567085,0.6970323526174169,-0.23335235665362042
E4O,0.24693,-1.098876,-0.07935312258702529,-0.64430114854151,0.6970323526174169,-0.23335235665362042
E4O,-1.091657,-1.927429,-0.07369700975361,-0.64430114854151,0.6970323526174169,-0.23335235665362042
E4O,-0.576464,-2.336015,-0.18643837287906098,-0.8320600143048728,0.6970323526174169,-0.23335235665362042
E4O,-1.2645,-2.319501,0.14740506055753574,-0.7213686700967266,0.6970323526174169,-0.23335235665362042
E4O,-1.89872,-2.875281,-0.01811137953597773,-0.6817661935622309,0.6970323526174169,-0.23335235665362042
E4O,-0.799499,-0.47055,0.0997397793206517,-0.7932121615675229,0.6970323526174169,-0.23335235665362042
E4O,0.156201,-2.801525,0.025316818096254308,-0.637984661823113,0.6970323526174169,-0.23335235665362042
E4O,-0.716397,-0.810098,-0.10232089848295854,-0.8261017635180197,0.6970323526174169,-0.23335235665362042
E4O,-0.727666,-2.249347,0.10295930116832135,-0.8566865646282901,0.6970323526174169,-0.23335235665362042
E4O,-1.501962,-2.998135,0.2967884958700569,-0.5580533918278788,0.6970323526174169,-0.23335235665362042
E4O,-2.244443,-2.420452,0.2666901275240066,-0.5352440220275285,0.6970323526174169,-0.23335235665362042
E4O,-1.063555,-0.857473,0.08859358619720303,-0.8822920158964195,0.6970323526174169,-0.23335235665362042
E4O,-0.176548,-1.354019,0.4130974002000949,-0.663160678943226,0.6970323526174169,-0.23335235665362042
E4O,-0.956928,-0.684901,0.13851548510502432,-0.7859620245627833,0.6970323526174169,-0.23335235665362042
E4O,-2.683909,-3.054197,0.11779410282870773,-0.7366888671071393,0.6970323526174169,-0.23335235665362042
E4O,-2.687766,-5.029636,0.22205374588789534,-0.5616302514886024,0.6970323526174169,-0.23335235665362042
E4O,-4.512544,-5.317299,0.45656722470440136,-0.5003738964619554,0.6970323526174169,-0.23335235665362042
E4O,-3.667922,-7.708975,0.3400280603530848,-0.5669354330448858,0.6970323526174169,-0.23335235665362042
E4O,-2.506685,-6.970867,0.5737346317257217,-0.478311963809604,0.6970323526174169,-0.23335235665362042
E4O,-3.245342,-9.85359,0.38236307132127045,-0.6118876456624491,0.6970323526174169,-0.23335235665362042
E4O,-3.274199,-4.929562,0.23882566341182254,-0.5503158921932756,0.6970323526174169,-0.23335235665362042
E4O,-1.276613,-3.010855,0.02676857221795696,-0.6913616946551077,0.6970323526174169,-0.23335235665362042
E4O,-1.128695,-4.872081,0.3491059105664058,-0.6368876605617845,0.6970323526174169,-0.23335235665362042
E4O,-2.558081,-1.587929,0.254159412769684,-0.5697202174718031,0.6970323526174169,-0.23335235665362042
E4O,-1.364919,0.097138,0.15228706996625552,-0.500475470768413,0.6970323526174169,-0.23335235665362042
E4O,-1.72184,-0.027819,0.5219875977535666,-0.5152629873918507,0.6970323526174169,-0.23335235665362042
E4O,-1.928526,-3.498665,0.3529366173387513,-0.4959194476478425,0.6970323526174169,-0.23335235665362042
E4O,-0.468742,-1.571925,0.2666901275240066,-0.5352440220275285,0.6970323526174169,-0.23335235665362042
E4O,-1.212604,-1.686202,0.29588666972048727,-0.4697191971551176,0.6970323526174169,-0.23335235665362042
E4O,-1.6092,-2.132615,0.23746602657188992,-0.6165351458103349,0.6970323526174169,-0.23335235665362042
E4O,-1.14366,-2.181217,0.2378255050175592,-0.6435472411496314,0.6970323526174169,-0.23335235665362042
E4O,-1.695855,-2.618847,0.5538892894680668,-0.7410873384714873,0.6970323526174169,-0.23335235665362042
E4O,-1.776876,-0.71675,0.4033791814206763,-0.45430433411004023,0.6970323526174169,-0.23335235665362042
E4O,-1.093953,-2.730956,0.2653747225687111,-0.6752529702376326,0.6970323526174169,-0.23335235665362042
E4O,-0.75042,-1.031415,0.3394516089800972,-0.5267926542100867,0.6970323526174169,-0.23335235665362042
E4O,-0.709039,-1.156532,0.06226894059613178,-0.506419704924924,0.6970323526174169,-0.23335235665362042
E4O,-1.929801,-1.232727,0.11158996062664253,-0.5194769692397934,0.6970323526174169,-0.23335235665362042
E4O,0.545188,-3.348092,0.19138798047523448,-0.7079283177874545,0.6970323526174169,-0.23335235665362042
E4O,-0.284431,-1.548843,-0.03327353339355651,-0.68802341859758,0.6970323526174169,-0.23335235665362042
E4O,-0.808884,-1.87642,-0.1337581300746693,-0.8453730240696261,0.6970323526174169,-0.23335235665362042
E4O,-1.446226,-1.438614,0.009437392609847576,-0.6671938019325968,0.6970323526174169,-0.23335235665362042
E4O,0.035613,-1.600395,0.009437392609847576,-0.6671938019325968,0.6970323526174169,-0.23335235665362042
E4O,-0.583014,-1.498503,-0.0030087303012165,-0.5698039175827921,0.6970323526174169,-0.23335235665362042
E4O,-1.560696,0.443047,-0.03327353339355651,-0.68802341859758,0.6970323526174169,-0.23335235665362042
E4O,-1.810253,0.122276,0.027761249854457375,-0.6424350618103081,0.6970323526174169,-0.23335235665362042
E4O,0.760991,-4.197417,-0.15771360027789053,-0.7065349975523763,0.6970323526174169,-0.23335235665362042
E4O,-0.691149,-3.032741,0.2809266268370455,-0.6353554059192512,0.6970323526174169,-0.23335235665362042
E4O,0.165729,-3.014139,0.282593385075633,-0.6136859101145895,0.6970323526174169,-0.23335235665362042
E4O,-0.722499,-7.116228,0.3551318796433851,-0.4981851128067072,0.6970323526174169,-0.23335235665362042
E4O,-1.154373,-4.468803,-0.12232016240759748,-0.555706406928167,0.6970323526174169,-0.23335235665362042
E4O,-0.867617,-5.110056,0.06074768046873674,-0.6329149043839111,0.6970323526174169,-0.23335235665362042
E4O,-1.794533,-1.887753,0.321308899594098,-0.43492521266786244,0.6970323526174169,-0.23335235665362042
E4O,-0.616248,-5.615369,0.010456952117054896,-0.8113123915276543,0.6970323526174169,-0.23335235665362042
E4O,-2.303284,-1.937169,-0.08405433173826905,-0.7793759039427134,0.6970323526174169,-0.23335235665362042
E4O,-0.588074,-0.348541,0.3400280603530848,-0.5669354330448858,0.6970323526174169,-0.23335235665362042
E4O,-1.418609,-1.998269,0.4090759858887851,-0.6207712236921935,0.6970323526174169,-0.23335235665362042
E4O,-0.656246,-4.798292,0.08148400116228986,-0.8281421606272875,0.6970323526174169,-0.23335235665362042
E4O,0.451392,-0.909503,0.5377225206623846,-0.6610904753833926,0.6970323526174169,-0.23335235665362042
E4O,0.943061,1.5072,0.6064611365001762,-0.5657107269405162,0.6970323526174169,-0.23335235665362042
E4O,1.232042,0.810011,0.5440851493574567,-0.6273503850243775,0.6970323526174169,-0.23335235665362042
E4O,-0.851431,0.135124,0.25803772043197315,-0.8395955945625095,0.6970323526174169,-0.23335235665362042
E4O,-1.035328,0.882191,0.5939010394629157,-0.7547440235228737,0.6970323526174169,-0.23335235665362042
E4O,0.373944,2.867592,0.1063518059900904,-0.5778000981925202,0.6970323526174169,-0.23335235665362042
E4O,-0.17434,0.878237,0.1722878475519133,-0.5194769692397934,0.6970323526174169,-0.23335235665362042
E4O,0.259725,-0.58615,0.36250314804724404,-0.7560886156871355,0.6970323526174169,-0.23335235665362042
E4O,-0.252705,1.206356,0.33997367228030995,-0.5141726131312115,0.6970323526174169,-0.23335235665362042
E4O,-0.471361,-1.23692,0.3400280603530848,-0.5669354330448858,0.6970323526174169,-0.23335235665362042
E4O,-0.963208,-0.796166,0.3400280603530848,-0.5669354330448858,0.6970323526174169,-0.23335235665362042
E4O,-0.136692,-0.552611,-0.04225118169993637,-0.7023372969221141,0.6970323526174169,-0.23335235665362042
E4O,-0.193398,-2.033944,0.10814455547393832,-0.6390554137446816,0.6970323526174169,-0.23335235665362042
E4O,-0.836178,0.882111,-0.09108947364436061,-0.6830823550545461,0.6970323526174169,-0.23335235665362042
E4O,-0.795174,-1.252127,-0.12079006242425763,-0.5873240300687996,0.6970323526174169,-0.23335235665362042
E4O,-0.003435,-1.910724,0.3551318796433851,-0.4981851128067072,0.6970323526174169,-0.23335235665362042
E4O,-2.187181,-5.124865,0.22445027841960577,-0.495753933870034,0.6970323526174169,-0.23335235665362042
E4O,-2.76299,-4.645885,-0.035870348480338335,-0.8134450826658995,0.6970323526174169,-0.23335235665362042
E4O,-0.551898,-4.38003,0.02240378755733603,-0.6671938019325968,0.6970323526174169,-0.23335235665362042
E4O,-1.833042,-4.095636,-0.06776892635988531,-0.7265320229544608,0.6970323526174169,-0.23335235665362042
E4O,-1.911407,-3.767517,0.1795553025269183,-0.5830932953860823,0.6970323526174169,-0.23335235665362042
E4O,-2.056939,-2.531493,0.12675516943368662,-0.6630061651701912,0.6970323526174169,-0.23335235665362042
E4O,-2.195131,-2.691121,0.3394090510536145,-0.6667080805474364,0.6970323526174169,-0.23335235665362042
E4O,-2.01877,-3.571705,0.41125207847088596,-0.5753378184088854,0.6970323526174169,-0.23335235665362042
E4O,-2.011628,-3.159117,-0.07111420406051557,-0.6838066157562169,0.6970323526174169,-0.23335235665362042
E4O,-2.63526,-5.434429,-0.03624656980228555,-0.6688810555006888,0.6970323526174169,-0.23335235665362042
E4O,-2.342151,-5.104955,0.33997367228030995,-0.5141726131312115,0.6970323526174169,-0.23335235665362042
E4O,-2.291278,-4.203713,0.4814303616563161,-0.44438049202437424,0.6970323526174169,-0.23335235665362042
E4O,-2.131121,-4.703877,0.37833920563458157,-0.48291187551341946,0.6970323526174169,-0.23335235665362042
E4O,-1.456742,-5.534439,0.3298328418561617,-0.688939823158129,0.6970323526174169,-0.23335235665362042
E4O,-0.88348,-4.818951,0.6872189564123502,-0.7451281934553639,0.6970323526174169,-0.23335235665362042
E4O,-0.687416,-5.064418,0.20056260807256224,-0.6771721520212595,0.6970323526174169,-0.23335235665362042
E4O,-0.679377,-5.589482,0.4079472283339868,-0.5141726131312115,0.6970323526174169,-0.23335235665362042
E4O,-1.694419,-5.454051,0.6218222797609845,-0.4836086964786182,0.6970323526174169,-0.23335235665362042
E4O,-1.377193,-3.362358,0.6443717143950566,-0.4519625278728578,0.6970323526174169,-0.23335235665362042
E4O,-1.043978,-4.229472,0.4533428394623624,-0.45430433411004023,0.6970323526174169,-0.23335235665362042
E4O,-0.562665,-6.47786,0.4810793693470411,-0.5398459299704043,0.6970323526174169,-0.23335235665362042
E4O,-2.221706,-4.687601,0.5660478277720871,-0.5148694340964101,0.6970323526174169,-0.23335235665362042
E4O,-0.909429,-6.804305,0.7549812664981036,-0.7519495660943062,0.6970323526174169,-0.23335235665362042
E4O,-0.608854,-3.863368,0.6998236221757241,-0.6467489554214534,0.6970323526174169,-0.23335235665362042
E4O,-0.107246,-4.22654,0.5095812513462805,-0.6508876635383894,0.6970323526174169,-0.23335235665362042
E4O,-0.155212,-2.024937,-0.10232089848295854,-0.8261017635180197,0.6970323526174169,-0.23335235665362042
E4O,0.390953,-3.696567,0.5440851493574567,-0.6273503850243775,0.6970323526174169,-0.23335235665362042
E4O,-0.416469,-2.266913,0.6627073277514778,-0.6467489554214534,0.6970323526174169,-0.23335235665362042
E4O,0.166681,-0.804136,-0.03151858892178245,-0.7685560803761056,0.6970323526174169,-0.23335235665362042
E4O,-0.479957,-3.200929,0.1298774730158659,-0.6097577493930653,0.6970323526174169,-0.23335235665362042
E4O,0.971715,-4.945997,0.37833920563458157,-0.48291187551341946,0.6970323526174169,-0.23335235665362042
E4O,1.767978,-1.519594,-0.05151925929214971,-0.5747133722272292,0.6970323526174169,-0.23335235665362042
E4O,0.793597,-3.429086,-0.04278255542704402,-0.5672633089891338,0.6970323526174169,-0.23335235665362042
E4O,0.43009,-4.814966,0.06260224542841392,-0.6551302408605201,0.6970323526174169,-0.23335235665362042
E4O,0.5594,-3.38238,-0.016581101338792932,-0.6219255250478866,0.6970323526174169,-0.23335235665362042
E4O,1.016236,-5.015482,-0.0232223506435221,-0.5988809321297666,0.6970323526174169,-0.23335235665362042
E4O,0.32427,-4.49646,-0.0232223506435221,-0.5988809321297666,0.6970323526174169,-0.23335235665362042
E4O,1.853823,-4.861848,-0.016581101338792932,-0.6219255250478866,0.6970323526174169,-0.23335235665362042
E4O,-0.164489,-3.810318,-0.016581101338792932,-0.6219255250478866,0.6970323526174169,-0.23335235665362042
E4O,0.21113,-1.733083,-0.016581101338792932,-0.6219255250478866,0.6970323526174169,-0.23335235665362042
E4O,-0.324969,-2.171621,0.0025284311086298797,-0.8314612328275941,0.6970323526174169,-0.23335235665362042
E4O,0.699925,-3.658198,-0.03618874559101051,-0.5988809321297666,0.6970323526174169,-0.23335235665362042
E4O,0.465012,-2.193891,0.057711243392836606,-0.8799299325042178,0.6970323526174169,-0.23335235665362042
E4O,-0.026189,-0.692792,-0.04492544945611619,-0.6063309953678618,0.6970323526174169,-0.23335235665362042
E4O,-0.699583,-5.566017,0.021939690012967944,-0.6026690373700127,0.6970323526174169,-0.23335235665362042
E4O,-0.864476,-1.717015,-0.035870348480338335,-0.8134450826658995,0.6970323526174169,-0.23335235665362042
E4O,-0.210535,-2.814309,-0.03151858892178245,-0.7685560803761056,0.6970323526174169,-0.23335235665362042
E4O,-1.242249,-2.878852,0.6540865719801419,-0.5496334770712057,0.6970323526174169,-0.23335235665362042
E4O,0.859273,-4.649441,-0.08412080187526638,-0.5748982470738434,0.6970323526174169,-0.23335235665362042
E4O,0.34505,-4.319042,0.09125328909354398,-0.844542406423182,0.6970323526174169,-0.23335235665362042
E4O,0.506931,-0.879152,0.3694927088294239,-0.5907533966641453,0.6970323526174169,-0.23335235665362042
E4O,0.983146,-4.076014,0.4917505728205011,-0.717602188827795,0.6970323526174169,-0.23335235665362042
E4O,-0.10791,-2.998693,0.47289290399533107,-0.8445416208985189,0.6970323526174169,-0.23335235665362042
E4O,0.153815,1.161085,0.5737346317257217,-0.478311963809604,0.6970323526174169,-0.23335235665362042
E4O,0.79234,-3.451339,0.5360960743170262,-0.4828425537020343,0.6970323526174169,-0.23335235665362042
E4O,-0.191783,-1.051787,0.5523611219965954,-0.5152629873918507,0.6970323526174169,-0.23335235665362042
E4O,0.125552,0.660395,0.15228706996625552,-0.500475470768413,0.6970323526174169,-0.23335235665362042
E4O,0.771508,-0.101592,0.18440763462370113,-0.5152630505343897,0.6970323526174169,-0.23335235665362042
E4O,0.845852,-1.835884,0.21627498329637254,-0.6063548991239369,0.6970323526174169,-0.23335235665362042
E4O,0.58517,-1.876978,0.03731955565203655,-0.7140585726722627,0.6970323526174169,-0.23335235665362042
E4O,0.448665,-0.194987,0.2839770885869937,-0.7387068045164475,0.6970323526174169,-0.23335235665362042
E4O,1.382703,-4.053921,0.08597764944848403,-0.6119222007268871,0.6970323526174169,-0.23335235665362042
E4O,-0.332452,-2.494894,0.1206897800053927,-0.41873069885474457,0.6970323526174169,-0.23335235665362042
E4O,0.069869,-1.088881,0.6334585075795612,-0.4886392420912253,0.6970323526174169,-0.23335235665362042
E4O,1.108403,0.526781,0.08677342659220956,-0.6034350895832482,0.6970323526174169,-0.23335235665362042
E4O,-0.065649,-1.773269,0.21593736165731714,-0.5420289409746314,0.6970323526174169,-0.23335235665362042
E4O,1.014731,0.297669,0.6010898897742287,-0.4519625278728578,0.6970323526174169,-0.23335235665362042
E4O,1.363343,-1.440943,-0.03618874559101051,-0.5988809321297666,0.6970323526174169,-0.23335235665362042
E4O,0.958653,-1.172537,0.15239344509497282,-0.495753933870034,0.6970323526174169,-0.23335235665362042
E4O,1.931959,1.194654,0.27434539478167347,-0.5003382721632751,0.6970323526174169,-0.23335235665362042
E4O,0.882173,-0.811039,-0.03151858892178245,-0.7685560803761056,0.6970323526174169,-0.23335235665362042
E4O,-0.683037,0.639066,0.4079472283339868,-0.5141726131312115,0.6970323526174169,-0.23335235665362042
E4O,0.282586,-2.183593,0.004578891943180921,-0.6671938019325968,0.6970323526174169,-0.23335235665362042
E4O,0.386988,-1.955086,0.1206897800053927,-0.41873069885474457,0.6970323526174169,-0.23335235665362042
E4O,-0.148733,-0.384503,0.11158996062664253,-0.5194769692397934,0.6970323526174169,-0.23335235665362042
E4O,0.30952,-2.564618,0.6327750992029777,-0.6172096966867253,0.6970323526174169,-0.23335235665362042
E4O,-0.287697,-2.274182,0.08518179760276379,-0.79696135879438,0.6970323526174169,-0.23335235665362042
E4O,-0.24603,-2.298858,-0.05151925929214971,-0.5747133722272292,0.6970323526174169,-0.23335235665362042
E4O,0.175778,-2.836116,0.08518179760276379,-0.79696135879438,0.6970323526174169,-0.23335235665362042
E4O,-1.06858,-4.283893,-0.03151858892178245,-0.7685560803761056,0.6970323526174169,-0.23335235665362042
E4O,-0.670225,-4.473808,0.08518179760276379,-0.79696135879438,0.6970323526174169,-0.23335235665362042
E4O,-0.246873,-1.550963,0.6539149492579538,-0.6207761163036161,0.6970323526174169,-0.23335235665362042
E4O,0.164006,-3.616785,0.11334871109733724,-0.6108851528213435,0.6970323526174169,-0.23335235665362042
E4O,-0.224838,-4.688702,0.2181719345581171,-0.6587287696788807,0.6970323526174169,-0.23335235665362042
E4O,-0.544989,-4.257639,0.02594233434915518,-0.534941080824209,0.6970323526174169,-0.23335235665362042
E4O,-0.155626,-6.132494,0.11296344001583497,-0.6873461133730893,0.6970323526174169,-0.23335235665362042
E4O,-0.376256,-7.18042,0.506042345720871,-0.5713673797891121,0.6970323526174169,-0.23335235665362042
E4O,-0.017648,-5.213845,0.07466504012183763,-0.546497982885176,0.6970323526174169,-0.23335235665362042
E4O,0.109598,-4.294589,0.3050412282233481,-0.6182174941346283,0.6970323526174169,-0.23335235665362042
E4O,-0.256043,-3.715855,0.11325151392338421,-0.6202027512525301,0.6970323526174169,-0.23335235665362042
E4O,0.571045,-6.608827,0.16020684100957386,-0.7470139310389712,0.6970323526174169,-0.23335235665362042
E4O,1.74551,-3.53863,0.2017364286061682,-0.6919466183833834,0.6970323526174169,-0.23335235665362042
E4O,1.304465,-3.056095,0.15266525390916916,-0.6244148219627486,0.6970323526174169,-0.23335235665362042
E4O,0.726089,-2.431866,0.4090759858887851,-0.6207712236921935,0.6970323526174169,-0.23335235665362042
E4O,0.120527,-2.766026,0.460965697490697,-0.5361520292323961,0.6970323526174169,-0.23335235665362042
E4O,-0.166803,1.011755,0.5577613966647352,-0.5099581324153643,0.6970323526174169,-0.23335235665362042
E4O,1.701834,-0.879631,0.2873679810125218,-0.47250867193677853,0.6970323526174169,-0.23335235665362042
E4O,0.738041,-1.171246,0.15521053844617905,-0.4682806418049132,0.6970323526174169,-0.23335235665362042
E4O,1.010244,-1.688897,0.2704368983195853,-0.5060162523985591,0.6970323526174169,-0.23335235665362042
E4O,-0.19137,-0.281639,0.18672084165445815,-0.6571827820969252,0.6970323526174169,-0.23335235665362042
E4O,-0.714602,0.65201,0.2773658626128074,-0.693078531275065,0.6970323526174169,-0.23335235665362042
E4O,-0.532409,0.351516,0.3524762550950223,-0.4406229561221622,0.6970323526174169,-0.23335235665362042
E4O,-0.064267,-1.081309,0.29588666972048727,-0.4697191971551176,0.6970323526174169,-0.23335235665362042
E4O,0.308175,-1.158142,0.0192174134408309,-0.5754122464954996,0.6970323526174169,-0.23335235665362042
E4O,-0.342823,-1.534385,0.3394516089800972,-0.5267926542100867,0.6970323526174169,-0.23335235665362042
E4O,-0.829341,0.145039,0.010470222305488797,-0.46957726296764746,0.6970323526174169,-0.23335235665362042
E4O,-0.345371,-0.339918,0.3680334937532869,-0.44982814433869955,0.6970323526174169,-0.23335235665362042
E4O,-1.075094,1.989464,0.4018246643562554,-0.7140512971466063,0.6970323526174169,-0.23335235665362042
E4O,-0.715231,-6.033934,0.22667377431273583,-0.7217216382047195,0.6970323526174169,-0.23335235665362042
E4O,-0.5765,-4.434451,0.19205992479586828,-0.7725040074035144,0.6970323526174169,-0.23335235665362042
E4O,-1.69031,-5.476607,0.1209174739366907,-0.45970055783307134,0.6970323526174169,-0.23335235665362042
E4O,-1.347261,-5.406676,0.1913450470847606,-0.6013772777495113,0.6970323526174169,-0.23335235665362042
E4O,-1.365852,-1.063647,0.5369378886578905,-0.5048912916146039,0.6970323526174169,-0.23335235665362042
E4O,-0.573413,-0.851655,0.34250485769435957,-0.6014752243512216,0.6970323526174169,-0.23335235665362042
E4O,-1.336171,-1.10997,0.5430219888327026,-0.5445818395249653,0.6970323526174169,-0.23335235665362042
E4O,-0.920518,-1.088785,0.5546252869109699,-0.5438367886820148,0.6970323526174169,-0.23335235665362042
E4O,-0.55947,0.062834,0.5430219888327026,-0.5445818395249653,0.6970323526174169,-0.23335235665362042
E2C,2.746455,1.047535,7.877119177699569,-0.622493498976622,0.542299603914373,-0.32291898568807337
E2C,4.091774,-2.209293,7.9368365522264295,-0.6348400487446093,0.542299603914373,-0.32291898568807337
E2C,1.626485,4.291679,5.986055451207315,-0.640972577824215,0.542299603914373,-0.32291898568807337
E2C,3.872733,-3.614509,7.793074383530711,-0.6348400487446093,0.542299603914373,-0.32291898568807337
E2C,4.719396,2.342867,7.793074383530711,-0.6302964873532186,0.542299603914373,-0.32291898568807337
E2C,5.197781,-2.450136,7.9368365522264295,-0.6316052240674207,0.542299603914373,-0.32291898568807337
E2C,4.359086,-1.476501,7.9368365522264295,-0.6302964873532186,0.542299603914373,-0.32291898568807337
E2C,-1.047699,-2.768306,7.9368365522264295,-0.6348400487446093,0.542299603914373,-0.32291898568807337
E2C,5.41642,0.573559,7.9368365522264295,-0.6348400487446093,0.542299603914373,-0.32291898568807337
E2C,1.215573,4.258998,7.368541034083263,-0.6385993031496117,0.542299603914373,-0.32291898568807337
E2C,0.458321,0.941928,7.9368365522264295,-0.6302964873532186,0.542299603914373,-0.32291898568807337
E2C,1.291008,-0.712235,7.802431161615354,-0.622493498976622,0.542299603914373,-0.32291898568807337
E2C,2.617464,2.963458,6.428045954168834,-0.6297587051427534,0.542299603914373,-0.32291898568807337
E2C,5.371407,5.989552,7.9368365522264295,-0.6348400487446093,0.542299603914373,-0.32291898568807337
E2C,4.227171,1.34369,6.430093737076667,-0.6248667736512251,0.542299603914373,-0.32291898568807337
E2C,3.511749,4.029299,6.285179582731068,-0.6293599079474884,0.542299603914373,-0.32291898568807337
E2C,5.727422,3.134423,7.9368365522264295,-0.6316052240674207,0.542299603914373,-0.32291898568807337
E2C,3.769373,0.286767,7.877119177699569,-0.622493498976622,0.542299603914373,-0.32291898568807337
E2C,7.556824,0.732125,6.57593091398978,-0.6464778832769643,0.542299603914373,-0.32291898568807337
E2C,3.942489,9.864983,7.500210263539043,-0.6285747519116223,0.542299603914373,-0.32291898568807337
E2C,2.206757,3.890679,7.877119177699569,-0.622493498976622,0.542299603914373,-0.32291898568807337
E2C,4.291292,4.777907,6.514193017458684,-0.738706577841825,0.542299603914373,-0.32291898568807337
E2C,1.383914,-0.974185,6.285179582731068,-0.6280511712332864,0.542299603914373,-0.32291898568807337
E2C,8.124831,3.07761,6.814669672553053,-0.7195709191408333,0.542299603914373,-0.32291898568807337
E2C,2.353399,-0.102327,6.168483577732414,-0.6080387780584999,0.542299603914373,-0.32291898568807337
E2C,5.325616,2.498495,7.179960676997037,-0.6528415420781832,0.542299603914373,-0.32291898568807337
E2C,6.574436,5.464204,7.743687110985333,-0.622493498976622,0.542299603914373,-0.32291898568807337
E2C,4.493158,-0.624591,7.877119177699569,-0.622493498976622,0.542299603914373,-0.32291898568807337
E2C,3.129641,0.970158,7.368541034083263,-0.6385993031496117,0.542299603914373,-0.32291898568807337
E2C,1.666084,-3.133127,7.633642330253274,-0.6285747519116223,0.542299603914373,-0.32291898568807337
E2C,1.38972,-1.253556,7.633642330253274,-0.6285747519116223,0.542299603914373,-0.32291898568807337
E2C,-1.602497,0.667261,6.379855724619985,-0.625564647379107,0.542299603914373,-0.32291898568807337
E2C,-5.395174,-1.496725,6.126643025579128,-0.6333676357557035,0.542299603914373,-0.32291898568807337
E2C,2.288067,1.318895,6.187050644305288,-0.6472087916360697,0.542299603914373,-0.32291898568807337
E2C,-1.87944,-6.070022,5.962290263839852,-0.6940742469630631,0.542299603914373,-0.32291898568807337
E2C,6.19931,-0.530876,6.583815437616323,-0.7293116006129791,0.542299603914373,-0.32291898568807337
E2C,5.969068,0.542452,6.117846722717169,-0.6047040520693426,0.542299603914373,-0.32291898568807337
E2C,5.734472,-0.660976,6.88728102420896,-0.698622873633717,0.542299603914373,-0.32291898568807337
E2C,0.09817,-0.388374,6.8072106766942735,-0.6137825965372653,0.542299603914373,-0.32291898568807337
E2C,5.722078,-2.602427,6.582599505223702,-0.6196908802337705,0.542299603914373,-0.32291898568807337
E2C,4.212357,-0.832021,6.765474904313979,-0.6618706671537944,0.542299603914373,-0.32291898568807337
E2C,8.446088,-1.829328,6.574899900522001,-0.6972482126379665,0.542299603914373,-0.32291898568807337
E2C,1.638349,3.163672,6.702719697751762,-0.6679519200887944,0.542299603914373,-0.32291898568807337
E2C,3.10527,2.545339,6.551208455983138,-0.6925593941330564,0.542299603914373,-0.32291898568807337
E2C,1.978168,-0.170501,7.167339686505799,-0.6715557661818836,0.542299603914373,-0.32291898568807337
E2C,0.745455,3.939445,5.916394262180831,-0.7168326649353399,0.542299603914373,-0.32291898568807337
E2C,0.913901,2.724492,6.346789527266264,-0.7403916581260618,0.542299603914373,-0.32291898568807337
E2C,-5.852484,2.714677,6.068002984654729,-0.7212059413077689,0.542299603914373,-0.32291898568807337
E2C,-6.826505,2.814146,5.980530844036989,-0.6366385374443875,0.542299603914373,-0.32291898568807337
E2C,-1.04257,2.008643,6.648360338360854,-0.6679519200887944,0.542299603914373,-0.32291898568807337
E2C,-0.917503,3.943751,6.6044973805765625,-0.7157174162304017,0.542299603914373,-0.32291898568807337
E2C,-1.838952,0.100158,6.651638526956586,-0.6813931207050261,0.542299603914373,-0.32291898568807337
E2C,-1.477347,-1.125666,5.962290263839852,-0.6940742469630631,0.542299603914373,-0.32291898568807337
E2C,0.637518,3.934358,5.793020416242171,-1.4576787602655956,0.542299603914373,-0.32291898568807337
E2C,1.965783,4.964611,6.259680357402839,-0.6248172040017305,0.542299603914373,-0.32291898568807337
E2C,3.449161,7.794338,5.80871942479423,-0.7040843746575745,0.542299603914373,-0.32291898568807337
E2C,7.518424,2.631788,6.2397668336297585,-0.7142035383900192,0.542299603914373,-0.32291898568807337
E2C,5.327337,0.042809,7.1819873543715085,-0.675604068381004,0.542299603914373,-0.32291898568807337
E2C,10.320159,-2.481744,6.210980126876996,-0.630033743122842,0.542299603914373,-0.32291898568807337
E2C,1.817065,-1.980801,5.901690373190495,-0.6820806803173518,0.542299603914373,-0.32291898568807337
E2C,7.470723,1.306222,6.371901360387275,-0.6382882840510805,0.542299603914373,-0.32291898568807337
E2C,4.874231,0.503622,6.254441307743152,-0.6425240935629742,0.542299603914373,-0.32291898568807337
E2C,7.658339,-1.86312,7.877119177699569,-0.622493498976622,0.542299603914373,-0.32291898568807337
E2C,7.53208,-4.679941,6.861395911952374,-0.6282024337794684,0.542299603914373,-0.32291898568807337
E2C,-1.744844,-2.148655,6.7011657806764875,-0.6184275230992502,0.542299603914373,-0.32291898568807337
E2C,2.345173,-0.057217,7.9368365522264295,-0.6302964873532186,0.542299603914373,-0.32291898568807337
E2C,2.401214,-1.165387,7.633642330253274,-0.6285747519116223,0.542299603914373,-0.32291898568807337
E2C,5.168382,-1.633672,7.9368365522264295,-0.6302964873532186,0.542299603914373,-0.32291898568807337
E2C,4.315994,-1.094575,6.3861848239535375,-0.6304565788706353,0.542299603914373,-0.32291898568807337
E2C,1.984466,1.280175,6.217749868173606,-0.6031468465669716,0.542299603914373,-0.32291898568807337
E2C,0.901883,1.363433,6.198559334407057,-0.6379040796018237,0.542299603914373,-0.32291898568807337
E2C,5.321177,0.411494,6.746565485740221,-0.7280224179668054,0.542299603914373,-0.32291898568807337
E2C,5.025194,0.986242,7.2088477825231365,-0.7387053077196964,0.542299603914373,-0.32291898568807337
E2C,0.534184,2.098482,6.5574036119807735,-0.6184275230992502,0.542299603914373,-0.32291898568807337
E2C,6.97989,2.148659,7.427719894986769,-0.6385993031496117,0.542299603914373,-0.32291898568807337
E2C,5.694302,5.223538,5.962991745385808,-0.633957407433104,0.542299603914373,-0.32291898568807337
E2C,4.764337,4.193192,6.119202729487909,-0.625564647379107,0.542299603914373,-0.32291898568807337
E2C,-0.382477,-3.285704,6.68177926862305,-0.6337805127015974,0.542299603914373,-0.32291898568807337
E2C,1.565681,-2.33499,7.9368365522264295,-0.6348400487446093,0.542299603914373,-0.32291898568807337
E2C,5.472869,1.385191,6.540097484629517,-0.615516466214182,0.542299603914373,-0.32291898568807337
E2C,6.144633,4.617778,6.445352081520089,-0.6326697620278217,0.542299603914373,-0.32291898568807337
E2C,4.326442,1.672956,7.9368365522264295,-0.6302964873532186,0.542299603914373,-0.32291898568807337
E2C,6.519407,4.295315,6.861395911952374,-0.6282024337794684,0.542299603914373,-0.32291898568807337
E2C,-0.873157,3.584079,6.683859653325231,-0.615516466214182,0.542299603914373,-0.32291898568807337
E2C,0.07962,1.577141,6.740339995305911,-0.6288885812100692,0.542299603914373,-0.32291898568807337
E2C,6.359938,0.219083,6.267773052045834,-0.6267303388956436,0.542299603914373,-0.32291898568807337
E2C,5.10779,-0.223878,5.902201893877676,-0.6249001556553702,0.542299603914373,-0.32291898568807337
E2C,6.529494,3.61388,6.611811855348743,-0.6341313335089772,0.542299603914373,-0.32291898568807337
E2C,7.518367,7.029529,6.461257129212215,-0.6167057876576537,0.542299603914373,-0.32291898568807337
E2C,7.088949,-2.511938,6.740339995305911,-0.6288885812100692,0.542299603914373,-0.32291898568807337
E2C,2.774681,-3.519218,6.612869511634325,-0.6295850404858593,0.542299603914373,-0.32291898568807337
E2C,6.685666,-4.799725,7.175773584647109,-0.6846623985623007,0.542299603914373,-0.32291898568807337
E2C,5.007538,-0.474956,6.51262526781049,-0.6874743736400264,0.542299603914373,-0.32291898568807337
E2C,3.052471,-2.217765,6.740339995305911,-0.6288885812100692,0.542299603914373,-0.32291898568807337
E2C,0.322319,-1.952477,7.484151464142501,-0.6715557661818836,0.542299603914373,-0.32291898568807337
E2C,4.979571,-2.884324,6.020013834056104,-0.640972577824215,0.542299603914373,-0.32291898568807337
E2C,0.281761,-7.263196,7.0145526954937125,-0.7332152656122951,0.542299603914373,-0.32291898568807337
E2C,1.21086,-5.005005,6.47373478660186,-0.6481600934782619,0.542299603914373,-0.32291898568807337
E2C,3.207836,-10.932691,6.343572371796487,-0.6835148114107571,0.542299603914373,-0.32291898568807337
E2C,5.398952,-7.0043,5.597714601280273,-0.7254777175822753,0.542299603914373,-0.32291898568807337
E2C,1.820383,-1.634973,6.177627695212333,-0.6132815303574077,0.542299603914373,-0.32291898568807337
E2C,-0.817709,0.265912,5.31689643343675,-0.7800933699271161,0.542299603914373,-0.32291898568807337
E2C,-1.281446,-2.331002,6.045884209142895,-0.6316459003141071,0.542299603914373,-0.32291898568807337
E2C,-0.35389,-4.40349,5.968059335020358,-0.7115208422796797,0.542299603914373,-0.32291898568807337
E2C,1.489955,-1.672184,6.767540674056722,-0.6341313335089772,0.542299603914373,-0.32291898568807337
E2C,2.822285,-9.080459,6.985581055966787,-0.9436155381713112,0.542299603914373,-0.32291898568807337
E2C,3.79496,-2.605572,7.631635580524648,-0.6367357379051934,0.542299603914373,-0.32291898568807337
E2C,0.996274,-3.653515,6.097562203587897,-0.6092280995019717,0.542299603914373,-0.32291898568807337
E2C,3.517193,0.300961,7.427719894986769,-0.6385993031496117,0.542299603914373,-0.32291898568807337
E2C,5.230732,-4.159741,7.368541034083263,-0.6385993031496117,0.542299603914373,-0.32291898568807337
E2C,3.428798,-4.616404,7.802431161615354,-0.622493498976622,0.542299603914373,-0.32291898568807337
E2C,2.726644,-4.085764,6.861395911952374,-0.6282024337794684,0.542299603914373,-0.32291898568807337
E2C,6.193318,-0.5417,7.802431161615354,-0.622493498976622,0.542299603914373,-0.32291898568807337
E2C,6.538245,-3.306911,5.962991745385808,-0.633957407433104,0.542299603914373,-0.32291898568807337
E2C,4.692844,-3.962039,7.427719894986769,-0.6385993031496117,0.542299603914373,-0.32291898568807337
E2C,5.835091,-3.367788,7.9368365522264295,-0.6302964873532186,0.542299603914373,-0.32291898568807337
E2C,1.004264,-2.459655,6.83332159622906,-0.6618706671537944,0.542299603914373,-0.32291898568807337
E2C,1.329038,-3.192289,7.0858981379296715,-0.6218720812004968,0.542299603914373,-0.32291898568807337
E2C,2.770519,-1.967497,6.2994488551251875,-0.6202481828566897,0.542299603914373,-0.32291898568807337
E2C,0.697588,2.993388,6.264270289741378,-0.6255292020126874,0.542299603914373,-0.32291898568807337
E2C,4.191455,0.039774,7.9368365522264295,-0.6302964873532186,0.542299603914373,-0.32291898568807337
E2C,2.315347,-1.83026,7.9368365522264295,-0.6316052240674207,0.542299603914373,-0.32291898568807337
E2C,5.75269,1.670809,6.2134979112224835,-0.6309480265862252,0.542299603914373,-0.32291898568807337
E2C,4.483114,4.934536,7.9368365522264295,-0.6302964873532186,0.542299603914373,-0.32291898568807337
E2C,2.690315,-8.269383,6.07418870155789,-0.627876154498104,0.542299603914373,-0.32291898568807337
E2C,2.635088,-6.859892,7.770105987875107,-0.6273854304681504,0.542299603914373,-0.32291898568807337
E2C,1.2146,-5.607951,6.597822236166845,-0.6402125864439773,0.542299603914373,-0.32291898568807337
E2C,3.508443,0.814895,5.547397412539704,-0.6762908094504447,0.542299603914373,-0.32291898568807337
E2C,-3.529616,0.664111,6.109336898227871,-0.6304565788706353,0.542299603914373,-0.32291898568807337
E2C,-0.011939,-8.273548,5.12106210062044,-0.6763055670548782,0.542299603914373,-0.32291898568807337
E2C,5.111207,-9.343237,6.093581303898792,-0.7313460110584151,0.542299603914373,-0.32291898568807337
E2C,3.700608,3.750786,6.187740961336963,-0.644474546681725,0.542299603914373,-0.32291898568807337
E2C,3.729905,2.454372,7.069015833700134,-0.6256619773069027,0.542299603914373,-0.32291898568807337
E2C,0.713006,0.97224,6.59940155974231,-0.708560416578888,0.542299603914373,-0.32291898568807337
E2C,1.90182,-9.463958,7.203601022720024,-0.6015157207239856,0.542299603914373,-0.32291898568807337
E2C,7.28249,1.595861,5.353777600207268,-0.7196419312239475,0.542299603914373,-0.32291898568807337
E2C,1.382616,4.071008,6.584063025098461,-0.9953184198673326,0.542299603914373,-0.32291898568807337
E2C,4.102186,-0.781173,6.097562203587897,-0.6092280995019717,0.542299603914373,-0.32291898568807337
E2C,0.120464,4.119726,6.243079233700569,-0.6292501941756439,0.542299603914373,-0.32291898568807337
E2C,1.940592,-0.838092,7.385677857484231,-0.6370090786021865,0.542299603914373,-0.32291898568807337
E2C,9.49959,-2.524849,7.0079867628675565,-0.6537612913676207,0.542299603914373,-0.32291898568807337
E2C,2.814572,6.847821,6.575885649855518,-0.625564647379107,0.542299603914373,-0.32291898568807337
E2C,4.056522,0.415707,7.6810228530700275,-0.6490822876731808,0.542299603914373,-0.32291898568807337
E2C,4.306262,-0.502454,6.589834825692003,-0.7326415383525273,0.542299603914373,-0.32291898568807337
E2C,2.954475,1.683209,6.3861848239535375,-0.6304565788706353,0.542299603914373,-0.32291898568807337
E2C,5.758626,-0.327483,7.286018836413291,-0.6397451187520723,0.542299603914373,-0.32291898568807337
E2C,1.79935,4.494022,6.466101797361272,-0.7483027315588765,0.542299603914373,-0.32291898568807337
E2C,1.727786,3.605109,6.746137385577454,-1.5843871992690166,0.542299603914373,-0.32291898568807337
E2C,2.642715,0.830139,6.400552296635342,-0.7258079429419186,0.542299603914373,-0.32291898568807337
E2C,-0.492715,-2.375396,6.658941625811773,-0.6265159492212992,0.542299603914373,-0.32291898568807337
E2C,0.179043,0.857192,7.377135932538299,-0.6321171471106581,0.542299603914373,-0.32291898568807337
E2C,4.639828,3.12867,7.244560585654772,-0.6435148645680755,0.542299603914373,-0.32291898568807337
E2C,-4.33893,0.151575,7.061412693448363,-0.688882192161571,0.542299603914373,-0.32291898568807337
E2C,3.910334,1.261068,6.177627695212333,-0.6132815303574077,0.542299603914373,-0.32291898568807337
E2C,4.392388,3.131436,7.244560585654772,-0.6435148645680755,0.542299603914373,-0.32291898568807337
E2C,1.249439,-0.207616,7.398497180207043,-0.6423255431246037,0.542299603914373,-0.32291898568807337
E2C,5.663131,0.079716,7.161716714567321,-0.772442811600845,0.542299603914373,-0.32291898568807337
E2C,0.854883,6.266095,6.872884475625906,-0.7187475138690993,0.542299603914373,-0.32291898568807337
E2C,6.168564,3.321666,6.417871358213071,-0.6835148114107571,0.542299603914373,-0.32291898568807337
E2C,3.646073,4.311944,6.217749868173606,-0.6031468465669716,0.542299603914373,-0.32291898568807337
E2C,9.7049,-2.893583,5.559847021025878,-0.6691474327646071,0.542299603914373,-0.32291898568807337
E2C,3.921106,6.138156,5.735638051999351,-0.7445570871376785,0.542299603914373,-0.32291898568807337
E2C,6.662763,1.295891,5.849830892718151,-0.7040843746575745,0.542299603914373,-0.32291898568807337
E2C,1.981475,6.582184,5.766036311883336,-0.6948856936205386,0.542299603914373,-0.32291898568807337
E2C,1.64021,2.527346,7.01693106026223,-0.6143868080649443,0.542299603914373,-0.32291898568807337
E2C,6.014198,2.682972,6.852432238986093,-0.7091675735977503,0.542299603914373,-0.32291898568807337
E2C,7.991581,-0.341553,5.393140866348799,-0.7234051874349041,0.542299603914373,-0.32291898568807337
E2C,9.765277,-2.394702,4.660009978827209,-0.7429704653919912,0.542299603914373,-0.32291898568807337
E2C,6.383156,5.508456,6.720225806492012,-0.6971594726681154,0.542299603914373,-0.32291898568807337
E2C,6.090905,1.941977,4.63348456520699,-0.7533791566629051,0.542299603914373,-0.32291898568807337
E2C,1.525106,-4.777134,5.37348061263766,-0.7229139178703399,0.542299603914373,-0.32291898568807337
E2C,12.322912,-0.083079,4.990890358206188,-0.7329240455648512,0.542299603914373,-0.32291898568807337
E2C,2.048261,2.604835,7.150131090878459,-0.7030863206627502,0.542299603914373,-0.32291898568807337
E2C,8.98398,4.379825,7.554671943625622,-0.6367357379051934,0.542299603914373,-0.32291898568807337
E2C,9.946845,-1.177127,7.359245953515521,-0.6374336116330753,0.542299603914373,-0.32291898568807337
E2C,0.328092,-0.032977,7.286018836413291,-0.6397451187520723,0.542299603914373,-0.32291898568807337
E2C,2.376487,0.499109,7.127455713978822,-0.6590777558900379,0.542299603914373,-0.32291898568807337
E2C,11.539747,3.789493,6.421487555020369,-0.6986406470680567,0.542299603914373,-0.32291898568807337
E2C,1.75092,-0.860901,6.126643025579128,-0.6333676357557035,0.542299603914373,-0.32291898568807337
E2C,12.968254,1.532538,6.129541890387292,-0.6263294357916899,0.542299603914373,-0.32291898568807337
E2C,6.770093,-4.4473,5.425792444018855,-0.7503306582032095,0.542299603914373,-0.32291898568807337
E2C,4.497752,-5.993661,7.018700921871985,-0.9644761334810755,0.542299603914373,-0.32291898568807337
E2C,3.99791,2.338831,7.127455713978822,-0.6590777558900379,0.542299603914373,-0.32291898568807337
E2C,4.540256,4.897834,7.6689990949011175,-0.622493498976622,0.542299603914373,-0.32291898568807337
E2C,7.303821,3.313574,7.0858981379296715,-0.6218720812004968,0.542299603914373,-0.32291898568807337
E2C,14.103827,0.095719,6.100902658537657,-0.6267303388956436,0.542299603914373,-0.32291898568807337
E2C,1.303312,-2.119311,6.100902658537657,-0.6267303388956436,0.542299603914373,-0.32291898568807337
E2C,5.545547,0.476997,6.07418870155789,-0.627876154498104,0.542299603914373,-0.32291898568807337
E2C,13.689852,-3.720629,5.468763295084022,-0.6709743449280274,0.542299603914373,-0.32291898568807337
E2C,7.092892,4.251873,6.6848334904522435,-0.6591146348341165,0.542299603914373,-0.32291898568807337
E2C,7.01542,-3.244476,6.562862376584498,-0.6557754777659398,0.542299603914373,-0.32291898568807337
E2C,1.763888,2.620841,7.802431161615354,-0.622493498976622,0.542299603914373,-0.32291898568807337
E2C,0.699551,2.837013,6.210052948513913,-0.6383619192664424,0.542299603914373,-0.32291898568807337
E2C,2.215792,0.60861,6.546828750319352,-0.6333676357557035,0.542299603914373,-0.32291898568807337
E2C,4.00289,4.626713,6.4545743294004065,-0.7056660265134738,0.542299603914373,-0.32291898568807337
E2C,2.467381,1.922699,6.210052948513913,-0.6415967439436311,0.542299603914373,-0.32291898568807337
E2C,4.152667,4.227621,6.5064986950424935,-0.7312519595653659,0.542299603914373,-0.32291898568807337
E2C,6.026752,0.706632,6.721145221085147,-0.6419343218855738,0.542299603914373,-0.32291898568807337
E2C,1.36217,5.333439,6.285179582731068,-0.6280511712332864,0.542299603914373,-0.32291898568807337
E2C,3.169505,3.59093,6.708886441881414,-0.7181453271849487,0.542299603914373,-0.32291898568807337
E2C,5.738179,7.341805,6.771756061818346,-0.6341313335089772,0.542299603914373,-0.32291898568807337
E2C,0.137033,1.64088,5.9612494549694555,-0.6157779421346232,0.542299603914373,-0.32291898568807337
E2C,-0.515837,-4.316243,6.583615264037918,-0.6325972021562992,0.542299603914373,-0.32291898568807337
E2C,2.523452,-1.384341,6.243079233700569,-0.6292501941756439,0.542299603914373,-0.32291898568807337
E2C,3.645442,0.762537,6.926367195552354,-0.6887107007614213,0.542299603914373,-0.32291898568807337
E2C,4.995187,2.461285,6.870013757678677,-0.7003954370891606,0.542299603914373,-0.32291898568807337
E2C,-3.437622,-7.455673,7.277032530713921,-0.6715557661818836,0.542299603914373,-0.32291898568807337
E2C,9.76942,1.79073,6.496744083631047,-1.4820956912298628,0.542299603914373,-0.32291898568807337
E2C,1.259234,-5.197478,6.227505802512949,-0.6144708518008795,0.542299603914373,-0.32291898568807337
E2C,6.976768,-0.775549,5.477109901063198,-0.7400913474306315,0.542299603914373,-0.32291898568807337
E2C,2.621577,2.940903,6.739248803404032,-0.6841868617495351,0.542299603914373,-0.32291898568807337
E2C,6.804369,2.951025,5.8737724261374415,-0.7536684377113763,0.542299603914373,-0.32291898568807337
E2C,3.997836,9.605147,6.099362959978561,-0.5795460349722483,0.542299603914373,-0.32291898568807337
E2C,4.299842,6.842353,6.1201375631824195,-0.6379111971470942,0.542299603914373,-0.32291898568807337
E2C,6.586467,3.956688,6.232034839293494,-0.6083895988658795,0.542299603914373,-0.32291898568807337
E2C,2.87946,2.167387,7.802431161615354,-0.622493498976622,0.542299603914373,-0.32291898568807337
E2C,3.456498,1.230804,6.597822236166845,-0.6402125864439773,0.542299603914373,-0.32291898568807337
E2C,3.355016,5.16546,6.130484093997927,-0.627876154498104,0.542299603914373,-0.32291898568807337
E2C,3.765536,3.948043,6.673649060915127,-0.7135020694695778,0.542299603914373,-0.32291898568807337
E2C,4.469685,1.062157,7.9368365522264295,-0.6302964873532186,0.542299603914373,-0.32291898568807337
E2C,2.52327,1.863745,6.5574036119807735,-0.6197362598134524,0.542299603914373,-0.32291898568807337
E2C,4.556479,-0.360273,7.6810228530700275,-0.6490822876731808,0.542299603914373,-0.32291898568807337
E2C,8.957938,6.881528,7.633642330253274,-0.6285747519116223,0.542299603914373,-0.32291898568807337
E2C,7.80003,6.009115,6.767540674056722,-0.6341313335089772,0.542299603914373,-0.32291898568807337
E2C,6.744573,3.992435,6.501638650291839,-0.616991690136142,0.542299603914373,-0.32291898568807337
E2C,8.066418,8.829211,6.9735125848146176,-0.7022444931611457,0.542299603914373,-0.32291898568807337
E2C,3.834391,3.83255,7.793074383530711,-0.6302964873532186,0.542299603914373,-0.32291898568807337
E2C,6.051595,6.598649,6.194933822563589,-0.6161925872424759,0.542299603914373,-0.32291898568807337
E2C,7.541475,1.893813,6.1201375631824195,-0.6379111971470942,0.542299603914373,-0.32291898568807337
E2C,4.963331,1.704078,6.5152641486128315,-0.7019543713619023,0.542299603914373,-0.32291898568807337
E2C,-0.194006,-1.276032,6.1201375631824195,-0.6396968101768453,0.542299603914373,-0.32291898568807337
E2C,1.080483,-1.392415,6.1201375631824195,-0.6379111971470942,0.542299603914373,-0.32291898568807337
E2C,1.826396,2.583837,6.852432238986093,-0.7091675735977503,0.542299603914373,-0.32291898568807337
E2C,1.048666,2.728069,6.551208455983138,-0.6925593941330564,0.542299603914373,-0.32291898568807337
E2C,7.915482,-0.259137,6.580337295561209,-0.7297304814674591,0.542299603914373,-0.32291898568807337
E2C,3.693623,-3.258413,6.450966155037269,-0.6379265940773586,0.542299603914373,-0.32291898568807337
E2C,7.654974,-0.679783,6.509332972708031,-0.6199027470212102,0.542299603914373,-0.32291898568807337
E2C,4.675815,4.533027,6.651638526956586,-0.6813931207050261,0.542299603914373,-0.32291898568807337
E2C,1.44214,-0.609124,6.177627695212333,-0.6132815303574077,0.542299603914373,-0.32291898568807337
E2C,2.253875,0.137672,6.197518807554794,-0.686965140313156,0.542299603914373,-0.32291898568807337
E2C,3.631182,-4.080869,6.574899900522001,-0.6972482126379665,0.542299603914373,-0.32291898568807337
E2C,-2.021566,-3.71805,6.528538415317047,-0.6470771998781754,0.542299603914373,-0.32291898568807337
E2C,-1.033956,-3.862933,6.4213110838378,-0.625564647379107,0.542299603914373,-0.32291898568807337
E2C,-0.399167,-5.494795,6.285179582731068,-0.6293599079474884,0.542299603914373,-0.32291898568807337
E2C,2.1326,-0.391267,7.421465575862647,-0.6452366000096719,0.542299603914373,-0.32291898568807337
E2C,0.533011,-5.190087,6.146619997398481,-0.625564647379107,0.542299603914373,-0.32291898568807337
E2C,1.505136,-2.454362,5.972502605526372,-0.6472087916360697,0.542299603914373,-0.32291898568807337
E2C,2.667304,-2.653718,6.583615264037918,-0.6325972021562992,0.542299603914373,-0.32291898568807337
E2C,-1.793557,-1.197162,6.482298562098392,-0.7197266900069184,0.542299603914373,-0.32291898568807337
E2C,-2.762092,-7.0249,6.702719697751762,-0.6679519200887944,0.542299603914373,-0.32291898568807337
E2C,1.115586,-2.968201,6.875573484715711,-0.743903737140391,0.542299603914373,-0.32291898568807337
E2C,4.546711,-1.107562,6.396686020139057,-0.737053115986606,0.542299603914373,-0.32291898568807337
E2C,4.174677,-1.979563,6.5938910743847945,-0.7117295060141342,0.542299603914373,-0.32291898568807337
E2C,2.778456,-2.782753,6.517583154217212,-0.708560416578888,0.542299603914373,-0.32291898568807337
E2C,1.87223,1.007448,6.379855724619985,-0.625564647379107,0.542299603914373,-0.32291898568807337
E2C,3.408661,-1.914122,6.267873455379813,-0.6251401143482181,0.542299603914373,-0.32291898568807337
E2C,4.826495,-2.161355,7.877119177699569,-0.622493498976622,0.542299603914373,-0.32291898568807337
E2C,-2.937327,1.624172,7.913868156570825,-0.6273854304681504,0.542299603914373,-0.32291898568807337
E2C,4.752245,0.153311,7.913868156570825,-0.6273854304681504,0.542299603914373,-0.32291898568807337
E2C,1.365316,2.520496,7.633642330253274,-0.6285747519116223,0.542299603914373,-0.32291898568807337
E2C,4.381295,-0.316927,7.6810228530700275,-0.6445387262817901,0.542299603914373,-0.32291898568807337
E2C,5.541687,-0.069713,6.1201375631824195,-0.6333676357557035,0.542299603914373,-0.32291898568807337
E2C,6.624364,-3.211303,7.363536258047452,-0.6488568438428709,0.542299603914373,-0.32291898568807337
E2C,4.414091,5.429539,7.363536258047452,-0.6475481071286688,0.542299603914373,-0.32291898568807337
E2C,7.979934,5.284635,6.243079233700569,-0.6292501941756439,0.542299603914373,-0.32291898568807337
E2C,5.396866,-1.590724,6.546828750319352,-0.6346763724699056,0.542299603914373,-0.32291898568807337
E2C,5.385629,-0.45159,7.408646253139835,-0.6444636968786454,0.542299603914373,-0.32291898568807337
E2C,1.478752,0.80636,6.403490951304793,-0.6333676357557035,0.542299603914373,-0.32291898568807337
E2C,7.306102,1.728474,7.363536258047452,-0.6520916685200595,0.542299603914373,-0.32291898568807337
E2C,3.182892,2.585617,6.195072768100105,-0.6341421256671722,0.542299603914373,-0.32291898568807337
E2C,0.763078,11.137794,6.2473294455146,-0.6292501941756439,0.542299603914373,-0.32291898568807337
E2C,2.08152,2.33508,6.285179582731068,-0.6293599079474884,0.542299603914373,-0.32291898568807337
E2C,0.237251,0.552548,6.623648176713766,-0.7022482291857132,0.542299603914373,-0.32291898568807337
E2C,-0.454494,2.511308,6.046785729008629,-0.6107853050043427,0.542299603914373,-0.32291898568807337
E2C,-1.471186,-1.494351,7.182968332536337,-0.6381984000456583,0.542299603914373,-0.32291898568807337
E2C,1.426209,-4.526009,6.187050644305288,-0.6472087916360697,0.542299603914373,-0.32291898568807337
E2C,0.109764,-1.616822,5.754432111149385,-0.6891999858584534,0.542299603914373,-0.32291898568807337
E2C,4.254564,-4.19409,5.885113976726646,-0.6519574322248335,0.542299603914373,-0.32291898568807337
E2C,8.180692,-1.189331,6.792278940133655,-1.5667311913173612,0.542299603914373,-0.32291898568807337
E2C,2.788893,-7.091784,7.114643335913362,-0.5991829258964932,0.542299603914373,-0.32291898568807337
E2C,5.577022,-2.884468,7.0707655348179435,-1.1006951582338165,0.542299603914373,-0.32291898568807337
E2C,6.850715,3.774387,5.088107736932406,-1.5903578188934804,0.542299603914373,-0.32291898568807337
E2C,8.960189,1.088441,6.2473294455146,-0.6292501941756439,0.542299603914373,-0.32291898568807337
E2C,7.094416,4.374567,7.877119177699569,-0.622493498976622,0.542299603914373,-0.32291898568807337
E2C,7.024178,6.186728,7.793074383530711,-0.6302964873532186,0.542299603914373,-0.32291898568807337
E2C,4.877043,1.987979,6.285179582731068,-0.6280511712332864,0.542299603914373,-0.32291898568807337
E2C,7.692,2.655503,6.611089599958194,-0.6341313335089772,0.542299603914373,-0.32291898568807337
E2C,3.4444,3.597781,7.9368365522264295,-0.6316052240674207,0.542299603914373,-0.32291898568807337
E2C,3.354065,3.044777,7.9368365522264295,-0.6316052240674207,0.542299603914373,-0.32291898568807337
E2C,-2.200948,3.614167,7.9368365522264295,-0.6316052240674207,0.542299603914373,-0.32291898568807337
E2C,3.324932,0.423401,7.421465575862647,-0.6465453367238739,0.542299603914373,-0.32291898568807337
